Year,Pollutant,Region,GNFR,SNAP,EMEP_Sector,sec_long,long_name,Data_source,ISO,layer_name,t1,ann_emis_kt
2015,voc,eu,A_PublicPower,1,1,sec01,PublicPower,EMEP_processed,AL,voc_AL_sector=1,88.16,0.08816
2015,voc,eu,B_Industry,3,2,sec02,Industry,EMEP_processed,AL,voc_AL_sector=2,1560.85,1.56085
2015,voc,eu,C_OtherStationaryComb,2,3,sec03,OtherStationaryComb,EMEP_processed,AL,voc_AL_sector=3,11374.18,11.37418
2015,voc,eu,D_Fugitive,5,4,sec04,Fugitive,EMEP_processed,AL,voc_AL_sector=4,568.76,0.56876
2015,voc,eu,E_Solvents,6,5,sec05,Solvents,EMEP_processed,AL,voc_AL_sector=5,10456.52,10.45652
2015,voc,eu,F_RoadTransport,7,6,sec06,RoadTransport,EMEP_processed,AL,voc_AL_sector=6,2613.36,2.61336
2015,voc,eu,G_Shipping,8,7,sec07,Shipping,EMEP_processed,AL,voc_AL_sector=7,402.12,0.40212
2015,voc,eu,H_Aviation,8,8,sec08,Aviation,EMEP_processed,AL,voc_AL_sector=8,3.44,0.00344
2015,voc,eu,I_Offroad,8,9,sec09,Offroad,EMEP_processed,AL,voc_AL_sector=9,445.52,0.44552
2015,voc,eu,J_Waste,9,10,sec10,Waste,EMEP_processed,AL,voc_AL_sector=10,1356.38,1.35638
2015,voc,eu,K_AgriLivestock,10,11,sec11,AgriLivestock,EMEP_processed,AL,voc_AL_sector=11,6635.24999999999,6.63524999999999
2015,voc,eu,L_AgriOther,10,12,sec12,AgriOther,EMEP_processed,AL,voc_AL_sector=12,1240.62,1.24062
2015,voc,eu,M_Other,11,13,sec13,Other,EMEP_processed,AL,voc_AL_sector=13,0,0
2015,voc,eu,A_PublicPower,1,1,sec01,PublicPower,EMEP_processed,AM,voc_AM_sector=1,714.13,0.71413
2015,voc,eu,B_Industry,3,2,sec02,Industry,EMEP_processed,AM,voc_AM_sector=2,8.99000000000001,0.00899000000000001
2015,voc,eu,C_OtherStationaryComb,2,3,sec03,OtherStationaryComb,EMEP_processed,AM,voc_AM_sector=3,12233.49,12.23349
2015,voc,eu,D_Fugitive,5,4,sec04,Fugitive,EMEP_processed,AM,voc_AM_sector=4,470.36,0.47036
2015,voc,eu,E_Solvents,6,5,sec05,Solvents,EMEP_processed,AM,voc_AM_sector=5,10355.65,10.35565
2015,voc,eu,F_RoadTransport,7,6,sec06,RoadTransport,EMEP_processed,AM,voc_AM_sector=6,15989.11,15.98911
2015,voc,eu,G_Shipping,8,7,sec07,Shipping,EMEP_processed,AM,voc_AM_sector=7,0,0
2015,voc,eu,H_Aviation,8,8,sec08,Aviation,EMEP_processed,AM,voc_AM_sector=8,53.32,0.05332
2015,voc,eu,I_Offroad,8,9,sec09,Offroad,EMEP_processed,AM,voc_AM_sector=9,182.86,0.18286
2015,voc,eu,J_Waste,9,10,sec10,Waste,EMEP_processed,AM,voc_AM_sector=10,634.75,0.63475
2015,voc,eu,K_AgriLivestock,10,11,sec11,AgriLivestock,EMEP_processed,AM,voc_AM_sector=11,4425.15,4.42515
2015,voc,eu,L_AgriOther,10,12,sec12,AgriOther,EMEP_processed,AM,voc_AM_sector=12,2682.54,2.68254
2015,voc,eu,M_Other,11,13,sec13,Other,EMEP_processed,AM,voc_AM_sector=13,0,0
2015,voc,eu,A_PublicPower,1,1,sec01,PublicPower,EMEP_processed,AST,voc_AST_sector=1,36282.4991188871,36.2824991188871
2015,voc,eu,B_Industry,3,2,sec02,Industry,EMEP_processed,AST,voc_AST_sector=2,216251.205375672,216.251205375672
2015,voc,eu,C_OtherStationaryComb,2,3,sec03,OtherStationaryComb,EMEP_processed,AST,voc_AST_sector=3,1169087.62774995,1169.08762774995
2015,voc,eu,D_Fugitive,5,4,sec04,Fugitive,EMEP_processed,AST,voc_AST_sector=4,1238511.774541,1238.511774541
2015,voc,eu,E_Solvents,6,5,sec05,Solvents,EMEP_processed,AST,voc_AST_sector=5,1098439.54663726,1098.43954663726
2015,voc,eu,F_RoadTransport,7,6,sec06,RoadTransport,EMEP_processed,AST,voc_AST_sector=6,440599.991528624,440.599991528624
2015,voc,eu,G_Shipping,8,7,sec07,Shipping,EMEP_processed,AST,voc_AST_sector=7,531.492469000078,0.531492469000078
2015,voc,eu,H_Aviation,8,8,sec08,Aviation,EMEP_processed,AST,voc_AST_sector=8,130.395587773772,0.130395587773772
2015,voc,eu,I_Offroad,8,9,sec09,Offroad,EMEP_processed,AST,voc_AST_sector=9,10774.0460341455,10.7740460341455
2015,voc,eu,J_Waste,9,10,sec10,Waste,EMEP_processed,AST,voc_AST_sector=10,62845.7654488405,62.8457654488405
2015,voc,eu,K_AgriLivestock,10,11,sec11,AgriLivestock,EMEP_processed,AST,voc_AST_sector=11,272039.595842172,272.039595842172
2015,voc,eu,L_AgriOther,10,12,sec12,AgriOther,EMEP_processed,AST,voc_AST_sector=12,215270.662861222,215.270662861222
2015,voc,eu,M_Other,11,13,sec13,Other,EMEP_processed,AST,voc_AST_sector=13,0,0
2015,voc,eu,A_PublicPower,1,1,sec01,PublicPower,EMEP_processed,AT,voc_AT_sector=1,342.281368866091,0.342281368866091
2015,voc,eu,B_Industry,3,2,sec02,Industry,EMEP_processed,AT,voc_AT_sector=2,5026.78923742217,5.02678923742217
2015,voc,eu,C_OtherStationaryComb,2,3,sec03,OtherStationaryComb,EMEP_processed,AT,voc_AT_sector=3,26362.5199246231,26.3625199246231
2015,voc,eu,D_Fugitive,5,4,sec04,Fugitive,EMEP_processed,AT,voc_AT_sector=4,2484.88364233714,2.48488364233714
2015,voc,eu,E_Solvents,6,5,sec05,Solvents,EMEP_processed,AT,voc_AT_sector=5,32727.2050196035,32.7272050196035
2015,voc,eu,F_RoadTransport,7,6,sec06,RoadTransport,EMEP_processed,AT,voc_AT_sector=6,6357.41461726626,6.35741461726626
2015,voc,eu,G_Shipping,8,7,sec07,Shipping,EMEP_processed,AT,voc_AT_sector=7,615.509853326023,0.615509853326023
2015,voc,eu,H_Aviation,8,8,sec08,Aviation,EMEP_processed,AT,voc_AT_sector=8,522.429764987472,0.522429764987472
2015,voc,eu,I_Offroad,8,9,sec09,Offroad,EMEP_processed,AT,voc_AT_sector=9,3268.86449543039,3.26886449543039
2015,voc,eu,J_Waste,9,10,sec10,Waste,EMEP_processed,AT,voc_AT_sector=10,71.1633632820191,0.0711633632820191
2015,voc,eu,K_AgriLivestock,10,11,sec11,AgriLivestock,EMEP_processed,AT,voc_AT_sector=11,24244.0037140233,24.2440037140233
2015,voc,eu,L_AgriOther,10,12,sec12,AgriOther,EMEP_processed,AT,voc_AT_sector=12,9657.57539856187,9.65757539856186
2015,voc,eu,M_Other,11,13,sec13,Other,EMEP_processed,AT,voc_AT_sector=13,0,0
2015,voc,eu,A_PublicPower,1,1,sec01,PublicPower,EMEP_processed,ATL,voc_ATL_sector=1,0,0
2015,voc,eu,B_Industry,3,2,sec02,Industry,EMEP_processed,ATL,voc_ATL_sector=2,0,0
2015,voc,eu,C_OtherStationaryComb,2,3,sec03,OtherStationaryComb,EMEP_processed,ATL,voc_ATL_sector=3,0,0
2015,voc,eu,D_Fugitive,5,4,sec04,Fugitive,EMEP_processed,ATL,voc_ATL_sector=4,0,0
2015,voc,eu,E_Solvents,6,5,sec05,Solvents,EMEP_processed,ATL,voc_ATL_sector=5,0,0
2015,voc,eu,F_RoadTransport,7,6,sec06,RoadTransport,EMEP_processed,ATL,voc_ATL_sector=6,0,0
2015,voc,eu,G_Shipping,8,7,sec07,Shipping,EMEP_processed,ATL,voc_ATL_sector=7,7014.67237955844,7.01467237955843
2015,voc,eu,H_Aviation,8,8,sec08,Aviation,EMEP_processed,ATL,voc_ATL_sector=8,0,0
2015,voc,eu,I_Offroad,8,9,sec09,Offroad,EMEP_processed,ATL,voc_ATL_sector=9,0,0
2015,voc,eu,J_Waste,9,10,sec10,Waste,EMEP_processed,ATL,voc_ATL_sector=10,0,0
2015,voc,eu,K_AgriLivestock,10,11,sec11,AgriLivestock,EMEP_processed,ATL,voc_ATL_sector=11,0,0
2015,voc,eu,L_AgriOther,10,12,sec12,AgriOther,EMEP_processed,ATL,voc_ATL_sector=12,0,0
2015,voc,eu,M_Other,11,13,sec13,Other,EMEP_processed,ATL,voc_ATL_sector=13,0,0
2015,voc,eu,A_PublicPower,1,1,sec01,PublicPower,EMEP_processed,AZ,voc_AZ_sector=1,1285.69,1.28569
2015,voc,eu,B_Industry,3,2,sec02,Industry,EMEP_processed,AZ,voc_AZ_sector=2,24389.78,24.38978
2015,voc,eu,C_OtherStationaryComb,2,3,sec03,OtherStationaryComb,EMEP_processed,AZ,voc_AZ_sector=3,3358.68,3.35868
2015,voc,eu,D_Fugitive,5,4,sec04,Fugitive,EMEP_processed,AZ,voc_AZ_sector=4,207670.6,207.6706
2015,voc,eu,E_Solvents,6,5,sec05,Solvents,EMEP_processed,AZ,voc_AZ_sector=5,28969.72,28.96972
2015,voc,eu,F_RoadTransport,7,6,sec06,RoadTransport,EMEP_processed,AZ,voc_AZ_sector=6,52628.97,52.62897
2015,voc,eu,G_Shipping,8,7,sec07,Shipping,EMEP_processed,AZ,voc_AZ_sector=7,202.35,0.20235
2015,voc,eu,H_Aviation,8,8,sec08,Aviation,EMEP_processed,AZ,voc_AZ_sector=8,250.11,0.25011
2015,voc,eu,I_Offroad,8,9,sec09,Offroad,EMEP_processed,AZ,voc_AZ_sector=9,2766.74,2.76674
2015,voc,eu,J_Waste,9,10,sec10,Waste,EMEP_processed,AZ,voc_AZ_sector=10,1428.53,1.42853
2015,voc,eu,K_AgriLivestock,10,11,sec11,AgriLivestock,EMEP_processed,AZ,voc_AZ_sector=11,22838.24,22.83824
2015,voc,eu,L_AgriOther,10,12,sec12,AgriOther,EMEP_processed,AZ,voc_AZ_sector=12,6725.30999999999,6.72530999999999
2015,voc,eu,M_Other,11,13,sec13,Other,EMEP_processed,AZ,voc_AZ_sector=13,0,0
2015,voc,eu,A_PublicPower,1,1,sec01,PublicPower,EMEP_processed,BA,voc_BA_sector=1,1091.67,1.09167
2015,voc,eu,B_Industry,3,2,sec02,Industry,EMEP_processed,BA,voc_BA_sector=2,3836.17,3.83617
2015,voc,eu,C_OtherStationaryComb,2,3,sec03,OtherStationaryComb,EMEP_processed,BA,voc_BA_sector=3,92415.71,92.41571
2015,voc,eu,D_Fugitive,5,4,sec04,Fugitive,EMEP_processed,BA,voc_BA_sector=4,885.470000000001,0.885470000000001
2015,voc,eu,E_Solvents,6,5,sec05,Solvents,EMEP_processed,BA,voc_BA_sector=5,13211.44,13.21144
2015,voc,eu,F_RoadTransport,7,6,sec06,RoadTransport,EMEP_processed,BA,voc_BA_sector=6,3896.77,3.89677
2015,voc,eu,G_Shipping,8,7,sec07,Shipping,EMEP_processed,BA,voc_BA_sector=7,0,0
2015,voc,eu,H_Aviation,8,8,sec08,Aviation,EMEP_processed,BA,voc_BA_sector=8,10.32,0.01032
2015,voc,eu,I_Offroad,8,9,sec09,Offroad,EMEP_processed,BA,voc_BA_sector=9,149.49,0.14949
2015,voc,eu,J_Waste,9,10,sec10,Waste,EMEP_processed,BA,voc_BA_sector=10,2465.4,2.4654
2015,voc,eu,K_AgriLivestock,10,11,sec11,AgriLivestock,EMEP_processed,BA,voc_BA_sector=11,8259.03,8.25903
2015,voc,eu,L_AgriOther,10,12,sec12,AgriOther,EMEP_processed,BA,voc_BA_sector=12,2979.01000000001,2.97901000000001
2015,voc,eu,M_Other,11,13,sec13,Other,EMEP_processed,BA,voc_BA_sector=13,0,0
2015,voc,eu,A_PublicPower,1,1,sec01,PublicPower,EMEP_processed,BAS,voc_BAS_sector=1,0,0
2015,voc,eu,B_Industry,3,2,sec02,Industry,EMEP_processed,BAS,voc_BAS_sector=2,0,0
2015,voc,eu,C_OtherStationaryComb,2,3,sec03,OtherStationaryComb,EMEP_processed,BAS,voc_BAS_sector=3,0,0
2015,voc,eu,D_Fugitive,5,4,sec04,Fugitive,EMEP_processed,BAS,voc_BAS_sector=4,0,0
2015,voc,eu,E_Solvents,6,5,sec05,Solvents,EMEP_processed,BAS,voc_BAS_sector=5,0,0
2015,voc,eu,F_RoadTransport,7,6,sec06,RoadTransport,EMEP_processed,BAS,voc_BAS_sector=6,0,0
2015,voc,eu,G_Shipping,8,7,sec07,Shipping,EMEP_processed,BAS,voc_BAS_sector=7,2595.62929626102,2.59562929626102
2015,voc,eu,H_Aviation,8,8,sec08,Aviation,EMEP_processed,BAS,voc_BAS_sector=8,0,0
2015,voc,eu,I_Offroad,8,9,sec09,Offroad,EMEP_processed,BAS,voc_BAS_sector=9,0,0
2015,voc,eu,J_Waste,9,10,sec10,Waste,EMEP_processed,BAS,voc_BAS_sector=10,0,0
2015,voc,eu,K_AgriLivestock,10,11,sec11,AgriLivestock,EMEP_processed,BAS,voc_BAS_sector=11,0,0
2015,voc,eu,L_AgriOther,10,12,sec12,AgriOther,EMEP_processed,BAS,voc_BAS_sector=12,0,0
2015,voc,eu,M_Other,11,13,sec13,Other,EMEP_processed,BAS,voc_BAS_sector=13,0,0
2015,voc,eu,A_PublicPower,1,1,sec01,PublicPower,EMEP_processed,BE,voc_BE_sector=1,510.155066680376,0.510155066680376
2015,voc,eu,B_Industry,3,2,sec02,Industry,EMEP_processed,BE,voc_BE_sector=2,16283.8329833624,16.2838329833624
2015,voc,eu,C_OtherStationaryComb,2,3,sec03,OtherStationaryComb,EMEP_processed,BE,voc_BE_sector=3,12300.8502111655,12.3008502111655
2015,voc,eu,D_Fugitive,5,4,sec04,Fugitive,EMEP_processed,BE,voc_BE_sector=4,6894.94553678668,6.89494553678668
2015,voc,eu,E_Solvents,6,5,sec05,Solvents,EMEP_processed,BE,voc_BE_sector=5,47320.6264022359,47.3206264022359
2015,voc,eu,F_RoadTransport,7,6,sec06,RoadTransport,EMEP_processed,BE,voc_BE_sector=6,9417.32493609529,9.41732493609529
2015,voc,eu,G_Shipping,8,7,sec07,Shipping,EMEP_processed,BE,voc_BE_sector=7,234.991953293558,0.234991953293558
2015,voc,eu,H_Aviation,8,8,sec08,Aviation,EMEP_processed,BE,voc_BE_sector=8,149.579734457452,0.149579734457452
2015,voc,eu,I_Offroad,8,9,sec09,Offroad,EMEP_processed,BE,voc_BE_sector=9,4870.0275301279,4.8700275301279
2015,voc,eu,J_Waste,9,10,sec10,Waste,EMEP_processed,BE,voc_BE_sector=10,808.40723001,0.80840723001
2015,voc,eu,K_AgriLivestock,10,11,sec11,AgriLivestock,EMEP_processed,BE,voc_BE_sector=11,42013.6931854019,42.0136931854019
2015,voc,eu,L_AgriOther,10,12,sec12,AgriOther,EMEP_processed,BE,voc_BE_sector=12,4821.2522149217,4.8212522149217
2015,voc,eu,M_Other,11,13,sec13,Other,EMEP_processed,BE,voc_BE_sector=13,0,0
2015,voc,eu,A_PublicPower,1,1,sec01,PublicPower,EMEP_processed,BG,voc_BG_sector=1,182.914194,0.182914194
2015,voc,eu,B_Industry,3,2,sec02,Industry,EMEP_processed,BG,voc_BG_sector=2,6839.3130033047,6.8393130033047
2015,voc,eu,C_OtherStationaryComb,2,3,sec03,OtherStationaryComb,EMEP_processed,BG,voc_BG_sector=3,18542.6513658368,18.5426513658368
2015,voc,eu,D_Fugitive,5,4,sec04,Fugitive,EMEP_processed,BG,voc_BG_sector=4,13348.550892,13.348550892
2015,voc,eu,E_Solvents,6,5,sec05,Solvents,EMEP_processed,BG,voc_BG_sector=5,17209.5553688035,17.2095553688035
2015,voc,eu,F_RoadTransport,7,6,sec06,RoadTransport,EMEP_processed,BG,voc_BG_sector=6,12340.4200553169,12.3404200553169
2015,voc,eu,G_Shipping,8,7,sec07,Shipping,EMEP_processed,BG,voc_BG_sector=7,36.182811801511,0.036182811801511
2015,voc,eu,H_Aviation,8,8,sec08,Aviation,EMEP_processed,BG,voc_BG_sector=8,13.7910094991455,0.0137910094991455
2015,voc,eu,I_Offroad,8,9,sec09,Offroad,EMEP_processed,BG,voc_BG_sector=9,1121.97805974281,1.12197805974281
2015,voc,eu,J_Waste,9,10,sec10,Waste,EMEP_processed,BG,voc_BG_sector=10,1030.70499553884,1.03070499553884
2015,voc,eu,K_AgriLivestock,10,11,sec11,AgriLivestock,EMEP_processed,BG,voc_BG_sector=11,9668.69786487815,9.66869786487815
2015,voc,eu,L_AgriOther,10,12,sec12,AgriOther,EMEP_processed,BG,voc_BG_sector=12,2220.56439050195,2.22056439050195
2015,voc,eu,M_Other,11,13,sec13,Other,EMEP_processed,BG,voc_BG_sector=13,0,0
2015,voc,eu,A_PublicPower,1,1,sec01,PublicPower,EMEP_processed,BLS,voc_BLS_sector=1,0,0
2015,voc,eu,B_Industry,3,2,sec02,Industry,EMEP_processed,BLS,voc_BLS_sector=2,0,0
2015,voc,eu,C_OtherStationaryComb,2,3,sec03,OtherStationaryComb,EMEP_processed,BLS,voc_BLS_sector=3,0,0
2015,voc,eu,D_Fugitive,5,4,sec04,Fugitive,EMEP_processed,BLS,voc_BLS_sector=4,0,0
2015,voc,eu,E_Solvents,6,5,sec05,Solvents,EMEP_processed,BLS,voc_BLS_sector=5,0,0
2015,voc,eu,F_RoadTransport,7,6,sec06,RoadTransport,EMEP_processed,BLS,voc_BLS_sector=6,0,0
2015,voc,eu,G_Shipping,8,7,sec07,Shipping,EMEP_processed,BLS,voc_BLS_sector=7,804.021116455396,0.804021116455396
2015,voc,eu,H_Aviation,8,8,sec08,Aviation,EMEP_processed,BLS,voc_BLS_sector=8,0,0
2015,voc,eu,I_Offroad,8,9,sec09,Offroad,EMEP_processed,BLS,voc_BLS_sector=9,0,0
2015,voc,eu,J_Waste,9,10,sec10,Waste,EMEP_processed,BLS,voc_BLS_sector=10,0,0
2015,voc,eu,K_AgriLivestock,10,11,sec11,AgriLivestock,EMEP_processed,BLS,voc_BLS_sector=11,0,0
2015,voc,eu,L_AgriOther,10,12,sec12,AgriOther,EMEP_processed,BLS,voc_BLS_sector=12,0,0
2015,voc,eu,M_Other,11,13,sec13,Other,EMEP_processed,BLS,voc_BLS_sector=13,0,0
2015,voc,eu,A_PublicPower,1,1,sec01,PublicPower,EMEP_processed,BY,voc_BY_sector=1,1772.71,1.77271
2015,voc,eu,B_Industry,3,2,sec02,Industry,EMEP_processed,BY,voc_BY_sector=2,31138.16,31.13816
2015,voc,eu,C_OtherStationaryComb,2,3,sec03,OtherStationaryComb,EMEP_processed,BY,voc_BY_sector=3,15748.27,15.74827
2015,voc,eu,D_Fugitive,5,4,sec04,Fugitive,EMEP_processed,BY,voc_BY_sector=4,25444.02,25.44402
2015,voc,eu,E_Solvents,6,5,sec05,Solvents,EMEP_processed,BY,voc_BY_sector=5,45600.7300000001,45.6007300000001
2015,voc,eu,F_RoadTransport,7,6,sec06,RoadTransport,EMEP_processed,BY,voc_BY_sector=6,39366.39,39.36639
2015,voc,eu,G_Shipping,8,7,sec07,Shipping,EMEP_processed,BY,voc_BY_sector=7,0,0
2015,voc,eu,H_Aviation,8,8,sec08,Aviation,EMEP_processed,BY,voc_BY_sector=8,227.04,0.22704
2015,voc,eu,I_Offroad,8,9,sec09,Offroad,EMEP_processed,BY,voc_BY_sector=9,6657.36000000001,6.65736000000001
2015,voc,eu,J_Waste,9,10,sec10,Waste,EMEP_processed,BY,voc_BY_sector=10,8791.34000000003,8.79134000000003
2015,voc,eu,K_AgriLivestock,10,11,sec11,AgriLivestock,EMEP_processed,BY,voc_BY_sector=11,45256.64,45.25664
2015,voc,eu,L_AgriOther,10,12,sec12,AgriOther,EMEP_processed,BY,voc_BY_sector=12,16103.68,16.10368
2015,voc,eu,M_Other,11,13,sec13,Other,EMEP_processed,BY,voc_BY_sector=13,0,0
2015,voc,eu,A_PublicPower,1,1,sec01,PublicPower,EMEP_processed,CAS,voc_CAS_sector=1,0,0
2015,voc,eu,B_Industry,3,2,sec02,Industry,EMEP_processed,CAS,voc_CAS_sector=2,0,0
2015,voc,eu,C_OtherStationaryComb,2,3,sec03,OtherStationaryComb,EMEP_processed,CAS,voc_CAS_sector=3,0,0
2015,voc,eu,D_Fugitive,5,4,sec04,Fugitive,EMEP_processed,CAS,voc_CAS_sector=4,0,0
2015,voc,eu,E_Solvents,6,5,sec05,Solvents,EMEP_processed,CAS,voc_CAS_sector=5,0,0
2015,voc,eu,F_RoadTransport,7,6,sec06,RoadTransport,EMEP_processed,CAS,voc_CAS_sector=6,0,0
2015,voc,eu,G_Shipping,8,7,sec07,Shipping,EMEP_processed,CAS,voc_CAS_sector=7,137.753275885437,0.137753275885437
2015,voc,eu,H_Aviation,8,8,sec08,Aviation,EMEP_processed,CAS,voc_CAS_sector=8,0,0
2015,voc,eu,I_Offroad,8,9,sec09,Offroad,EMEP_processed,CAS,voc_CAS_sector=9,0,0
2015,voc,eu,J_Waste,9,10,sec10,Waste,EMEP_processed,CAS,voc_CAS_sector=10,0,0
2015,voc,eu,K_AgriLivestock,10,11,sec11,AgriLivestock,EMEP_processed,CAS,voc_CAS_sector=11,0,0
2015,voc,eu,L_AgriOther,10,12,sec12,AgriOther,EMEP_processed,CAS,voc_CAS_sector=12,0,0
2015,voc,eu,M_Other,11,13,sec13,Other,EMEP_processed,CAS,voc_CAS_sector=13,0,0
2015,voc,eu,A_PublicPower,1,1,sec01,PublicPower,EMEP_processed,CH,voc_CH_sector=1,198.107519286953,0.198107519286953
2015,voc,eu,B_Industry,3,2,sec02,Industry,EMEP_processed,CH,voc_CH_sector=2,6519.92646504421,6.51992646504421
2015,voc,eu,C_OtherStationaryComb,2,3,sec03,OtherStationaryComb,EMEP_processed,CH,voc_CH_sector=3,4619.26140947781,4.61926140947781
2015,voc,eu,D_Fugitive,5,4,sec04,Fugitive,EMEP_processed,CH,voc_CH_sector=4,3816.56863972123,3.81656863972123
2015,voc,eu,E_Solvents,6,5,sec05,Solvents,EMEP_processed,CH,voc_CH_sector=5,33985.6450804161,33.9856450804161
2015,voc,eu,F_RoadTransport,7,6,sec06,RoadTransport,EMEP_processed,CH,voc_CH_sector=6,10020.8061265149,10.0208061265149
2015,voc,eu,G_Shipping,8,7,sec07,Shipping,EMEP_processed,CH,voc_CH_sector=7,450.235833718012,0.450235833718012
2015,voc,eu,H_Aviation,8,8,sec08,Aviation,EMEP_processed,CH,voc_CH_sector=8,248.533794817237,0.248533794817237
2015,voc,eu,I_Offroad,8,9,sec09,Offroad,EMEP_processed,CH,voc_CH_sector=9,2226.98787694787,2.22698787694787
2015,voc,eu,J_Waste,9,10,sec10,Waste,EMEP_processed,CH,voc_CH_sector=10,1416.59298888828,1.41659298888828
2015,voc,eu,K_AgriLivestock,10,11,sec11,AgriLivestock,EMEP_processed,CH,voc_CH_sector=11,17164.4217741434,17.1644217741434
2015,voc,eu,L_AgriOther,10,12,sec12,AgriOther,EMEP_processed,CH,voc_CH_sector=12,460.6007212737,0.4606007212737
2015,voc,eu,M_Other,11,13,sec13,Other,EMEP_processed,CH,voc_CH_sector=13,202.935810495218,0.202935810495218
2015,voc,eu,A_PublicPower,1,1,sec01,PublicPower,EMEP_processed,CY,voc_CY_sector=1,82.7887492476545,0.0827887492476545
2015,voc,eu,B_Industry,3,2,sec02,Industry,EMEP_processed,CY,voc_CY_sector=2,242.208924413946,0.242208924413946
2015,voc,eu,C_OtherStationaryComb,2,3,sec03,OtherStationaryComb,EMEP_processed,CY,voc_CY_sector=3,50.1263468530378,0.0501263468530378
2015,voc,eu,D_Fugitive,5,4,sec04,Fugitive,EMEP_processed,CY,voc_CY_sector=4,782.18068611195,0.78218068611195
2015,voc,eu,E_Solvents,6,5,sec05,Solvents,EMEP_processed,CY,voc_CY_sector=5,2839.75903719444,2.83975903719444
2015,voc,eu,F_RoadTransport,7,6,sec06,RoadTransport,EMEP_processed,CY,voc_CY_sector=6,2138.19920520065,2.13819920520065
2015,voc,eu,G_Shipping,8,7,sec07,Shipping,EMEP_processed,CY,voc_CY_sector=7,4.22533985744658,0.00422533985744658
2015,voc,eu,H_Aviation,8,8,sec08,Aviation,EMEP_processed,CY,voc_CY_sector=8,21.2355777653156,0.0212355777653156
2015,voc,eu,I_Offroad,8,9,sec09,Offroad,EMEP_processed,CY,voc_CY_sector=9,43.3986557667942,0.0433986557667942
2015,voc,eu,J_Waste,9,10,sec10,Waste,EMEP_processed,CY,voc_CY_sector=10,302.916789772441,0.302916789772441
2015,voc,eu,K_AgriLivestock,10,11,sec11,AgriLivestock,EMEP_processed,CY,voc_CY_sector=11,1552.88931071429,1.55288931071429
2015,voc,eu,L_AgriOther,10,12,sec12,AgriOther,EMEP_processed,CY,voc_CY_sector=12,29.71265,0.02971265
2015,voc,eu,M_Other,11,13,sec13,Other,EMEP_processed,CY,voc_CY_sector=13,0,0
2015,voc,eu,A_PublicPower,1,1,sec01,PublicPower,EMEP_processed,CZ,voc_CZ_sector=1,4550.084378,4.550084378
2015,voc,eu,B_Industry,3,2,sec02,Industry,EMEP_processed,CZ,voc_CZ_sector=2,9077.36915824999,9.07736915824999
2015,voc,eu,C_OtherStationaryComb,2,3,sec03,OtherStationaryComb,EMEP_processed,CZ,voc_CZ_sector=3,203615.093847936,203.615093847936
2015,voc,eu,D_Fugitive,5,4,sec04,Fugitive,EMEP_processed,CZ,voc_CZ_sector=4,9343.75661181833,9.34375661181833
2015,voc,eu,E_Solvents,6,5,sec05,Solvents,EMEP_processed,CZ,voc_CZ_sector=5,70261.2350222413,70.2612350222413
2015,voc,eu,F_RoadTransport,7,6,sec06,RoadTransport,EMEP_processed,CZ,voc_CZ_sector=6,16882.4277764914,16.8824277764914
2015,voc,eu,G_Shipping,8,7,sec07,Shipping,EMEP_processed,CZ,voc_CZ_sector=7,14.054634,0.014054634
2015,voc,eu,H_Aviation,8,8,sec08,Aviation,EMEP_processed,CZ,voc_CZ_sector=8,112.112011179589,0.112112011179589
2015,voc,eu,I_Offroad,8,9,sec09,Offroad,EMEP_processed,CZ,voc_CZ_sector=9,3262.35317961798,3.26235317961798
2015,voc,eu,J_Waste,9,10,sec10,Waste,EMEP_processed,CZ,voc_CZ_sector=10,2568.5030313341,2.5685030313341
2015,voc,eu,K_AgriLivestock,10,11,sec11,AgriLivestock,EMEP_processed,CZ,voc_CZ_sector=11,23398.2775711292,23.3982775711292
2015,voc,eu,L_AgriOther,10,12,sec12,AgriOther,EMEP_processed,CZ,voc_CZ_sector=12,13117.5247626694,13.1175247626694
2015,voc,eu,M_Other,11,13,sec13,Other,EMEP_processed,CZ,voc_CZ_sector=13,0,0
2015,voc,eu,A_PublicPower,1,1,sec01,PublicPower,EMEP_processed,DE,voc_DE_sector=1,9448.18380817703,9.44818380817703
2015,voc,eu,B_Industry,3,2,sec02,Industry,EMEP_processed,DE,voc_DE_sector=2,49606.2172962084,49.6062172962084
2015,voc,eu,C_OtherStationaryComb,2,3,sec03,OtherStationaryComb,EMEP_processed,DE,voc_DE_sector=3,40768.633248883,40.768633248883
2015,voc,eu,D_Fugitive,5,4,sec04,Fugitive,EMEP_processed,DE,voc_DE_sector=4,33055.4485399033,33.0554485399033
2015,voc,eu,E_Solvents,6,5,sec05,Solvents,EMEP_processed,DE,voc_DE_sector=5,544800.565030521,544.800565030521
2015,voc,eu,F_RoadTransport,7,6,sec06,RoadTransport,EMEP_processed,DE,voc_DE_sector=6,103104.604769485,103.104604769485
2015,voc,eu,G_Shipping,8,7,sec07,Shipping,EMEP_processed,DE,voc_DE_sector=7,1674.13562733551,1.67413562733551
2015,voc,eu,H_Aviation,8,8,sec08,Aviation,EMEP_processed,DE,voc_DE_sector=8,979.30216695423,0.97930216695423
2015,voc,eu,I_Offroad,8,9,sec09,Offroad,EMEP_processed,DE,voc_DE_sector=9,33074.4987913962,33.0744987913962
2015,voc,eu,J_Waste,9,10,sec10,Waste,EMEP_processed,DE,voc_DE_sector=10,3115.8949267204,3.1158949267204
2015,voc,eu,K_AgriLivestock,10,11,sec11,AgriLivestock,EMEP_processed,DE,voc_DE_sector=11,304351.297519754,304.351297519754
2015,voc,eu,L_AgriOther,10,12,sec12,AgriOther,EMEP_processed,DE,voc_DE_sector=12,9913.02618872336,9.91302618872336
2015,voc,eu,M_Other,11,13,sec13,Other,EMEP_processed,DE,voc_DE_sector=13,0,0
2015,voc,eu,A_PublicPower,1,1,sec01,PublicPower,EMEP_processed,DK,voc_DK_sector=1,781.753539052182,0.781753539052182
2015,voc,eu,B_Industry,3,2,sec02,Industry,EMEP_processed,DK,voc_DK_sector=2,3359.70352681206,3.35970352681206
2015,voc,eu,C_OtherStationaryComb,2,3,sec03,OtherStationaryComb,EMEP_processed,DK,voc_DK_sector=3,13922.5909443782,13.9225909443782
2015,voc,eu,D_Fugitive,5,4,sec04,Fugitive,EMEP_processed,DK,voc_DK_sector=4,13264.220665537,13.264220665537
2015,voc,eu,E_Solvents,6,5,sec05,Solvents,EMEP_processed,DK,voc_DK_sector=5,27698.5212225,27.6985212225
2015,voc,eu,F_RoadTransport,7,6,sec06,RoadTransport,EMEP_processed,DK,voc_DK_sector=6,8438.29590767649,8.43829590767649
2015,voc,eu,G_Shipping,8,7,sec07,Shipping,EMEP_processed,DK,voc_DK_sector=7,349.595013555626,0.349595013555626
2015,voc,eu,H_Aviation,8,8,sec08,Aviation,EMEP_processed,DK,voc_DK_sector=8,109.469312781219,0.109469312781219
2015,voc,eu,I_Offroad,8,9,sec09,Offroad,EMEP_processed,DK,voc_DK_sector=9,4468.79176126919,4.46879176126919
2015,voc,eu,J_Waste,9,10,sec10,Waste,EMEP_processed,DK,voc_DK_sector=10,596.545514514,0.596545514514
2015,voc,eu,K_AgriLivestock,10,11,sec11,AgriLivestock,EMEP_processed,DK,voc_DK_sector=11,38803.7238655419,38.8037238655419
2015,voc,eu,L_AgriOther,10,12,sec12,AgriOther,EMEP_processed,DK,voc_DK_sector=12,7595.80939401008,7.59580939401008
2015,voc,eu,M_Other,11,13,sec13,Other,EMEP_processed,DK,voc_DK_sector=13,0,0
2015,voc,eu,A_PublicPower,1,1,sec01,PublicPower,EMEP_processed,EE,voc_EE_sector=1,830.114999999999,0.830114999999999
2015,voc,eu,B_Industry,3,2,sec02,Industry,EMEP_processed,EE,voc_EE_sector=2,2806.066,2.806066
2015,voc,eu,C_OtherStationaryComb,2,3,sec03,OtherStationaryComb,EMEP_processed,EE,voc_EE_sector=3,3875.014,3.875014
2015,voc,eu,D_Fugitive,5,4,sec04,Fugitive,EMEP_processed,EE,voc_EE_sector=4,1142.266,1.142266
2015,voc,eu,E_Solvents,6,5,sec05,Solvents,EMEP_processed,EE,voc_EE_sector=5,8628.98100000002,8.62898100000002
2015,voc,eu,F_RoadTransport,7,6,sec06,RoadTransport,EMEP_processed,EE,voc_EE_sector=6,1627.93279796536,1.62793279796536
2015,voc,eu,G_Shipping,8,7,sec07,Shipping,EMEP_processed,EE,voc_EE_sector=7,16.8,0.0168
2015,voc,eu,H_Aviation,8,8,sec08,Aviation,EMEP_processed,EE,voc_EE_sector=8,14.657,0.014657
2015,voc,eu,I_Offroad,8,9,sec09,Offroad,EMEP_processed,EE,voc_EE_sector=9,627.277000000001,0.627277000000001
2015,voc,eu,J_Waste,9,10,sec10,Waste,EMEP_processed,EE,voc_EE_sector=10,114.0534,0.1140534
2015,voc,eu,K_AgriLivestock,10,11,sec11,AgriLivestock,EMEP_processed,EE,voc_EE_sector=11,4362.611,4.362611
2015,voc,eu,L_AgriOther,10,12,sec12,AgriOther,EMEP_processed,EE,voc_EE_sector=12,336.01,0.33601
2015,voc,eu,M_Other,11,13,sec13,Other,EMEP_processed,EE,voc_EE_sector=13,0,0
2015,voc,eu,A_PublicPower,1,1,sec01,PublicPower,EMEP_processed,ES,voc_ES_sector=1,7561.73064106157,7.56173064106157
2015,voc,eu,B_Industry,3,2,sec02,Industry,EMEP_processed,ES,voc_ES_sector=2,50877.7320091965,50.8777320091965
2015,voc,eu,C_OtherStationaryComb,2,3,sec03,OtherStationaryComb,EMEP_processed,ES,voc_ES_sector=3,50542.8813639007,50.5428813639007
2015,voc,eu,D_Fugitive,5,4,sec04,Fugitive,EMEP_processed,ES,voc_ES_sector=4,25806.0370193291,25.8060370193291
2015,voc,eu,E_Solvents,6,5,sec05,Solvents,EMEP_processed,ES,voc_ES_sector=5,253436.887175651,253.436887175651
2015,voc,eu,F_RoadTransport,7,6,sec06,RoadTransport,EMEP_processed,ES,voc_ES_sector=6,28147.32795,28.14732795
2015,voc,eu,G_Shipping,8,7,sec07,Shipping,EMEP_processed,ES,voc_ES_sector=7,493.085033,0.493085033
2015,voc,eu,H_Aviation,8,8,sec08,Aviation,EMEP_processed,ES,voc_ES_sector=8,691.426695280002,0.691426695280002
2015,voc,eu,I_Offroad,8,9,sec09,Offroad,EMEP_processed,ES,voc_ES_sector=9,9766.8407380521,9.7668407380521
2015,voc,eu,J_Waste,9,10,sec10,Waste,EMEP_processed,ES,voc_ES_sector=10,14299.8641062543,14.2998641062543
2015,voc,eu,K_AgriLivestock,10,11,sec11,AgriLivestock,EMEP_processed,ES,voc_ES_sector=11,76575.9450330002,76.5759450330002
2015,voc,eu,L_AgriOther,10,12,sec12,AgriOther,EMEP_processed,ES,voc_ES_sector=12,37969.6255820002,37.9696255820002
2015,voc,eu,M_Other,11,13,sec13,Other,EMEP_processed,ES,voc_ES_sector=13,0,0
2015,voc,eu,A_PublicPower,1,1,sec01,PublicPower,EMEP_processed,FI,voc_FI_sector=1,1047.0395727865,1.0470395727865
2015,voc,eu,B_Industry,3,2,sec02,Industry,EMEP_processed,FI,voc_FI_sector=2,8356.94758309201,8.35694758309201
2015,voc,eu,C_OtherStationaryComb,2,3,sec03,OtherStationaryComb,EMEP_processed,FI,voc_FI_sector=3,21176.1089733805,21.1761089733805
2015,voc,eu,D_Fugitive,5,4,sec04,Fugitive,EMEP_processed,FI,voc_FI_sector=4,6341.82223027561,6.34182223027561
2015,voc,eu,E_Solvents,6,5,sec05,Solvents,EMEP_processed,FI,voc_FI_sector=5,17412.8278194775,17.4128278194775
2015,voc,eu,F_RoadTransport,7,6,sec06,RoadTransport,EMEP_processed,FI,voc_FI_sector=6,7288.44259344795,7.28844259344795
2015,voc,eu,G_Shipping,8,7,sec07,Shipping,EMEP_processed,FI,voc_FI_sector=7,3441.54616855187,3.44154616855187
2015,voc,eu,H_Aviation,8,8,sec08,Aviation,EMEP_processed,FI,voc_FI_sector=8,123.924574336661,0.123924574336661
2015,voc,eu,I_Offroad,8,9,sec09,Offroad,EMEP_processed,FI,voc_FI_sector=9,8074.55829110334,8.07455829110334
2015,voc,eu,J_Waste,9,10,sec10,Waste,EMEP_processed,FI,voc_FI_sector=10,117.802611892124,0.117802611892124
2015,voc,eu,K_AgriLivestock,10,11,sec11,AgriLivestock,EMEP_processed,FI,voc_FI_sector=11,13540.400309624,13.540400309624
2015,voc,eu,L_AgriOther,10,12,sec12,AgriOther,EMEP_processed,FI,voc_FI_sector=12,3718.505486046,3.718505486046
2015,voc,eu,M_Other,11,13,sec13,Other,EMEP_processed,FI,voc_FI_sector=13,0,0
2015,voc,eu,A_PublicPower,1,1,sec01,PublicPower,EMEP_processed,FR,voc_FR_sector=1,824.840950063843,0.824840950063843
2015,voc,eu,B_Industry,3,2,sec02,Industry,EMEP_processed,FR,voc_FR_sector=2,64217.4567237729,64.2174567237729
2015,voc,eu,C_OtherStationaryComb,2,3,sec03,OtherStationaryComb,EMEP_processed,FR,voc_FR_sector=3,232855.133581822,232.855133581822
2015,voc,eu,D_Fugitive,5,4,sec04,Fugitive,EMEP_processed,FR,voc_FR_sector=4,22107.7544325052,22.1077544325052
2015,voc,eu,E_Solvents,6,5,sec05,Solvents,EMEP_processed,FR,voc_FR_sector=5,329180.118425981,329.180118425981
2015,voc,eu,F_RoadTransport,7,6,sec06,RoadTransport,EMEP_processed,FR,voc_FR_sector=6,68070.9338803931,68.0709338803931
2015,voc,eu,G_Shipping,8,7,sec07,Shipping,EMEP_processed,FR,voc_FR_sector=7,509.249110550217,0.509249110550217
2015,voc,eu,H_Aviation,8,8,sec08,Aviation,EMEP_processed,FR,voc_FR_sector=8,996.17008624425,0.99617008624425
2015,voc,eu,I_Offroad,8,9,sec09,Offroad,EMEP_processed,FR,voc_FR_sector=9,48242.395811346,48.242395811346
2015,voc,eu,J_Waste,9,10,sec10,Waste,EMEP_processed,FR,voc_FR_sector=10,12754.708003853,12.754708003853
2015,voc,eu,K_AgriLivestock,10,11,sec11,AgriLivestock,EMEP_processed,FR,voc_FR_sector=11,235701.043702184,235.701043702184
2015,voc,eu,L_AgriOther,10,12,sec12,AgriOther,EMEP_processed,FR,voc_FR_sector=12,188444.089698507,188.444089698507
2015,voc,eu,M_Other,11,13,sec13,Other,EMEP_processed,FR,voc_FR_sector=13,0,0
2015,voc,eu,A_PublicPower,1,1,sec01,PublicPower,EMEP_processed,GB,voc_GB_sector=1,0,0
2015,voc,eu,B_Industry,3,2,sec02,Industry,EMEP_processed,GB,voc_GB_sector=2,8.78006936553476,0.00878006936553476
2015,voc,eu,C_OtherStationaryComb,2,3,sec03,OtherStationaryComb,EMEP_processed,GB,voc_GB_sector=3,0,0
2015,voc,eu,D_Fugitive,5,4,sec04,Fugitive,EMEP_processed,GB,voc_GB_sector=4,21209.1529580627,21.2091529580627
2015,voc,eu,E_Solvents,6,5,sec05,Solvents,EMEP_processed,GB,voc_GB_sector=5,0,0
2015,voc,eu,F_RoadTransport,7,6,sec06,RoadTransport,EMEP_processed,GB,voc_GB_sector=6,0,0
2015,voc,eu,G_Shipping,8,7,sec07,Shipping,EMEP_processed,GB,voc_GB_sector=7,3.03962067263822,0.00303962067263822
2015,voc,eu,H_Aviation,8,8,sec08,Aviation,EMEP_processed,GB,voc_GB_sector=8,0,0
2015,voc,eu,I_Offroad,8,9,sec09,Offroad,EMEP_processed,GB,voc_GB_sector=9,1.16220977189498,0.00116220977189498
2015,voc,eu,J_Waste,9,10,sec10,Waste,EMEP_processed,GB,voc_GB_sector=10,0.0308652606117704,3.08652606117704e-05
2015,voc,eu,K_AgriLivestock,10,11,sec11,AgriLivestock,EMEP_processed,GB,voc_GB_sector=11,0,0
2015,voc,eu,L_AgriOther,10,12,sec12,AgriOther,EMEP_processed,GB,voc_GB_sector=12,0,0
2015,voc,eu,M_Other,11,13,sec13,Other,EMEP_processed,GB,voc_GB_sector=13,0,0
2015,voc,eu,A_PublicPower,1,1,sec01,PublicPower,EMEP_processed,GE,voc_GE_sector=1,39.9616,0.0399616
2015,voc,eu,B_Industry,3,2,sec02,Industry,EMEP_processed,GE,voc_GE_sector=2,3271.74435612455,3.27174435612455
2015,voc,eu,C_OtherStationaryComb,2,3,sec03,OtherStationaryComb,EMEP_processed,GE,voc_GE_sector=3,10120.0441873373,10.1200441873373
2015,voc,eu,D_Fugitive,5,4,sec04,Fugitive,EMEP_processed,GE,voc_GE_sector=4,1102.40217270386,1.10240217270386
2015,voc,eu,E_Solvents,6,5,sec05,Solvents,EMEP_processed,GE,voc_GE_sector=5,8473.28246151817,8.47328246151817
2015,voc,eu,F_RoadTransport,7,6,sec06,RoadTransport,EMEP_processed,GE,voc_GE_sector=6,9920.19131579795,9.92019131579795
2015,voc,eu,G_Shipping,8,7,sec07,Shipping,EMEP_processed,GE,voc_GE_sector=7,1.96,0.00196
2015,voc,eu,H_Aviation,8,8,sec08,Aviation,EMEP_processed,GE,voc_GE_sector=8,0,0
2015,voc,eu,I_Offroad,8,9,sec09,Offroad,EMEP_processed,GE,voc_GE_sector=9,80.7577000000001,0.0807577000000001
2015,voc,eu,J_Waste,9,10,sec10,Waste,EMEP_processed,GE,voc_GE_sector=10,834.410256968642,0.834410256968642
2015,voc,eu,K_AgriLivestock,10,11,sec11,AgriLivestock,EMEP_processed,GE,voc_GE_sector=11,7510.53854926045,7.51053854926045
2015,voc,eu,L_AgriOther,10,12,sec12,AgriOther,EMEP_processed,GE,voc_GE_sector=12,226.782,0.226782
2015,voc,eu,M_Other,11,13,sec13,Other,EMEP_processed,GE,voc_GE_sector=13,0,0
2015,voc,eu,A_PublicPower,1,1,sec01,PublicPower,EMEP_processed,GR,voc_GR_sector=1,1432.48898299901,1.43248898299901
2015,voc,eu,B_Industry,3,2,sec02,Industry,EMEP_processed,GR,voc_GR_sector=2,12670.5733835639,12.6705733835639
2015,voc,eu,C_OtherStationaryComb,2,3,sec03,OtherStationaryComb,EMEP_processed,GR,voc_GR_sector=3,16332.9841867177,16.3329841867177
2015,voc,eu,D_Fugitive,5,4,sec04,Fugitive,EMEP_processed,GR,voc_GR_sector=4,13546.445,13.546445
2015,voc,eu,E_Solvents,6,5,sec05,Solvents,EMEP_processed,GR,voc_GR_sector=5,49691.329525929,49.691329525929
2015,voc,eu,F_RoadTransport,7,6,sec06,RoadTransport,EMEP_processed,GR,voc_GR_sector=6,52332.2982435016,52.3322982435016
2015,voc,eu,G_Shipping,8,7,sec07,Shipping,EMEP_processed,GR,voc_GR_sector=7,1005.47431539654,1.00547431539654
2015,voc,eu,H_Aviation,8,8,sec08,Aviation,EMEP_processed,GR,voc_GR_sector=8,120.13051249957,0.12013051249957
2015,voc,eu,I_Offroad,8,9,sec09,Offroad,EMEP_processed,GR,voc_GR_sector=9,2305.11926226844,2.30511926226844
2015,voc,eu,J_Waste,9,10,sec10,Waste,EMEP_processed,GR,voc_GR_sector=10,2252.82608949147,2.25282608949147
2015,voc,eu,K_AgriLivestock,10,11,sec11,AgriLivestock,EMEP_processed,GR,voc_GR_sector=11,8919.99903941584,8.91999903941584
2015,voc,eu,L_AgriOther,10,12,sec12,AgriOther,EMEP_processed,GR,voc_GR_sector=12,6221.11411128702,6.22111411128702
2015,voc,eu,M_Other,11,13,sec13,Other,EMEP_processed,GR,voc_GR_sector=13,0,0
2015,voc,eu,A_PublicPower,1,1,sec01,PublicPower,EMEP_processed,HR,voc_HR_sector=1,237.556026810212,0.237556026810212
2015,voc,eu,B_Industry,3,2,sec02,Industry,EMEP_processed,HR,voc_HR_sector=2,5713.2918076333,5.7132918076333
2015,voc,eu,C_OtherStationaryComb,2,3,sec03,OtherStationaryComb,EMEP_processed,HR,voc_HR_sector=3,22747.7571233,22.7477571233
2015,voc,eu,D_Fugitive,5,4,sec04,Fugitive,EMEP_processed,HR,voc_HR_sector=4,3303.92249238813,3.30392249238813
2015,voc,eu,E_Solvents,6,5,sec05,Solvents,EMEP_processed,HR,voc_HR_sector=5,19731.4373559094,19.7314373559094
2015,voc,eu,F_RoadTransport,7,6,sec06,RoadTransport,EMEP_processed,HR,voc_HR_sector=6,6560.57416617917,6.56057416617917
2015,voc,eu,G_Shipping,8,7,sec07,Shipping,EMEP_processed,HR,voc_HR_sector=7,81.840850150745,0.081840850150745
2015,voc,eu,H_Aviation,8,8,sec08,Aviation,EMEP_processed,HR,voc_HR_sector=8,19.54195572,0.01954195572
2015,voc,eu,I_Offroad,8,9,sec09,Offroad,EMEP_processed,HR,voc_HR_sector=9,991.942990410907,0.991942990410907
2015,voc,eu,J_Waste,9,10,sec10,Waste,EMEP_processed,HR,voc_HR_sector=10,1779.58825141615,1.77958825141615
2015,voc,eu,K_AgriLivestock,10,11,sec11,AgriLivestock,EMEP_processed,HR,voc_HR_sector=11,7653.30854561424,7.65330854561424
2015,voc,eu,L_AgriOther,10,12,sec12,AgriOther,EMEP_processed,HR,voc_HR_sector=12,1698.46990595172,1.69846990595172
2015,voc,eu,M_Other,11,13,sec13,Other,EMEP_processed,HR,voc_HR_sector=13,0,0
2015,voc,eu,A_PublicPower,1,1,sec01,PublicPower,EMEP_processed,HU,voc_HU_sector=1,1151.75658966622,1.15175658966622
2015,voc,eu,B_Industry,3,2,sec02,Industry,EMEP_processed,HU,voc_HU_sector=2,13623.2508322552,13.6232508322552
2015,voc,eu,C_OtherStationaryComb,2,3,sec03,OtherStationaryComb,EMEP_processed,HU,voc_HU_sector=3,36112.5627634,36.1125627634
2015,voc,eu,D_Fugitive,5,4,sec04,Fugitive,EMEP_processed,HU,voc_HU_sector=4,6017.78754449502,6.01778754449502
2015,voc,eu,E_Solvents,6,5,sec05,Solvents,EMEP_processed,HU,voc_HU_sector=5,31595.1592876441,31.5951592876441
2015,voc,eu,F_RoadTransport,7,6,sec06,RoadTransport,EMEP_processed,HU,voc_HU_sector=6,15060.0775350801,15.0600775350801
2015,voc,eu,G_Shipping,8,7,sec07,Shipping,EMEP_processed,HU,voc_HU_sector=7,16.8,0.0168
2015,voc,eu,H_Aviation,8,8,sec08,Aviation,EMEP_processed,HU,voc_HU_sector=8,35.6273793240501,0.03562737932405
2015,voc,eu,I_Offroad,8,9,sec09,Offroad,EMEP_processed,HU,voc_HU_sector=9,1910.87477240866,1.91087477240866
2015,voc,eu,J_Waste,9,10,sec10,Waste,EMEP_processed,HU,voc_HU_sector=10,885.9231057062,0.8859231057062
2015,voc,eu,K_AgriLivestock,10,11,sec11,AgriLivestock,EMEP_processed,HU,voc_HU_sector=11,25853.5548011253,25.8535548011253
2015,voc,eu,L_AgriOther,10,12,sec12,AgriOther,EMEP_processed,HU,voc_HU_sector=12,2684.72361938475,2.68472361938475
2015,voc,eu,M_Other,11,13,sec13,Other,EMEP_processed,HU,voc_HU_sector=13,0,0
2015,voc,eu,A_PublicPower,1,1,sec01,PublicPower,EMEP_processed,IE,voc_IE_sector=1,0,0
2015,voc,eu,B_Industry,3,2,sec02,Industry,EMEP_processed,IE,voc_IE_sector=2,0,0
2015,voc,eu,C_OtherStationaryComb,2,3,sec03,OtherStationaryComb,EMEP_processed,IE,voc_IE_sector=3,0,0
2015,voc,eu,D_Fugitive,5,4,sec04,Fugitive,EMEP_processed,IE,voc_IE_sector=4,0,0
2015,voc,eu,E_Solvents,6,5,sec05,Solvents,EMEP_processed,IE,voc_IE_sector=5,0,0
2015,voc,eu,F_RoadTransport,7,6,sec06,RoadTransport,EMEP_processed,IE,voc_IE_sector=6,0,0
2015,voc,eu,G_Shipping,8,7,sec07,Shipping,EMEP_processed,IE,voc_IE_sector=7,32.0281624241745,0.0320281624241745
2015,voc,eu,H_Aviation,8,8,sec08,Aviation,EMEP_processed,IE,voc_IE_sector=8,0,0
2015,voc,eu,I_Offroad,8,9,sec09,Offroad,EMEP_processed,IE,voc_IE_sector=9,52.4507958608138,0.0524507958608138
2015,voc,eu,J_Waste,9,10,sec10,Waste,EMEP_processed,IE,voc_IE_sector=10,0,0
2015,voc,eu,K_AgriLivestock,10,11,sec11,AgriLivestock,EMEP_processed,IE,voc_IE_sector=11,0,0
2015,voc,eu,L_AgriOther,10,12,sec12,AgriOther,EMEP_processed,IE,voc_IE_sector=12,0,0
2015,voc,eu,M_Other,11,13,sec13,Other,EMEP_processed,IE,voc_IE_sector=13,0,0
2015,voc,eu,A_PublicPower,1,1,sec01,PublicPower,EMEP_processed,IS,voc_IS_sector=1,0.05349404,5.349404e-05
2015,voc,eu,B_Industry,3,2,sec02,Industry,EMEP_processed,IS,voc_IS_sector=2,310.996710597093,0.310996710597093
2015,voc,eu,C_OtherStationaryComb,2,3,sec03,OtherStationaryComb,EMEP_processed,IS,voc_IS_sector=3,0.848358969999999,0.000848358969999999
2015,voc,eu,D_Fugitive,5,4,sec04,Fugitive,EMEP_processed,IS,voc_IS_sector=4,242.921214764682,0.242921214764682
2015,voc,eu,E_Solvents,6,5,sec05,Solvents,EMEP_processed,IS,voc_IS_sector=5,1449.741408296,1.449741408296
2015,voc,eu,F_RoadTransport,7,6,sec06,RoadTransport,EMEP_processed,IS,voc_IS_sector=6,775.324299274009,0.775324299274009
2015,voc,eu,G_Shipping,8,7,sec07,Shipping,EMEP_processed,IS,voc_IS_sector=7,14.55097,0.01455097
2015,voc,eu,H_Aviation,8,8,sec08,Aviation,EMEP_processed,IS,voc_IS_sector=8,509.490845924702,0.509490845924702
2015,voc,eu,I_Offroad,8,9,sec09,Offroad,EMEP_processed,IS,voc_IS_sector=9,449.40897,0.44940897
2015,voc,eu,J_Waste,9,10,sec10,Waste,EMEP_processed,IS,voc_IS_sector=10,316.983438444959,0.316983438444959
2015,voc,eu,K_AgriLivestock,10,11,sec11,AgriLivestock,EMEP_processed,IS,voc_IS_sector=11,1669.80585790765,1.66980585790765
2015,voc,eu,L_AgriOther,10,12,sec12,AgriOther,EMEP_processed,IS,voc_IS_sector=12,10.7524251817725,0.0107524251817725
2015,voc,eu,M_Other,11,13,sec13,Other,EMEP_processed,IS,voc_IS_sector=13,0,0
2015,voc,eu,A_PublicPower,1,1,sec01,PublicPower,EMEP_processed,IT,voc_IT_sector=1,2516.04077404987,2.51604077404987
2015,voc,eu,B_Industry,3,2,sec02,Industry,EMEP_processed,IT,voc_IT_sector=2,39806.3870871128,39.8063870871128
2015,voc,eu,C_OtherStationaryComb,2,3,sec03,OtherStationaryComb,EMEP_processed,IT,voc_IT_sector=3,188270.936147753,188.270936147753
2015,voc,eu,D_Fugitive,5,4,sec04,Fugitive,EMEP_processed,IT,voc_IT_sector=4,46082.2035118849,46.0822035118849
2015,voc,eu,E_Solvents,6,5,sec05,Solvents,EMEP_processed,IT,voc_IT_sector=5,326428.365822918,326.428365822918
2015,voc,eu,F_RoadTransport,7,6,sec06,RoadTransport,EMEP_processed,IT,voc_IT_sector=6,128643.448823671,128.643448823671
2015,voc,eu,G_Shipping,8,7,sec07,Shipping,EMEP_processed,IT,voc_IT_sector=7,16451.0504371427,16.4510504371427
2015,voc,eu,H_Aviation,8,8,sec08,Aviation,EMEP_processed,IT,voc_IT_sector=8,748.493808937976,0.748493808937976
2015,voc,eu,I_Offroad,8,9,sec09,Offroad,EMEP_processed,IT,voc_IT_sector=9,12956.2316873425,12.9562316873425
2015,voc,eu,J_Waste,9,10,sec10,Waste,EMEP_processed,IT,voc_IT_sector=10,8345.61263217735,8.34561263217735
2015,voc,eu,K_AgriLivestock,10,11,sec11,AgriLivestock,EMEP_processed,IT,voc_IT_sector=11,98744.3525219296,98.7443525219296
2015,voc,eu,L_AgriOther,10,12,sec12,AgriOther,EMEP_processed,IT,voc_IT_sector=12,22359.5872453638,22.3595872453638
2015,voc,eu,M_Other,11,13,sec13,Other,EMEP_processed,IT,voc_IT_sector=13,0,0
2015,voc,eu,A_PublicPower,1,1,sec01,PublicPower,EMEP_processed,KG,voc_KG_sector=1,1245.743,1.245743
2015,voc,eu,B_Industry,3,2,sec02,Industry,EMEP_processed,KG,voc_KG_sector=2,1815.342,1.815342
2015,voc,eu,C_OtherStationaryComb,2,3,sec03,OtherStationaryComb,EMEP_processed,KG,voc_KG_sector=3,15440.549,15.440549
2015,voc,eu,D_Fugitive,5,4,sec04,Fugitive,EMEP_processed,KG,voc_KG_sector=4,2481.176,2.481176
2015,voc,eu,E_Solvents,6,5,sec05,Solvents,EMEP_processed,KG,voc_KG_sector=5,10357.04,10.35704
2015,voc,eu,F_RoadTransport,7,6,sec06,RoadTransport,EMEP_processed,KG,voc_KG_sector=6,2257.475,2.257475
2015,voc,eu,G_Shipping,8,7,sec07,Shipping,EMEP_processed,KG,voc_KG_sector=7,0,0
2015,voc,eu,H_Aviation,8,8,sec08,Aviation,EMEP_processed,KG,voc_KG_sector=8,0,0
2015,voc,eu,I_Offroad,8,9,sec09,Offroad,EMEP_processed,KG,voc_KG_sector=9,803.293,0.803293
2015,voc,eu,J_Waste,9,10,sec10,Waste,EMEP_processed,KG,voc_KG_sector=10,1738.889,1.738889
2015,voc,eu,K_AgriLivestock,10,11,sec11,AgriLivestock,EMEP_processed,KG,voc_KG_sector=11,15373.7083335,15.3737083335
2015,voc,eu,L_AgriOther,10,12,sec12,AgriOther,EMEP_processed,KG,voc_KG_sector=12,9137.24199999998,9.13724199999998
2015,voc,eu,M_Other,11,13,sec13,Other,EMEP_processed,KG,voc_KG_sector=13,0,0
2015,voc,eu,A_PublicPower,1,1,sec01,PublicPower,EMEP_processed,KZ,voc_KZ_sector=1,5230.57999999999,5.23057999999999
2015,voc,eu,B_Industry,3,2,sec02,Industry,EMEP_processed,KZ,voc_KZ_sector=2,27147.8400000002,27.1478400000002
2015,voc,eu,C_OtherStationaryComb,2,3,sec03,OtherStationaryComb,EMEP_processed,KZ,voc_KZ_sector=3,22032.6599999999,22.0326599999999
2015,voc,eu,D_Fugitive,5,4,sec04,Fugitive,EMEP_processed,KZ,voc_KZ_sector=4,236947.96,236.94796
2015,voc,eu,E_Solvents,6,5,sec05,Solvents,EMEP_processed,KZ,voc_KZ_sector=5,87295.0000000008,87.2950000000008
2015,voc,eu,F_RoadTransport,7,6,sec06,RoadTransport,EMEP_processed,KZ,voc_KZ_sector=6,174291.200000001,174.291200000001
2015,voc,eu,G_Shipping,8,7,sec07,Shipping,EMEP_processed,KZ,voc_KZ_sector=7,357.6,0.3576
2015,voc,eu,H_Aviation,8,8,sec08,Aviation,EMEP_processed,KZ,voc_KZ_sector=8,627.96,0.62796
2015,voc,eu,I_Offroad,8,9,sec09,Offroad,EMEP_processed,KZ,voc_KZ_sector=9,11739.2999999999,11.7392999999999
2015,voc,eu,J_Waste,9,10,sec10,Waste,EMEP_processed,KZ,voc_KZ_sector=10,14610.5699999997,14.6105699999997
2015,voc,eu,K_AgriLivestock,10,11,sec11,AgriLivestock,EMEP_processed,KZ,voc_KZ_sector=11,28833.5999999998,28.8335999999998
2015,voc,eu,L_AgriOther,10,12,sec12,AgriOther,EMEP_processed,KZ,voc_KZ_sector=12,233825.940000001,233.825940000001
2015,voc,eu,M_Other,11,13,sec13,Other,EMEP_processed,KZ,voc_KZ_sector=13,0,0
2015,voc,eu,A_PublicPower,1,1,sec01,PublicPower,EMEP_processed,LI,voc_LI_sector=1,0.063589703328,6.3589703328e-05
2015,voc,eu,B_Industry,3,2,sec02,Industry,EMEP_processed,LI,voc_LI_sector=2,22.4243400077829,0.0224243400077829
2015,voc,eu,C_OtherStationaryComb,2,3,sec03,OtherStationaryComb,EMEP_processed,LI,voc_LI_sector=3,9.84474189583118,0.00984474189583118
2015,voc,eu,D_Fugitive,5,4,sec04,Fugitive,EMEP_processed,LI,voc_LI_sector=4,3.6162784021708,0.0036162784021708
2015,voc,eu,E_Solvents,6,5,sec05,Solvents,EMEP_processed,LI,voc_LI_sector=5,197.730534448493,0.197730534448493
2015,voc,eu,F_RoadTransport,7,6,sec06,RoadTransport,EMEP_processed,LI,voc_LI_sector=6,10.3494154430104,0.0103494154430104
2015,voc,eu,G_Shipping,8,7,sec07,Shipping,EMEP_processed,LI,voc_LI_sector=7,0,0
2015,voc,eu,H_Aviation,8,8,sec08,Aviation,EMEP_processed,LI,voc_LI_sector=8,0.005628,5.628e-06
2015,voc,eu,I_Offroad,8,9,sec09,Offroad,EMEP_processed,LI,voc_LI_sector=9,5.33396355836509,0.00533396355836509
2015,voc,eu,J_Waste,9,10,sec10,Waste,EMEP_processed,LI,voc_LI_sector=10,10.665418507363,0.010665418507363
2015,voc,eu,K_AgriLivestock,10,11,sec11,AgriLivestock,EMEP_processed,LI,voc_LI_sector=11,65.555200999685,0.065555200999685
2015,voc,eu,L_AgriOther,10,12,sec12,AgriOther,EMEP_processed,LI,voc_LI_sector=12,2.61128045003695,0.00261128045003695
2015,voc,eu,M_Other,11,13,sec13,Other,EMEP_processed,LI,voc_LI_sector=13,0.502227528133301,0.000502227528133301
2015,voc,eu,A_PublicPower,1,1,sec01,PublicPower,EMEP_processed,LT,voc_LT_sector=1,419.817000000001,0.419817000000001
2015,voc,eu,B_Industry,3,2,sec02,Industry,EMEP_processed,LT,voc_LT_sector=2,6106.339482736,6.106339482736
2015,voc,eu,C_OtherStationaryComb,2,3,sec03,OtherStationaryComb,EMEP_processed,LT,voc_LT_sector=3,8746.68500000003,8.74668500000002
2015,voc,eu,D_Fugitive,5,4,sec04,Fugitive,EMEP_processed,LT,voc_LT_sector=4,10541.086,10.541086
2015,voc,eu,E_Solvents,6,5,sec05,Solvents,EMEP_processed,LT,voc_LT_sector=5,7031.86642420001,7.03186642420001
2015,voc,eu,F_RoadTransport,7,6,sec06,RoadTransport,EMEP_processed,LT,voc_LT_sector=6,2714.92185792073,2.71492185792073
2015,voc,eu,G_Shipping,8,7,sec07,Shipping,EMEP_processed,LT,voc_LT_sector=7,12.2165188987401,0.0122165188987401
2015,voc,eu,H_Aviation,8,8,sec08,Aviation,EMEP_processed,LT,voc_LT_sector=8,23.9441776587835,0.0239441776587835
2015,voc,eu,I_Offroad,8,9,sec09,Offroad,EMEP_processed,LT,voc_LT_sector=9,557.52494698491,0.55752494698491
2015,voc,eu,J_Waste,9,10,sec10,Waste,EMEP_processed,LT,voc_LT_sector=10,439.009779000001,0.439009779000001
2015,voc,eu,K_AgriLivestock,10,11,sec11,AgriLivestock,EMEP_processed,LT,voc_LT_sector=11,12509.263,12.509263
2015,voc,eu,L_AgriOther,10,12,sec12,AgriOther,EMEP_processed,LT,voc_LT_sector=12,1859.18,1.85918
2015,voc,eu,M_Other,11,13,sec13,Other,EMEP_processed,LT,voc_LT_sector=13,0,0
2015,voc,eu,A_PublicPower,1,1,sec01,PublicPower,EMEP_processed,LU,voc_LU_sector=1,160.254065245489,0.160254065245489
2015,voc,eu,B_Industry,3,2,sec02,Industry,EMEP_processed,LU,voc_LU_sector=2,391.307225119978,0.391307225119978
2015,voc,eu,C_OtherStationaryComb,2,3,sec03,OtherStationaryComb,EMEP_processed,LU,voc_LU_sector=3,466.570510054234,0.466570510054234
2015,voc,eu,D_Fugitive,5,4,sec04,Fugitive,EMEP_processed,LU,voc_LU_sector=4,559.422889760481,0.559422889760481
2015,voc,eu,E_Solvents,6,5,sec05,Solvents,EMEP_processed,LU,voc_LU_sector=5,3381.76808651617,3.38176808651617
2015,voc,eu,F_RoadTransport,7,6,sec06,RoadTransport,EMEP_processed,LU,voc_LU_sector=6,996.907438034615,0.996907438034615
2015,voc,eu,G_Shipping,8,7,sec07,Shipping,EMEP_processed,LU,voc_LU_sector=7,8.31826798225687,0.00831826798225687
2015,voc,eu,H_Aviation,8,8,sec08,Aviation,EMEP_processed,LU,voc_LU_sector=8,60.16912148,0.06016912148
2015,voc,eu,I_Offroad,8,9,sec09,Offroad,EMEP_processed,LU,voc_LU_sector=9,189.347324077736,0.189347324077736
2015,voc,eu,J_Waste,9,10,sec10,Waste,EMEP_processed,LU,voc_LU_sector=10,10.1044625587064,0.0101044625587064
2015,voc,eu,K_AgriLivestock,10,11,sec11,AgriLivestock,EMEP_processed,LU,voc_LU_sector=11,2415.45425457371,2.41545425457371
2015,voc,eu,L_AgriOther,10,12,sec12,AgriOther,EMEP_processed,LU,voc_LU_sector=12,732.781227937857,0.732781227937857
2015,voc,eu,M_Other,11,13,sec13,Other,EMEP_processed,LU,voc_LU_sector=13,0,0
2015,voc,eu,A_PublicPower,1,1,sec01,PublicPower,EMEP_processed,LV,voc_LV_sector=1,160.371742035369,0.160371742035369
2015,voc,eu,B_Industry,3,2,sec02,Industry,EMEP_processed,LV,voc_LV_sector=2,1900.32548685054,1.90032548685054
2015,voc,eu,C_OtherStationaryComb,2,3,sec03,OtherStationaryComb,EMEP_processed,LV,voc_LV_sector=3,9141.49003591239,9.14149003591239
2015,voc,eu,D_Fugitive,5,4,sec04,Fugitive,EMEP_processed,LV,voc_LV_sector=4,2442.34536654,2.44234536654
2015,voc,eu,E_Solvents,6,5,sec05,Solvents,EMEP_processed,LV,voc_LV_sector=5,9946.58620200002,9.94658620200002
2015,voc,eu,F_RoadTransport,7,6,sec06,RoadTransport,EMEP_processed,LV,voc_LV_sector=6,2106.17236058613,2.10617236058613
2015,voc,eu,G_Shipping,8,7,sec07,Shipping,EMEP_processed,LV,voc_LV_sector=7,20.8870839598077,0.0208870839598077
2015,voc,eu,H_Aviation,8,8,sec08,Aviation,EMEP_processed,LV,voc_LV_sector=8,22.1742306570876,0.0221742306570876
2015,voc,eu,I_Offroad,8,9,sec09,Offroad,EMEP_processed,LV,voc_LV_sector=9,1206.04561165174,1.20604561165174
2015,voc,eu,J_Waste,9,10,sec10,Waste,EMEP_processed,LV,voc_LV_sector=10,248.511075,0.248511075
2015,voc,eu,K_AgriLivestock,10,11,sec11,AgriLivestock,EMEP_processed,LV,voc_LV_sector=11,5498.31287295216,5.49831287295216
2015,voc,eu,L_AgriOther,10,12,sec12,AgriOther,EMEP_processed,LV,voc_LV_sector=12,2040.92574628239,2.04092574628239
2015,voc,eu,M_Other,11,13,sec13,Other,EMEP_processed,LV,voc_LV_sector=13,0,0
2015,voc,eu,A_PublicPower,1,1,sec01,PublicPower,EMEP_processed,MC,voc_MC_sector=1,0.128796621165626,0.000128796621165626
2015,voc,eu,B_Industry,3,2,sec02,Industry,EMEP_processed,MC,voc_MC_sector=2,0.112887439044144,0.000112887439044144
2015,voc,eu,C_OtherStationaryComb,2,3,sec03,OtherStationaryComb,EMEP_processed,MC,voc_MC_sector=3,0.494593388449719,0.000494593388449719
2015,voc,eu,D_Fugitive,5,4,sec04,Fugitive,EMEP_processed,MC,voc_MC_sector=4,0.0969428571428572,9.69428571428572e-05
2015,voc,eu,E_Solvents,6,5,sec05,Solvents,EMEP_processed,MC,voc_MC_sector=5,101.931368735206,0.101931368735206
2015,voc,eu,F_RoadTransport,7,6,sec06,RoadTransport,EMEP_processed,MC,voc_MC_sector=6,101.12344445659,0.10112344445659
2015,voc,eu,G_Shipping,8,7,sec07,Shipping,EMEP_processed,MC,voc_MC_sector=7,15.3735347060705,0.0153735347060705
2015,voc,eu,H_Aviation,8,8,sec08,Aviation,EMEP_processed,MC,voc_MC_sector=8,19.6656199776,0.0196656199776
2015,voc,eu,I_Offroad,8,9,sec09,Offroad,EMEP_processed,MC,voc_MC_sector=9,2.67088008604859,0.00267088008604859
2015,voc,eu,J_Waste,9,10,sec10,Waste,EMEP_processed,MC,voc_MC_sector=10,0.09579893,9.579893e-05
2015,voc,eu,K_AgriLivestock,10,11,sec11,AgriLivestock,EMEP_processed,MC,voc_MC_sector=11,0,0
2015,voc,eu,L_AgriOther,10,12,sec12,AgriOther,EMEP_processed,MC,voc_MC_sector=12,0,0
2015,voc,eu,M_Other,11,13,sec13,Other,EMEP_processed,MC,voc_MC_sector=13,0,0
2015,voc,eu,A_PublicPower,1,1,sec01,PublicPower,EMEP_processed,MD,voc_MD_sector=1,170.42133326,0.17042133326
2015,voc,eu,B_Industry,3,2,sec02,Industry,EMEP_processed,MD,voc_MD_sector=2,6321.560308,6.321560308
2015,voc,eu,C_OtherStationaryComb,2,3,sec03,OtherStationaryComb,EMEP_processed,MD,voc_MD_sector=3,8300.86147,8.30086147
2015,voc,eu,D_Fugitive,5,4,sec04,Fugitive,EMEP_processed,MD,voc_MD_sector=4,384.712377057956,0.384712377057956
2015,voc,eu,E_Solvents,6,5,sec05,Solvents,EMEP_processed,MD,voc_MD_sector=5,21919.33939,21.91933939
2015,voc,eu,F_RoadTransport,7,6,sec06,RoadTransport,EMEP_processed,MD,voc_MD_sector=6,4956.01879767745,4.95601879767745
2015,voc,eu,G_Shipping,8,7,sec07,Shipping,EMEP_processed,MD,voc_MD_sector=7,2.16734953220131,0.00216734953220131
2015,voc,eu,H_Aviation,8,8,sec08,Aviation,EMEP_processed,MD,voc_MD_sector=8,14.35127,0.01435127
2015,voc,eu,I_Offroad,8,9,sec09,Offroad,EMEP_processed,MD,voc_MD_sector=9,289.34668741909,0.28934668741909
2015,voc,eu,J_Waste,9,10,sec10,Waste,EMEP_processed,MD,voc_MD_sector=10,2990.06724329565,2.99006724329565
2015,voc,eu,K_AgriLivestock,10,11,sec11,AgriLivestock,EMEP_processed,MD,voc_MD_sector=11,5833.60000000001,5.83360000000001
2015,voc,eu,L_AgriOther,10,12,sec12,AgriOther,EMEP_processed,MD,voc_MD_sector=12,420.270575199999,0.420270575199999
2015,voc,eu,M_Other,11,13,sec13,Other,EMEP_processed,MD,voc_MD_sector=13,0,0
2015,voc,eu,A_PublicPower,1,1,sec01,PublicPower,EMEP_processed,ME,voc_ME_sector=1,230.43,0.23043
2015,voc,eu,B_Industry,3,2,sec02,Industry,EMEP_processed,ME,voc_ME_sector=2,286.2,0.2862
2015,voc,eu,C_OtherStationaryComb,2,3,sec03,OtherStationaryComb,EMEP_processed,ME,voc_ME_sector=3,10335.42,10.33542
2015,voc,eu,D_Fugitive,5,4,sec04,Fugitive,EMEP_processed,ME,voc_ME_sector=4,138.94,0.13894
2015,voc,eu,E_Solvents,6,5,sec05,Solvents,EMEP_processed,ME,voc_ME_sector=5,2068.49,2.06849
2015,voc,eu,F_RoadTransport,7,6,sec06,RoadTransport,EMEP_processed,ME,voc_ME_sector=6,699,0.699
2015,voc,eu,G_Shipping,8,7,sec07,Shipping,EMEP_processed,ME,voc_ME_sector=7,0,0
2015,voc,eu,H_Aviation,8,8,sec08,Aviation,EMEP_processed,ME,voc_ME_sector=8,30.96,0.03096
2015,voc,eu,I_Offroad,8,9,sec09,Offroad,EMEP_processed,ME,voc_ME_sector=9,141.54,0.14154
2015,voc,eu,J_Waste,9,10,sec10,Waste,EMEP_processed,ME,voc_ME_sector=10,166.76,0.16676
2015,voc,eu,K_AgriLivestock,10,11,sec11,AgriLivestock,EMEP_processed,ME,voc_ME_sector=11,1163.38,1.16338
2015,voc,eu,L_AgriOther,10,12,sec12,AgriOther,EMEP_processed,ME,voc_ME_sector=12,618.16,0.61816
2015,voc,eu,M_Other,11,13,sec13,Other,EMEP_processed,ME,voc_ME_sector=13,0,0
2015,voc,eu,A_PublicPower,1,1,sec01,PublicPower,EMEP_processed,MED,voc_MED_sector=1,0,0
2015,voc,eu,B_Industry,3,2,sec02,Industry,EMEP_processed,MED,voc_MED_sector=2,0,0
2015,voc,eu,C_OtherStationaryComb,2,3,sec03,OtherStationaryComb,EMEP_processed,MED,voc_MED_sector=3,0,0
2015,voc,eu,D_Fugitive,5,4,sec04,Fugitive,EMEP_processed,MED,voc_MED_sector=4,0,0
2015,voc,eu,E_Solvents,6,5,sec05,Solvents,EMEP_processed,MED,voc_MED_sector=5,0,0
2015,voc,eu,F_RoadTransport,7,6,sec06,RoadTransport,EMEP_processed,MED,voc_MED_sector=6,0,0
2015,voc,eu,G_Shipping,8,7,sec07,Shipping,EMEP_processed,MED,voc_MED_sector=7,10913.738451493,10.913738451493
2015,voc,eu,H_Aviation,8,8,sec08,Aviation,EMEP_processed,MED,voc_MED_sector=8,0,0
2015,voc,eu,I_Offroad,8,9,sec09,Offroad,EMEP_processed,MED,voc_MED_sector=9,0,0
2015,voc,eu,J_Waste,9,10,sec10,Waste,EMEP_processed,MED,voc_MED_sector=10,0,0
2015,voc,eu,K_AgriLivestock,10,11,sec11,AgriLivestock,EMEP_processed,MED,voc_MED_sector=11,0,0
2015,voc,eu,L_AgriOther,10,12,sec12,AgriOther,EMEP_processed,MED,voc_MED_sector=12,0,0
2015,voc,eu,M_Other,11,13,sec13,Other,EMEP_processed,MED,voc_MED_sector=13,0,0
2015,voc,eu,A_PublicPower,1,1,sec01,PublicPower,EMEP_processed,MK,voc_MK_sector=1,67.9070432183304,0.0679070432183304
2015,voc,eu,B_Industry,3,2,sec02,Industry,EMEP_processed,MK,voc_MK_sector=2,1429.70942563487,1.42970942563487
2015,voc,eu,C_OtherStationaryComb,2,3,sec03,OtherStationaryComb,EMEP_processed,MK,voc_MK_sector=3,5738.65980226521,5.73865980226521
2015,voc,eu,D_Fugitive,5,4,sec04,Fugitive,EMEP_processed,MK,voc_MK_sector=4,4158.9412846,4.1589412846
2015,voc,eu,E_Solvents,6,5,sec05,Solvents,EMEP_processed,MK,voc_MK_sector=5,9852.67388238069,9.85267388238069
2015,voc,eu,F_RoadTransport,7,6,sec06,RoadTransport,EMEP_processed,MK,voc_MK_sector=6,961.167539179863,0.961167539179863
2015,voc,eu,G_Shipping,8,7,sec07,Shipping,EMEP_processed,MK,voc_MK_sector=7,0.166731735602841,0.000166731735602841
2015,voc,eu,H_Aviation,8,8,sec08,Aviation,EMEP_processed,MK,voc_MK_sector=8,3.1604999725,0.0031604999725
2015,voc,eu,I_Offroad,8,9,sec09,Offroad,EMEP_processed,MK,voc_MK_sector=9,779.644273807287,0.779644273807287
2015,voc,eu,J_Waste,9,10,sec10,Waste,EMEP_processed,MK,voc_MK_sector=10,89.1025271374031,0.0891025271374031
2015,voc,eu,K_AgriLivestock,10,11,sec11,AgriLivestock,EMEP_processed,MK,voc_MK_sector=11,3139.488763,3.139488763
2015,voc,eu,L_AgriOther,10,12,sec12,AgriOther,EMEP_processed,MK,voc_MK_sector=12,1087.39088,1.08739088
2015,voc,eu,M_Other,11,13,sec13,Other,EMEP_processed,MK,voc_MK_sector=13,0,0
2015,voc,eu,A_PublicPower,1,1,sec01,PublicPower,EMEP_processed,MT,voc_MT_sector=1,25.5529251491971,0.0255529251491971
2015,voc,eu,B_Industry,3,2,sec02,Industry,EMEP_processed,MT,voc_MT_sector=2,116.96803263178,0.11696803263178
2015,voc,eu,C_OtherStationaryComb,2,3,sec03,OtherStationaryComb,EMEP_processed,MT,voc_MT_sector=3,36.2612734010745,0.0362612734010745
2015,voc,eu,D_Fugitive,5,4,sec04,Fugitive,EMEP_processed,MT,voc_MT_sector=4,101.406752136385,0.101406752136385
2015,voc,eu,E_Solvents,6,5,sec05,Solvents,EMEP_processed,MT,voc_MT_sector=5,785.509174387968,0.785509174387968
2015,voc,eu,F_RoadTransport,7,6,sec06,RoadTransport,EMEP_processed,MT,voc_MT_sector=6,1016.75634332489,1.01675634332489
2015,voc,eu,G_Shipping,8,7,sec07,Shipping,EMEP_processed,MT,voc_MT_sector=7,8.61559238124012,0.00861559238124012
2015,voc,eu,H_Aviation,8,8,sec08,Aviation,EMEP_processed,MT,voc_MT_sector=8,19.43077913545,0.01943077913545
2015,voc,eu,I_Offroad,8,9,sec09,Offroad,EMEP_processed,MT,voc_MT_sector=9,114.155648536867,0.114155648536867
2015,voc,eu,J_Waste,9,10,sec10,Waste,EMEP_processed,MT,voc_MT_sector=10,17.6597472418667,0.0176597472418667
2015,voc,eu,K_AgriLivestock,10,11,sec11,AgriLivestock,EMEP_processed,MT,voc_MT_sector=11,205.141896439448,0.205141896439448
2015,voc,eu,L_AgriOther,10,12,sec12,AgriOther,EMEP_processed,MT,voc_MT_sector=12,224.242376208513,0.224242376208513
2015,voc,eu,M_Other,11,13,sec13,Other,EMEP_processed,MT,voc_MT_sector=13,0,0
2015,voc,eu,A_PublicPower,1,1,sec01,PublicPower,EMEP_processed,NL,voc_NL_sector=1,702.904086000001,0.702904086
2015,voc,eu,B_Industry,3,2,sec02,Industry,EMEP_processed,NL,voc_NL_sector=2,25156.864917,25.156864917
2015,voc,eu,C_OtherStationaryComb,2,3,sec03,OtherStationaryComb,EMEP_processed,NL,voc_NL_sector=3,14937.327602,14.937327602
2015,voc,eu,D_Fugitive,5,4,sec04,Fugitive,EMEP_processed,NL,voc_NL_sector=4,14176.596614,14.176596614
2015,voc,eu,E_Solvents,6,5,sec05,Solvents,EMEP_processed,NL,voc_NL_sector=5,76205.122922,76.205122922
2015,voc,eu,F_RoadTransport,7,6,sec06,RoadTransport,EMEP_processed,NL,voc_NL_sector=6,24839.846462,24.839846462
2015,voc,eu,G_Shipping,8,7,sec07,Shipping,EMEP_processed,NL,voc_NL_sector=7,1210.334345,1.210334345
2015,voc,eu,H_Aviation,8,8,sec08,Aviation,EMEP_processed,NL,voc_NL_sector=8,374.720189,0.374720189
2015,voc,eu,I_Offroad,8,9,sec09,Offroad,EMEP_processed,NL,voc_NL_sector=9,9358.43967700001,9.35843967700001
2015,voc,eu,J_Waste,9,10,sec10,Waste,EMEP_processed,NL,voc_NL_sector=10,1472.745493,1.472745493
2015,voc,eu,K_AgriLivestock,10,11,sec11,AgriLivestock,EMEP_processed,NL,voc_NL_sector=11,66235.093525,66.235093525
2015,voc,eu,L_AgriOther,10,12,sec12,AgriOther,EMEP_processed,NL,voc_NL_sector=12,23486.230906,23.486230906
2015,voc,eu,M_Other,11,13,sec13,Other,EMEP_processed,NL,voc_NL_sector=13,0,0
2015,voc,eu,A_PublicPower,1,1,sec01,PublicPower,EMEP_processed,NO,voc_NO_sector=1,1732.2840551,1.7322840551
2015,voc,eu,B_Industry,3,2,sec02,Industry,EMEP_processed,NO,voc_NO_sector=2,6336.8154690001,6.3368154690001
2015,voc,eu,C_OtherStationaryComb,2,3,sec03,OtherStationaryComb,EMEP_processed,NO,voc_NO_sector=3,17453.2077638,17.4532077638
2015,voc,eu,D_Fugitive,5,4,sec04,Fugitive,EMEP_processed,NO,voc_NO_sector=4,47830.9845897,47.8309845897
2015,voc,eu,E_Solvents,6,5,sec05,Solvents,EMEP_processed,NO,voc_NO_sector=5,48556.6449593996,48.5566449593996
2015,voc,eu,F_RoadTransport,7,6,sec06,RoadTransport,EMEP_processed,NO,voc_NO_sector=6,7807.59792759996,7.80759792759996
2015,voc,eu,G_Shipping,8,7,sec07,Shipping,EMEP_processed,NO,voc_NO_sector=7,3179.79122769998,3.17979122769998
2015,voc,eu,H_Aviation,8,8,sec08,Aviation,EMEP_processed,NO,voc_NO_sector=8,434.4552286,0.4344552286
2015,voc,eu,I_Offroad,8,9,sec09,Offroad,EMEP_processed,NO,voc_NO_sector=9,7765.34425430007,7.76534425430007
2015,voc,eu,J_Waste,9,10,sec10,Waste,EMEP_processed,NO,voc_NO_sector=10,587.692623399999,0.587692623399999
2015,voc,eu,K_AgriLivestock,10,11,sec11,AgriLivestock,EMEP_processed,NO,voc_NO_sector=11,9047.63254230001,9.04763254230001
2015,voc,eu,L_AgriOther,10,12,sec12,AgriOther,EMEP_processed,NO,voc_NO_sector=12,3566.91952639998,3.56691952639998
2015,voc,eu,M_Other,11,13,sec13,Other,EMEP_processed,NO,voc_NO_sector=13,0,0
2015,voc,eu,A_PublicPower,1,1,sec01,PublicPower,EMEP_processed,NOA,voc_NOA_sector=1,7041.98482814743,7.04198482814743
2015,voc,eu,B_Industry,3,2,sec02,Industry,EMEP_processed,NOA,voc_NOA_sector=2,66106.5570113436,66.1065570113436
2015,voc,eu,C_OtherStationaryComb,2,3,sec03,OtherStationaryComb,EMEP_processed,NOA,voc_NOA_sector=3,118852.826414004,118.852826414004
2015,voc,eu,D_Fugitive,5,4,sec04,Fugitive,EMEP_processed,NOA,voc_NOA_sector=4,304787.980311978,304.787980311978
2015,voc,eu,E_Solvents,6,5,sec05,Solvents,EMEP_processed,NOA,voc_NOA_sector=5,359449.873245318,359.449873245318
2015,voc,eu,F_RoadTransport,7,6,sec06,RoadTransport,EMEP_processed,NOA,voc_NOA_sector=6,590526.68183745,590.52668183745
2015,voc,eu,G_Shipping,8,7,sec07,Shipping,EMEP_processed,NOA,voc_NOA_sector=7,538.891301221404,0.538891301221404
2015,voc,eu,H_Aviation,8,8,sec08,Aviation,EMEP_processed,NOA,voc_NOA_sector=8,89.8343753130724,0.0898343753130723
2015,voc,eu,I_Offroad,8,9,sec09,Offroad,EMEP_processed,NOA,voc_NOA_sector=9,593.1251634147,0.593125163414699
2015,voc,eu,J_Waste,9,10,sec10,Waste,EMEP_processed,NOA,voc_NOA_sector=10,23057.4786345309,23.0574786345309
2015,voc,eu,K_AgriLivestock,10,11,sec11,AgriLivestock,EMEP_processed,NOA,voc_NOA_sector=11,76490.1535099131,76.4901535099131
2015,voc,eu,L_AgriOther,10,12,sec12,AgriOther,EMEP_processed,NOA,voc_NOA_sector=12,43358.3145501777,43.3583145501777
2015,voc,eu,M_Other,11,13,sec13,Other,EMEP_processed,NOA,voc_NOA_sector=13,0,0
2015,voc,eu,A_PublicPower,1,1,sec01,PublicPower,EMEP_processed,NOS,voc_NOS_sector=1,0,0
2015,voc,eu,B_Industry,3,2,sec02,Industry,EMEP_processed,NOS,voc_NOS_sector=2,0,0
2015,voc,eu,C_OtherStationaryComb,2,3,sec03,OtherStationaryComb,EMEP_processed,NOS,voc_NOS_sector=3,0,0
2015,voc,eu,D_Fugitive,5,4,sec04,Fugitive,EMEP_processed,NOS,voc_NOS_sector=4,0,0
2015,voc,eu,E_Solvents,6,5,sec05,Solvents,EMEP_processed,NOS,voc_NOS_sector=5,0,0
2015,voc,eu,F_RoadTransport,7,6,sec06,RoadTransport,EMEP_processed,NOS,voc_NOS_sector=6,0,0
2015,voc,eu,G_Shipping,8,7,sec07,Shipping,EMEP_processed,NOS,voc_NOS_sector=7,6023.63944943507,6.02363944943507
2015,voc,eu,H_Aviation,8,8,sec08,Aviation,EMEP_processed,NOS,voc_NOS_sector=8,0,0
2015,voc,eu,I_Offroad,8,9,sec09,Offroad,EMEP_processed,NOS,voc_NOS_sector=9,0,0
2015,voc,eu,J_Waste,9,10,sec10,Waste,EMEP_processed,NOS,voc_NOS_sector=10,0,0
2015,voc,eu,K_AgriLivestock,10,11,sec11,AgriLivestock,EMEP_processed,NOS,voc_NOS_sector=11,0,0
2015,voc,eu,L_AgriOther,10,12,sec12,AgriOther,EMEP_processed,NOS,voc_NOS_sector=12,0,0
2015,voc,eu,M_Other,11,13,sec13,Other,EMEP_processed,NOS,voc_NOS_sector=13,0,0
2015,voc,eu,A_PublicPower,1,1,sec01,PublicPower,EMEP_processed,PL,voc_PL_sector=1,2940.201346765,2.940201346765
2015,voc,eu,B_Industry,3,2,sec02,Industry,EMEP_processed,PL,voc_PL_sector=2,44385.6365007182,44.3856365007182
2015,voc,eu,C_OtherStationaryComb,2,3,sec03,OtherStationaryComb,EMEP_processed,PL,voc_PL_sector=3,157166.531455436,157.166531455436
2015,voc,eu,D_Fugitive,5,4,sec04,Fugitive,EMEP_processed,PL,voc_PL_sector=4,95131.9228102085,95.1319228102085
2015,voc,eu,E_Solvents,6,5,sec05,Solvents,EMEP_processed,PL,voc_PL_sector=5,237786.684091769,237.786684091769
2015,voc,eu,F_RoadTransport,7,6,sec06,RoadTransport,EMEP_processed,PL,voc_PL_sector=6,43494.4477488764,43.4944477488764
2015,voc,eu,G_Shipping,8,7,sec07,Shipping,EMEP_processed,PL,voc_PL_sector=7,6.28525709287239,0.00628525709287239
2015,voc,eu,H_Aviation,8,8,sec08,Aviation,EMEP_processed,PL,voc_PL_sector=8,28.7588834308538,0.0287588834308538
2015,voc,eu,I_Offroad,8,9,sec09,Offroad,EMEP_processed,PL,voc_PL_sector=9,3770.3317530157,3.7703317530157
2015,voc,eu,J_Waste,9,10,sec10,Waste,EMEP_processed,PL,voc_PL_sector=10,2867.99653814031,2.86799653814031
2015,voc,eu,K_AgriLivestock,10,11,sec11,AgriLivestock,EMEP_processed,PL,voc_PL_sector=11,97483.5940287624,97.4835940287624
2015,voc,eu,L_AgriOther,10,12,sec12,AgriOther,EMEP_processed,PL,voc_PL_sector=12,6297.04027805888,6.29704027805888
2015,voc,eu,M_Other,11,13,sec13,Other,EMEP_processed,PL,voc_PL_sector=13,0,0
2015,voc,eu,A_PublicPower,1,1,sec01,PublicPower,EMEP_processed,PT,voc_PT_sector=1,432.891561785077,0.432891561785077
2015,voc,eu,B_Industry,3,2,sec02,Industry,EMEP_processed,PT,voc_PT_sector=2,32297.8284614601,32.2978284614601
2015,voc,eu,C_OtherStationaryComb,2,3,sec03,OtherStationaryComb,EMEP_processed,PT,voc_PT_sector=3,14755.6580283633,14.7556580283633
2015,voc,eu,D_Fugitive,5,4,sec04,Fugitive,EMEP_processed,PT,voc_PT_sector=4,7458.4217729653,7.4584217729653
2015,voc,eu,E_Solvents,6,5,sec05,Solvents,EMEP_processed,PT,voc_PT_sector=5,71040.7163004417,71.0407163004417
2015,voc,eu,F_RoadTransport,7,6,sec06,RoadTransport,EMEP_processed,PT,voc_PT_sector=6,18142.6612794331,18.1426612794331
2015,voc,eu,G_Shipping,8,7,sec07,Shipping,EMEP_processed,PT,voc_PT_sector=7,247.882199555179,0.247882199555179
2015,voc,eu,H_Aviation,8,8,sec08,Aviation,EMEP_processed,PT,voc_PT_sector=8,432.590606904618,0.432590606904618
2015,voc,eu,I_Offroad,8,9,sec09,Offroad,EMEP_processed,PT,voc_PT_sector=9,901.654690375227,0.901654690375227
2015,voc,eu,J_Waste,9,10,sec10,Waste,EMEP_processed,PT,voc_PT_sector=10,3129.15547501063,3.12915547501063
2015,voc,eu,K_AgriLivestock,10,11,sec11,AgriLivestock,EMEP_processed,PT,voc_PT_sector=11,10515.4947394676,10.5154947394676
2015,voc,eu,L_AgriOther,10,12,sec12,AgriOther,EMEP_processed,PT,voc_PT_sector=12,4730.16248788845,4.73016248788845
2015,voc,eu,M_Other,11,13,sec13,Other,EMEP_processed,PT,voc_PT_sector=13,0,0
2015,voc,eu,A_PublicPower,1,1,sec01,PublicPower,EMEP_processed,RO,voc_RO_sector=1,688.68867,0.68868867
2015,voc,eu,B_Industry,3,2,sec02,Industry,EMEP_processed,RO,voc_RO_sector=2,24788.2785880351,24.7882785880351
2015,voc,eu,C_OtherStationaryComb,2,3,sec03,OtherStationaryComb,EMEP_processed,RO,voc_RO_sector=3,73532.4964900003,73.5324964900003
2015,voc,eu,D_Fugitive,5,4,sec04,Fugitive,EMEP_processed,RO,voc_RO_sector=4,13525.91015804,13.52591015804
2015,voc,eu,E_Solvents,6,5,sec05,Solvents,EMEP_processed,RO,voc_RO_sector=5,60977.9019081041,60.9779019081041
2015,voc,eu,F_RoadTransport,7,6,sec06,RoadTransport,EMEP_processed,RO,voc_RO_sector=6,21661.4697592661,21.6614697592661
2015,voc,eu,G_Shipping,8,7,sec07,Shipping,EMEP_processed,RO,voc_RO_sector=7,117.909770114942,0.117909770114942
2015,voc,eu,H_Aviation,8,8,sec08,Aviation,EMEP_processed,RO,voc_RO_sector=8,43.3869899999999,0.0433869899999999
2015,voc,eu,I_Offroad,8,9,sec09,Offroad,EMEP_processed,RO,voc_RO_sector=9,3268.34145399353,3.26834145399353
2015,voc,eu,J_Waste,9,10,sec10,Waste,EMEP_processed,RO,voc_RO_sector=10,2069.8224152206,2.0698224152206
2015,voc,eu,K_AgriLivestock,10,11,sec11,AgriLivestock,EMEP_processed,RO,voc_RO_sector=11,34499.611562311,34.499611562311
2015,voc,eu,L_AgriOther,10,12,sec12,AgriOther,EMEP_processed,RO,voc_RO_sector=12,22176.140564783,22.176140564783
2015,voc,eu,M_Other,11,13,sec13,Other,EMEP_processed,RO,voc_RO_sector=13,0,0
2015,voc,eu,A_PublicPower,1,1,sec01,PublicPower,EMEP_processed,RS,voc_RS_sector=1,489.4182206,0.4894182206
2015,voc,eu,B_Industry,3,2,sec02,Industry,EMEP_processed,RS,voc_RS_sector=2,9914.66205598,9.91466205598
2015,voc,eu,C_OtherStationaryComb,2,3,sec03,OtherStationaryComb,EMEP_processed,RS,voc_RS_sector=3,24919.56250126,24.91956250126
2015,voc,eu,D_Fugitive,5,4,sec04,Fugitive,EMEP_processed,RS,voc_RS_sector=4,36160.185228,36.160185228
2015,voc,eu,E_Solvents,6,5,sec05,Solvents,EMEP_processed,RS,voc_RS_sector=5,17481.62615045,17.48162615045
2015,voc,eu,F_RoadTransport,7,6,sec06,RoadTransport,EMEP_processed,RS,voc_RS_sector=6,14025.7999999997,14.0257999999997
2015,voc,eu,G_Shipping,8,7,sec07,Shipping,EMEP_processed,RS,voc_RS_sector=7,24.3,0.0243
2015,voc,eu,H_Aviation,8,8,sec08,Aviation,EMEP_processed,RS,voc_RS_sector=8,29.7795,0.0297795
2015,voc,eu,I_Offroad,8,9,sec09,Offroad,EMEP_processed,RS,voc_RS_sector=9,714.878,0.714878
2015,voc,eu,J_Waste,9,10,sec10,Waste,EMEP_processed,RS,voc_RS_sector=10,2.6210024,0.0026210024
2015,voc,eu,K_AgriLivestock,10,11,sec11,AgriLivestock,EMEP_processed,RS,voc_RS_sector=11,18486.0561746164,18.4860561746164
2015,voc,eu,L_AgriOther,10,12,sec12,AgriOther,EMEP_processed,RS,voc_RS_sector=12,2983.80201777478,2.98380201777478
2015,voc,eu,M_Other,11,13,sec13,Other,EMEP_processed,RS,voc_RS_sector=13,0,0
2015,voc,eu,A_PublicPower,1,1,sec01,PublicPower,EMEP_processed,RU,voc_RU_sector=1,7213.89942692428,7.21389942692428
2015,voc,eu,B_Industry,3,2,sec02,Industry,EMEP_processed,RU,voc_RU_sector=2,477150.533217986,477.150533217986
2015,voc,eu,C_OtherStationaryComb,2,3,sec03,OtherStationaryComb,EMEP_processed,RU,voc_RU_sector=3,5995.9094578702,5.9959094578702
2015,voc,eu,D_Fugitive,5,4,sec04,Fugitive,EMEP_processed,RU,voc_RU_sector=4,204923.16054231,204.92316054231
2015,voc,eu,E_Solvents,6,5,sec05,Solvents,EMEP_processed,RU,voc_RU_sector=5,150018.749721352,150.018749721352
2015,voc,eu,F_RoadTransport,7,6,sec06,RoadTransport,EMEP_processed,RU,voc_RU_sector=6,1135771.19637408,1135.77119637408
2015,voc,eu,G_Shipping,8,7,sec07,Shipping,EMEP_processed,RU,voc_RU_sector=7,2696.51510000001,2.69651510000001
2015,voc,eu,H_Aviation,8,8,sec08,Aviation,EMEP_processed,RU,voc_RU_sector=8,123.421860800289,0.123421860800289
2015,voc,eu,I_Offroad,8,9,sec09,Offroad,EMEP_processed,RU,voc_RU_sector=9,175765.204793089,175.765204793089
2015,voc,eu,J_Waste,9,10,sec10,Waste,EMEP_processed,RU,voc_RU_sector=10,29197.9288123596,29.1979288123596
2015,voc,eu,K_AgriLivestock,10,11,sec11,AgriLivestock,EMEP_processed,RU,voc_RU_sector=11,290262.333780336,290.262333780336
2015,voc,eu,L_AgriOther,10,12,sec12,AgriOther,EMEP_processed,RU,voc_RU_sector=12,119705.119999998,119.705119999998
2015,voc,eu,M_Other,11,13,sec13,Other,EMEP_processed,RU,voc_RU_sector=13,45692.689810099,45.6926898100989
2015,voc,eu,A_PublicPower,1,1,sec01,PublicPower,EMEP_processed,RUE,voc_RUE_sector=1,14321.1755526046,14.3211755526046
2015,voc,eu,B_Industry,3,2,sec02,Industry,EMEP_processed,RUE,voc_RUE_sector=2,33308.0311760155,33.3080311760155
2015,voc,eu,C_OtherStationaryComb,2,3,sec03,OtherStationaryComb,EMEP_processed,RUE,voc_RUE_sector=3,47124.343372965,47.124343372965
2015,voc,eu,D_Fugitive,5,4,sec04,Fugitive,EMEP_processed,RUE,voc_RUE_sector=4,442917.787317594,442.917787317594
2015,voc,eu,E_Solvents,6,5,sec05,Solvents,EMEP_processed,RUE,voc_RUE_sector=5,122463.363893839,122.463363893839
2015,voc,eu,F_RoadTransport,7,6,sec06,RoadTransport,EMEP_processed,RUE,voc_RUE_sector=6,95060.2934664972,95.0602934664972
2015,voc,eu,G_Shipping,8,7,sec07,Shipping,EMEP_processed,RUE,voc_RUE_sector=7,762.283564429766,0.762283564429766
2015,voc,eu,H_Aviation,8,8,sec08,Aviation,EMEP_processed,RUE,voc_RUE_sector=8,86.7556540789105,0.0867556540789105
2015,voc,eu,I_Offroad,8,9,sec09,Offroad,EMEP_processed,RUE,voc_RUE_sector=9,2897.24160381272,2.89724160381272
2015,voc,eu,J_Waste,9,10,sec10,Waste,EMEP_processed,RUE,voc_RUE_sector=10,15554.8338301613,15.5548338301613
2015,voc,eu,K_AgriLivestock,10,11,sec11,AgriLivestock,EMEP_processed,RUE,voc_RUE_sector=11,50328.3575711974,50.3283575711974
2015,voc,eu,L_AgriOther,10,12,sec12,AgriOther,EMEP_processed,RUE,voc_RUE_sector=12,47356.701749861,47.356701749861
2015,voc,eu,M_Other,11,13,sec13,Other,EMEP_processed,RUE,voc_RUE_sector=13,15334.7452596827,15.3347452596827
2015,voc,eu,A_PublicPower,1,1,sec01,PublicPower,EMEP_processed,SE,voc_SE_sector=1,2829.48488554956,2.82948488554956
2015,voc,eu,B_Industry,3,2,sec02,Industry,EMEP_processed,SE,voc_SE_sector=2,11829.2035623327,11.8292035623327
2015,voc,eu,C_OtherStationaryComb,2,3,sec03,OtherStationaryComb,EMEP_processed,SE,voc_SE_sector=3,9719.75303975994,9.71975303975994
2015,voc,eu,D_Fugitive,5,4,sec04,Fugitive,EMEP_processed,SE,voc_SE_sector=4,13570.2678668091,13.5702678668091
2015,voc,eu,E_Solvents,6,5,sec05,Solvents,EMEP_processed,SE,voc_SE_sector=5,60307.9933040099,60.3079933040099
2015,voc,eu,F_RoadTransport,7,6,sec06,RoadTransport,EMEP_processed,SE,voc_SE_sector=6,12086.5702613391,12.0865702613391
2015,voc,eu,G_Shipping,8,7,sec07,Shipping,EMEP_processed,SE,voc_SE_sector=7,5615.6309032985,5.6156309032985
2015,voc,eu,H_Aviation,8,8,sec08,Aviation,EMEP_processed,SE,voc_SE_sector=8,149.10370304062,0.14910370304062
2015,voc,eu,I_Offroad,8,9,sec09,Offroad,EMEP_processed,SE,voc_SE_sector=9,9978.66103783738,9.97866103783738
2015,voc,eu,J_Waste,9,10,sec10,Waste,EMEP_processed,SE,voc_SE_sector=10,636.120708338407,0.636120708338407
2015,voc,eu,K_AgriLivestock,10,11,sec11,AgriLivestock,EMEP_processed,SE,voc_SE_sector=11,21360.9613947672,21.3609613947672
2015,voc,eu,L_AgriOther,10,12,sec12,AgriOther,EMEP_processed,SE,voc_SE_sector=12,9145.81241502945,9.14581241502945
2015,voc,eu,M_Other,11,13,sec13,Other,EMEP_processed,SE,voc_SE_sector=13,0,0
2015,voc,eu,A_PublicPower,1,1,sec01,PublicPower,EMEP_processed,SI,voc_SI_sector=1,129.52303398517,0.12952303398517
2015,voc,eu,B_Industry,3,2,sec02,Industry,EMEP_processed,SI,voc_SI_sector=2,2644.26416361977,2.64426416361977
2015,voc,eu,C_OtherStationaryComb,2,3,sec03,OtherStationaryComb,EMEP_processed,SI,voc_SI_sector=3,8000.63082614862,8.00063082614862
2015,voc,eu,D_Fugitive,5,4,sec04,Fugitive,EMEP_processed,SI,voc_SI_sector=4,1343.73802940501,1.34373802940501
2015,voc,eu,E_Solvents,6,5,sec05,Solvents,EMEP_processed,SI,voc_SI_sector=5,9803.63788718515,9.80363788718515
2015,voc,eu,F_RoadTransport,7,6,sec06,RoadTransport,EMEP_processed,SI,voc_SI_sector=6,2586.96101465745,2.58696101465745
2015,voc,eu,G_Shipping,8,7,sec07,Shipping,EMEP_processed,SI,voc_SI_sector=7,0.4191961204375,0.0004191961204375
2015,voc,eu,H_Aviation,8,8,sec08,Aviation,EMEP_processed,SI,voc_SI_sector=8,12.4858546834137,0.0124858546834137
2015,voc,eu,I_Offroad,8,9,sec09,Offroad,EMEP_processed,SI,voc_SI_sector=9,1829.92768838881,1.82992768838881
2015,voc,eu,J_Waste,9,10,sec10,Waste,EMEP_processed,SI,voc_SI_sector=10,121.689484934677,0.121689484934677
2015,voc,eu,K_AgriLivestock,10,11,sec11,AgriLivestock,EMEP_processed,SI,voc_SI_sector=11,3999.56817876746,3.99956817876746
2015,voc,eu,L_AgriOther,10,12,sec12,AgriOther,EMEP_processed,SI,voc_SI_sector=12,1851.28412720821,1.85128412720821
2015,voc,eu,M_Other,11,13,sec13,Other,EMEP_processed,SI,voc_SI_sector=13,0,0
2015,voc,eu,A_PublicPower,1,1,sec01,PublicPower,EMEP_processed,SK,voc_SK_sector=1,170.163993,0.170163993
2015,voc,eu,B_Industry,3,2,sec02,Industry,EMEP_processed,SK,voc_SK_sector=2,14994.0650163214,14.9940650163214
2015,voc,eu,C_OtherStationaryComb,2,3,sec03,OtherStationaryComb,EMEP_processed,SK,voc_SK_sector=3,38309.632923448,38.309632923448
2015,voc,eu,D_Fugitive,5,4,sec04,Fugitive,EMEP_processed,SK,voc_SK_sector=4,5603.63967623425,5.60363967623425
2015,voc,eu,E_Solvents,6,5,sec05,Solvents,EMEP_processed,SK,voc_SK_sector=5,25662.8422182788,25.6628422182788
2015,voc,eu,F_RoadTransport,7,6,sec06,RoadTransport,EMEP_processed,SK,voc_SK_sector=6,4722.11988028761,4.72211988028761
2015,voc,eu,G_Shipping,8,7,sec07,Shipping,EMEP_processed,SK,voc_SK_sector=7,15.0287215118852,0.0150287215118852
2015,voc,eu,H_Aviation,8,8,sec08,Aviation,EMEP_processed,SK,voc_SK_sector=8,1.39209911512288,0.00139209911512288
2015,voc,eu,I_Offroad,8,9,sec09,Offroad,EMEP_processed,SK,voc_SK_sector=9,850.851018334829,0.850851018334829
2015,voc,eu,J_Waste,9,10,sec10,Waste,EMEP_processed,SK,voc_SK_sector=10,797.650438908185,0.797650438908185
2015,voc,eu,K_AgriLivestock,10,11,sec11,AgriLivestock,EMEP_processed,SK,voc_SK_sector=11,7407.56759409023,7.40756759409023
2015,voc,eu,L_AgriOther,10,12,sec12,AgriOther,EMEP_processed,SK,voc_SK_sector=12,160.51481552,0.16051481552
2015,voc,eu,M_Other,11,13,sec13,Other,EMEP_processed,SK,voc_SK_sector=13,0,0
2015,voc,eu,A_PublicPower,1,1,sec01,PublicPower,EMEP_processed,TJ,voc_TJ_sector=1,3.05,0.00305
2015,voc,eu,B_Industry,3,2,sec02,Industry,EMEP_processed,TJ,voc_TJ_sector=2,90.2800000000001,0.0902800000000001
2015,voc,eu,C_OtherStationaryComb,2,3,sec03,OtherStationaryComb,EMEP_processed,TJ,voc_TJ_sector=3,2377.78,2.37778
2015,voc,eu,D_Fugitive,5,4,sec04,Fugitive,EMEP_processed,TJ,voc_TJ_sector=4,8633.09000000001,8.63309000000001
2015,voc,eu,E_Solvents,6,5,sec05,Solvents,EMEP_processed,TJ,voc_TJ_sector=5,11340.74,11.34074
2015,voc,eu,F_RoadTransport,7,6,sec06,RoadTransport,EMEP_processed,TJ,voc_TJ_sector=6,14285.79,14.28579
2015,voc,eu,G_Shipping,8,7,sec07,Shipping,EMEP_processed,TJ,voc_TJ_sector=7,0,0
2015,voc,eu,H_Aviation,8,8,sec08,Aviation,EMEP_processed,TJ,voc_TJ_sector=8,72.02,0.07202
2015,voc,eu,I_Offroad,8,9,sec09,Offroad,EMEP_processed,TJ,voc_TJ_sector=9,0,0
2015,voc,eu,J_Waste,9,10,sec10,Waste,EMEP_processed,TJ,voc_TJ_sector=10,2564.14,2.56414
2015,voc,eu,K_AgriLivestock,10,11,sec11,AgriLivestock,EMEP_processed,TJ,voc_TJ_sector=11,23422.68,23.42268
2015,voc,eu,L_AgriOther,10,12,sec12,AgriOther,EMEP_processed,TJ,voc_TJ_sector=12,19371.93,19.37193
2015,voc,eu,M_Other,11,13,sec13,Other,EMEP_processed,TJ,voc_TJ_sector=13,0,0
2015,voc,eu,A_PublicPower,1,1,sec01,PublicPower,EMEP_processed,TM,voc_TM_sector=1,456.5,0.4565
2015,voc,eu,B_Industry,3,2,sec02,Industry,EMEP_processed,TM,voc_TM_sector=2,27715.99,27.71599
2015,voc,eu,C_OtherStationaryComb,2,3,sec03,OtherStationaryComb,EMEP_processed,TM,voc_TM_sector=3,1487.34,1.48734
2015,voc,eu,D_Fugitive,5,4,sec04,Fugitive,EMEP_processed,TM,voc_TM_sector=4,10926.43,10.92643
2015,voc,eu,E_Solvents,6,5,sec05,Solvents,EMEP_processed,TM,voc_TM_sector=5,7382.96999999999,7.38296999999999
2015,voc,eu,F_RoadTransport,7,6,sec06,RoadTransport,EMEP_processed,TM,voc_TM_sector=6,98623.55,98.62355
2015,voc,eu,G_Shipping,8,7,sec07,Shipping,EMEP_processed,TM,voc_TM_sector=7,0,0
2015,voc,eu,H_Aviation,8,8,sec08,Aviation,EMEP_processed,TM,voc_TM_sector=8,735.88,0.73588
2015,voc,eu,I_Offroad,8,9,sec09,Offroad,EMEP_processed,TM,voc_TM_sector=9,2737.25,2.73725
2015,voc,eu,J_Waste,9,10,sec10,Waste,EMEP_processed,TM,voc_TM_sector=10,2084.59,2.08459
2015,voc,eu,K_AgriLivestock,10,11,sec11,AgriLivestock,EMEP_processed,TM,voc_TM_sector=11,15248.47,15.24847
2015,voc,eu,L_AgriOther,10,12,sec12,AgriOther,EMEP_processed,TM,voc_TM_sector=12,10634.67,10.63467
2015,voc,eu,M_Other,11,13,sec13,Other,EMEP_processed,TM,voc_TM_sector=13,0,0
2015,voc,eu,A_PublicPower,1,1,sec01,PublicPower,EMEP_processed,TR,voc_TR_sector=1,6346.48,6.34648
2015,voc,eu,B_Industry,3,2,sec02,Industry,EMEP_processed,TR,voc_TR_sector=2,47853.99,47.85399
2015,voc,eu,C_OtherStationaryComb,2,3,sec03,OtherStationaryComb,EMEP_processed,TR,voc_TR_sector=3,115599.84,115.59984
2015,voc,eu,D_Fugitive,5,4,sec04,Fugitive,EMEP_processed,TR,voc_TR_sector=4,8726.41,8.72641
2015,voc,eu,E_Solvents,6,5,sec05,Solvents,EMEP_processed,TR,voc_TR_sector=5,151610.179999999,151.610179999999
2015,voc,eu,F_RoadTransport,7,6,sec06,RoadTransport,EMEP_processed,TR,voc_TR_sector=6,44642.4300000002,44.6424300000002
2015,voc,eu,G_Shipping,8,7,sec07,Shipping,EMEP_processed,TR,voc_TR_sector=7,970.509999999997,0.970509999999997
2015,voc,eu,H_Aviation,8,8,sec08,Aviation,EMEP_processed,TR,voc_TR_sector=8,8008.32000000001,8.00832000000001
2015,voc,eu,I_Offroad,8,9,sec09,Offroad,EMEP_processed,TR,voc_TR_sector=9,18155.0599999999,18.1550599999999
2015,voc,eu,J_Waste,9,10,sec10,Waste,EMEP_processed,TR,voc_TR_sector=10,21104.0699999999,21.1040699999999
2015,voc,eu,K_AgriLivestock,10,11,sec11,AgriLivestock,EMEP_processed,TR,voc_TR_sector=11,134540.24,134.54024
2015,voc,eu,L_AgriOther,10,12,sec12,AgriOther,EMEP_processed,TR,voc_TR_sector=12,105928.17,105.92817
2015,voc,eu,M_Other,11,13,sec13,Other,EMEP_processed,TR,voc_TR_sector=13,0,0
2015,voc,eu,A_PublicPower,1,1,sec01,PublicPower,EMEP_processed,UA,voc_UA_sector=1,3861.59,3.86159
2015,voc,eu,B_Industry,3,2,sec02,Industry,EMEP_processed,UA,voc_UA_sector=2,45923.3,45.9233
2015,voc,eu,C_OtherStationaryComb,2,3,sec03,OtherStationaryComb,EMEP_processed,UA,voc_UA_sector=3,96730.34,96.73034
2015,voc,eu,D_Fugitive,5,4,sec04,Fugitive,EMEP_processed,UA,voc_UA_sector=4,9734.83999999998,9.73483999999998
2015,voc,eu,E_Solvents,6,5,sec05,Solvents,EMEP_processed,UA,voc_UA_sector=5,151387.420000001,151.387420000001
2015,voc,eu,F_RoadTransport,7,6,sec06,RoadTransport,EMEP_processed,UA,voc_UA_sector=6,92171.6799999998,92.1716799999998
2015,voc,eu,G_Shipping,8,7,sec07,Shipping,EMEP_processed,UA,voc_UA_sector=7,298.89,0.29889
2015,voc,eu,H_Aviation,8,8,sec08,Aviation,EMEP_processed,UA,voc_UA_sector=8,208.12,0.20812
2015,voc,eu,I_Offroad,8,9,sec09,Offroad,EMEP_processed,UA,voc_UA_sector=9,16156.96,16.15696
2015,voc,eu,J_Waste,9,10,sec10,Waste,EMEP_processed,UA,voc_UA_sector=10,15806.5399999999,15.8065399999999
2015,voc,eu,K_AgriLivestock,10,11,sec11,AgriLivestock,EMEP_processed,UA,voc_UA_sector=11,84068,84.068
2015,voc,eu,L_AgriOther,10,12,sec12,AgriOther,EMEP_processed,UA,voc_UA_sector=12,71496.8300000008,71.4968300000008
2015,voc,eu,M_Other,11,13,sec13,Other,EMEP_processed,UA,voc_UA_sector=13,0,0
2015,voc,eu,A_PublicPower,1,1,sec01,PublicPower,EMEP_processed,UZ,voc_UZ_sector=1,2738.5,2.7385
2015,voc,eu,B_Industry,3,2,sec02,Industry,EMEP_processed,UZ,voc_UZ_sector=2,12005.28,12.00528
2015,voc,eu,C_OtherStationaryComb,2,3,sec03,OtherStationaryComb,EMEP_processed,UZ,voc_UZ_sector=3,2558.08999999999,2.55808999999999
2015,voc,eu,D_Fugitive,5,4,sec04,Fugitive,EMEP_processed,UZ,voc_UZ_sector=4,32010.9,32.0109
2015,voc,eu,E_Solvents,6,5,sec05,Solvents,EMEP_processed,UZ,voc_UZ_sector=5,41093.1599999999,41.0931599999999
2015,voc,eu,F_RoadTransport,7,6,sec06,RoadTransport,EMEP_processed,UZ,voc_UZ_sector=6,71689.7100000001,71.6897100000001
2015,voc,eu,G_Shipping,8,7,sec07,Shipping,EMEP_processed,UZ,voc_UZ_sector=7,0,0
2015,voc,eu,H_Aviation,8,8,sec08,Aviation,EMEP_processed,UZ,voc_UZ_sector=8,291.26,0.29126
2015,voc,eu,I_Offroad,8,9,sec09,Offroad,EMEP_processed,UZ,voc_UZ_sector=9,8242.65000000002,8.24265000000002
2015,voc,eu,J_Waste,9,10,sec10,Waste,EMEP_processed,UZ,voc_UZ_sector=10,9562.04000000001,9.56204000000001
2015,voc,eu,K_AgriLivestock,10,11,sec11,AgriLivestock,EMEP_processed,UZ,voc_UZ_sector=11,84872.0400000001,84.8720400000001
2015,voc,eu,L_AgriOther,10,12,sec12,AgriOther,EMEP_processed,UZ,voc_UZ_sector=12,60845.5999999999,60.8455999999999
2015,voc,eu,M_Other,11,13,sec13,Other,EMEP_processed,UZ,voc_UZ_sector=13,0,0
