iso_char,iso_code,Pollutant,Data_source,emis_y,inv_y,agg,time_res,sec_num,sec_name,emis_t_tot_ncoutput,t1,tsum,tot_tres_ratio
AL,1,co,NetCDF_output,2022,2024,allISO,annual,sec01,A_PublicPower,0,0,0,
AL,1,co,NetCDF_output,2022,2024,allISO,annual,sec02,B_Industry,1786.56527709961,1786.56527709961,1786.56527709961,1
AL,1,co,NetCDF_output,2022,2024,allISO,annual,sec03,C_OtherStationaryComb,15612.0821923649,15612.0821923649,15612.0821923649,1
AL,1,co,NetCDF_output,2022,2024,allISO,annual,sec04,D_Fugitive,349.644349217415,349.644349217415,349.644349217415,1
AL,1,co,NetCDF_output,2022,2024,allISO,annual,sec05,E_Solvents,1192.72219951442,1192.72219951442,1192.72219951442,1
AL,1,co,NetCDF_output,2022,2024,allISO,annual,sec06,F_RoadTransport,15096.4871117208,15096.4871117208,15096.4871117208,1
AL,1,co,NetCDF_output,2022,2024,allISO,annual,sec07,G_Shipping,4602.04822708992,4602.04822708992,4602.04822708992,1
AL,1,co,NetCDF_output,2022,2024,allISO,annual,sec08,H_Aviation,0,0,0,
AL,1,co,NetCDF_output,2022,2024,allISO,annual,sec09,I_Offroad,599.215393260936,599.215393260936,599.215393260936,1
AL,1,co,NetCDF_output,2022,2024,allISO,annual,sec10,J_Waste,7275.91004347312,7275.91004347312,7275.91004347312,1
AL,1,co,NetCDF_output,2022,2024,allISO,annual,sec11,K_AgriLivestock,0,0,0,
AL,1,co,NetCDF_output,2022,2024,allISO,annual,sec12,L_AgriOther,4478.06396484375,4478.06396484375,4478.06396484375,1
AL,1,co,NetCDF_output,2022,2024,allISO,annual,sec13,M_Other,0,0,0,
AM,56,co,NetCDF_output,2022,2024,allISO,annual,sec01,A_PublicPower,373.809199588365,373.809199588365,373.809199588365,1
AM,56,co,NetCDF_output,2022,2024,allISO,annual,sec02,B_Industry,1060.62056273458,1060.62056273458,1060.62056273458,1
AM,56,co,NetCDF_output,2022,2024,allISO,annual,sec03,C_OtherStationaryComb,36690.6929789265,36690.6929789265,36690.6929789265,1
AM,56,co,NetCDF_output,2022,2024,allISO,annual,sec04,D_Fugitive,0,0,0,
AM,56,co,NetCDF_output,2022,2024,allISO,annual,sec05,E_Solvents,1459.03363319325,1459.03363319325,1459.03363319325,1
AM,56,co,NetCDF_output,2022,2024,allISO,annual,sec06,F_RoadTransport,39947.1724331608,39947.1724331608,39947.1724331608,1
AM,56,co,NetCDF_output,2022,2024,allISO,annual,sec07,G_Shipping,0,0,0,
AM,56,co,NetCDF_output,2022,2024,allISO,annual,sec08,H_Aviation,0,0,0,
AM,56,co,NetCDF_output,2022,2024,allISO,annual,sec09,I_Offroad,40.839115220129,40.839115220129,40.839115220129,1
AM,56,co,NetCDF_output,2022,2024,allISO,annual,sec10,J_Waste,2986.43197250366,2986.43197250366,2986.43197250366,1
AM,56,co,NetCDF_output,2022,2024,allISO,annual,sec11,K_AgriLivestock,0,0,0,
AM,56,co,NetCDF_output,2022,2024,allISO,annual,sec12,L_AgriOther,12209.9099737515,12209.9099737515,12209.9099737515,1
AM,56,co,NetCDF_output,2022,2024,allISO,annual,sec13,M_Other,0,0,0,
AST,96,co,NetCDF_output,2022,2024,allISO,annual,sec01,A_PublicPower,510751.050543745,510751.050543745,510751.050543745,1
AST,96,co,NetCDF_output,2022,2024,allISO,annual,sec02,B_Industry,633750.578329448,633750.578329448,633750.578329448,1
AST,96,co,NetCDF_output,2022,2024,allISO,annual,sec03,C_OtherStationaryComb,9285653.79823426,9285653.79823426,9285653.79823426,1
AST,96,co,NetCDF_output,2022,2024,allISO,annual,sec04,D_Fugitive,237093.490138291,237093.490138291,237093.490138291,1
AST,96,co,NetCDF_output,2022,2024,allISO,annual,sec05,E_Solvents,600.223887952626,600.223887952626,600.223887952626,1
AST,96,co,NetCDF_output,2022,2024,allISO,annual,sec06,F_RoadTransport,1639168.70641301,1639168.70641301,1639168.70641301,1
AST,96,co,NetCDF_output,2022,2024,allISO,annual,sec07,G_Shipping,3962.92042310373,3962.92042310373,3962.92042310373,1
AST,96,co,NetCDF_output,2022,2024,allISO,annual,sec08,H_Aviation,4617.71599519856,4617.71599519856,4617.71599519856,1
AST,96,co,NetCDF_output,2022,2024,allISO,annual,sec09,I_Offroad,13428.4658952542,13428.4658952542,13428.4658952542,1
AST,96,co,NetCDF_output,2022,2024,allISO,annual,sec10,J_Waste,204.561637485482,204.561637485482,204.561637485482,1
AST,96,co,NetCDF_output,2022,2024,allISO,annual,sec11,K_AgriLivestock,0,0,0,
AST,96,co,NetCDF_output,2022,2024,allISO,annual,sec12,L_AgriOther,1467998.68252933,1467998.68252933,1467998.68252933,1
AST,96,co,NetCDF_output,2022,2024,allISO,annual,sec13,M_Other,0,0,0,
AT,2,co,NetCDF_output,2022,2024,allISO,annual,sec01,A_PublicPower,4192.87947954641,4192.87947954641,4192.87947954641,1
AT,2,co,NetCDF_output,2022,2024,allISO,annual,sec02,B_Industry,190189.338082818,190189.338082818,190189.338082818,1
AT,2,co,NetCDF_output,2022,2024,allISO,annual,sec03,C_OtherStationaryComb,208359.080155833,208359.080155833,208359.080155833,1
AT,2,co,NetCDF_output,2022,2024,allISO,annual,sec04,D_Fugitive,0,0,0,
AT,2,co,NetCDF_output,2022,2024,allISO,annual,sec05,E_Solvents,725.766093276769,725.766093276769,725.766093276769,1
AT,2,co,NetCDF_output,2022,2024,allISO,annual,sec06,F_RoadTransport,45824.7977203419,45824.7977203419,45824.7977203419,1
AT,2,co,NetCDF_output,2022,2024,allISO,annual,sec07,G_Shipping,2357.67254400253,2357.67254400253,2357.67254400253,1
AT,2,co,NetCDF_output,2022,2024,allISO,annual,sec08,H_Aviation,3126.20321600325,3126.20321600325,3126.20321600325,1
AT,2,co,NetCDF_output,2022,2024,allISO,annual,sec09,I_Offroad,23406.3673709433,23406.3673709433,23406.3673709433,1
AT,2,co,NetCDF_output,2022,2024,allISO,annual,sec10,J_Waste,2432.98349611833,2432.98349611833,2432.98349611833,1
AT,2,co,NetCDF_output,2022,2024,allISO,annual,sec11,K_AgriLivestock,0,0,0,
AT,2,co,NetCDF_output,2022,2024,allISO,annual,sec12,L_AgriOther,0,0,0,
AT,2,co,NetCDF_output,2022,2024,allISO,annual,sec13,M_Other,0,0,0,
ATL,32,co,NetCDF_output,2022,2024,allISO,annual,sec01,A_PublicPower,0,0,0,
ATL,32,co,NetCDF_output,2022,2024,allISO,annual,sec02,B_Industry,0,0,0,
ATL,32,co,NetCDF_output,2022,2024,allISO,annual,sec03,C_OtherStationaryComb,0,0,0,
ATL,32,co,NetCDF_output,2022,2024,allISO,annual,sec04,D_Fugitive,0,0,0,
ATL,32,co,NetCDF_output,2022,2024,allISO,annual,sec05,E_Solvents,0,0,0,
ATL,32,co,NetCDF_output,2022,2024,allISO,annual,sec06,F_RoadTransport,0,0,0,
ATL,32,co,NetCDF_output,2022,2024,allISO,annual,sec07,G_Shipping,68820.3320448256,68820.3320448256,68820.3320448256,1
ATL,32,co,NetCDF_output,2022,2024,allISO,annual,sec08,H_Aviation,0,0,0,
ATL,32,co,NetCDF_output,2022,2024,allISO,annual,sec09,I_Offroad,0,0,0,
ATL,32,co,NetCDF_output,2022,2024,allISO,annual,sec10,J_Waste,0,0,0,
ATL,32,co,NetCDF_output,2022,2024,allISO,annual,sec11,K_AgriLivestock,0,0,0,
ATL,32,co,NetCDF_output,2022,2024,allISO,annual,sec12,L_AgriOther,0,0,0,
ATL,32,co,NetCDF_output,2022,2024,allISO,annual,sec13,M_Other,0,0,0,
AZ,69,co,NetCDF_output,2022,2024,allISO,annual,sec01,A_PublicPower,911.542198181152,911.542198181152,911.542198181152,1
AZ,69,co,NetCDF_output,2022,2024,allISO,annual,sec02,B_Industry,15001.2728085518,15001.2728085518,15001.2728085518,1
AZ,69,co,NetCDF_output,2022,2024,allISO,annual,sec03,C_OtherStationaryComb,11214.9969277084,11214.9969277084,11214.9969277084,1
AZ,69,co,NetCDF_output,2022,2024,allISO,annual,sec04,D_Fugitive,2037.23754469929,2037.23754469929,2037.23754469929,1
AZ,69,co,NetCDF_output,2022,2024,allISO,annual,sec05,E_Solvents,4783.33693827316,4783.33693827316,4783.33693827316,1
AZ,69,co,NetCDF_output,2022,2024,allISO,annual,sec06,F_RoadTransport,406432.009476316,406432.009476316,406432.009476316,1
AZ,69,co,NetCDF_output,2022,2024,allISO,annual,sec07,G_Shipping,352.707659138308,352.707659138308,352.707659138308,1
AZ,69,co,NetCDF_output,2022,2024,allISO,annual,sec08,H_Aviation,0,0,0,
AZ,69,co,NetCDF_output,2022,2024,allISO,annual,sec09,I_Offroad,1796.77285411843,1796.77285411843,1796.77285411843,1
AZ,69,co,NetCDF_output,2022,2024,allISO,annual,sec10,J_Waste,7701.35000152382,7701.35000152382,7701.35000152382,1
AZ,69,co,NetCDF_output,2022,2024,allISO,annual,sec11,K_AgriLivestock,0,0,0,
AZ,69,co,NetCDF_output,2022,2024,allISO,annual,sec12,L_AgriOther,22193.7080209034,22193.7080209034,22193.7080209034,1
AZ,69,co,NetCDF_output,2022,2024,allISO,annual,sec13,M_Other,0,0,0,
BA,50,co,NetCDF_output,2022,2024,allISO,annual,sec01,A_PublicPower,1746.5709682703,1746.5709682703,1746.5709682703,1
BA,50,co,NetCDF_output,2022,2024,allISO,annual,sec02,B_Industry,6144.71689727157,6144.71689727157,6144.71689727157,1
BA,50,co,NetCDF_output,2022,2024,allISO,annual,sec03,C_OtherStationaryComb,140538.547197878,140538.547197878,140538.547197878,1
BA,50,co,NetCDF_output,2022,2024,allISO,annual,sec04,D_Fugitive,0,0,0,
BA,50,co,NetCDF_output,2022,2024,allISO,annual,sec05,E_Solvents,1363.36434008164,1363.36434008164,1363.36434008164,1
BA,50,co,NetCDF_output,2022,2024,allISO,annual,sec06,F_RoadTransport,20742.7056664897,20742.7056664897,20742.7056664897,1
BA,50,co,NetCDF_output,2022,2024,allISO,annual,sec07,G_Shipping,0,0,0,
BA,50,co,NetCDF_output,2022,2024,allISO,annual,sec08,H_Aviation,0,0,0,
BA,50,co,NetCDF_output,2022,2024,allISO,annual,sec09,I_Offroad,256.152023894565,256.152023894565,256.152023894565,1
BA,50,co,NetCDF_output,2022,2024,allISO,annual,sec10,J_Waste,10719.6179784248,10719.6179784248,10719.6179784248,1
BA,50,co,NetCDF_output,2022,2024,allISO,annual,sec11,K_AgriLivestock,0,0,0,
BA,50,co,NetCDF_output,2022,2024,allISO,annual,sec12,L_AgriOther,12756.920044899,12756.920044899,12756.920044899,1
BA,50,co,NetCDF_output,2022,2024,allISO,annual,sec13,M_Other,0,0,0,
BAS,30,co,NetCDF_output,2022,2024,allISO,annual,sec01,A_PublicPower,0,0,0,
BAS,30,co,NetCDF_output,2022,2024,allISO,annual,sec02,B_Industry,0,0,0,
BAS,30,co,NetCDF_output,2022,2024,allISO,annual,sec03,C_OtherStationaryComb,0,0,0,
BAS,30,co,NetCDF_output,2022,2024,allISO,annual,sec04,D_Fugitive,0,0,0,
BAS,30,co,NetCDF_output,2022,2024,allISO,annual,sec05,E_Solvents,0,0,0,
BAS,30,co,NetCDF_output,2022,2024,allISO,annual,sec06,F_RoadTransport,0,0,0,
BAS,30,co,NetCDF_output,2022,2024,allISO,annual,sec07,G_Shipping,28860.3742272955,28860.3742272955,28860.3742272955,1
BAS,30,co,NetCDF_output,2022,2024,allISO,annual,sec08,H_Aviation,0,0,0,
BAS,30,co,NetCDF_output,2022,2024,allISO,annual,sec09,I_Offroad,0,0,0,
BAS,30,co,NetCDF_output,2022,2024,allISO,annual,sec10,J_Waste,0,0,0,
BAS,30,co,NetCDF_output,2022,2024,allISO,annual,sec11,K_AgriLivestock,0,0,0,
BAS,30,co,NetCDF_output,2022,2024,allISO,annual,sec12,L_AgriOther,0,0,0,
BAS,30,co,NetCDF_output,2022,2024,allISO,annual,sec13,M_Other,0,0,0,
BE,3,co,NetCDF_output,2022,2024,allISO,annual,sec01,A_PublicPower,2083.09489296749,2083.09489296749,2083.09489296749,1
BE,3,co,NetCDF_output,2022,2024,allISO,annual,sec02,B_Industry,125907.814583918,125907.814583918,125907.814583918,1
BE,3,co,NetCDF_output,2022,2024,allISO,annual,sec03,C_OtherStationaryComb,65271.495972621,65271.495972621,65271.495972621,1
BE,3,co,NetCDF_output,2022,2024,allISO,annual,sec04,D_Fugitive,317.916004799306,317.916004799306,317.916004799306,1
BE,3,co,NetCDF_output,2022,2024,allISO,annual,sec05,E_Solvents,776.205429158908,776.205429158908,776.205429158908,1
BE,3,co,NetCDF_output,2022,2024,allISO,annual,sec06,F_RoadTransport,35280.0351521711,35280.0351521711,35280.0351521711,1
BE,3,co,NetCDF_output,2022,2024,allISO,annual,sec07,G_Shipping,939.233240216595,939.233240216595,939.233240216595,1
BE,3,co,NetCDF_output,2022,2024,allISO,annual,sec08,H_Aviation,2193.71888931483,2193.71888931483,2193.71888931483,1
BE,3,co,NetCDF_output,2022,2024,allISO,annual,sec09,I_Offroad,30840.1917475946,30840.1917475946,30840.1917475946,1
BE,3,co,NetCDF_output,2022,2024,allISO,annual,sec10,J_Waste,158.161725413462,158.161725413462,158.161725413462,1
BE,3,co,NetCDF_output,2022,2024,allISO,annual,sec11,K_AgriLivestock,0,0,0,
BE,3,co,NetCDF_output,2022,2024,allISO,annual,sec12,L_AgriOther,0,0,0,
BE,3,co,NetCDF_output,2022,2024,allISO,annual,sec13,M_Other,0,0,0,
BG,4,co,NetCDF_output,2022,2024,allISO,annual,sec01,A_PublicPower,5644.65509899263,5644.65509899263,5644.65509899263,1
BG,4,co,NetCDF_output,2022,2024,allISO,annual,sec02,B_Industry,22343.6928710938,22343.6928710938,22343.6928710938,1
BG,4,co,NetCDF_output,2022,2024,allISO,annual,sec03,C_OtherStationaryComb,111493.295641005,111493.295641005,111493.295641005,1
BG,4,co,NetCDF_output,2022,2024,allISO,annual,sec04,D_Fugitive,717.91445222497,717.91445222497,717.91445222497,1
BG,4,co,NetCDF_output,2022,2024,allISO,annual,sec05,E_Solvents,875.469877064228,875.469877064228,875.469877064228,1
BG,4,co,NetCDF_output,2022,2024,allISO,annual,sec06,F_RoadTransport,49248.9148482084,49248.9148482084,49248.9148482084,1
BG,4,co,NetCDF_output,2022,2024,allISO,annual,sec07,G_Shipping,104.325729889795,104.325729889795,104.325729889795,1
BG,4,co,NetCDF_output,2022,2024,allISO,annual,sec08,H_Aviation,117.441137421876,117.441137421876,117.441137421876,1
BG,4,co,NetCDF_output,2022,2024,allISO,annual,sec09,I_Offroad,9840.17182083428,9840.17182083428,9840.17182083428,1
BG,4,co,NetCDF_output,2022,2024,allISO,annual,sec10,J_Waste,45.4470431618393,45.4470431618393,45.4470431618393,1
BG,4,co,NetCDF_output,2022,2024,allISO,annual,sec11,K_AgriLivestock,0,0,0,
BG,4,co,NetCDF_output,2022,2024,allISO,annual,sec12,L_AgriOther,26.7371605120716,26.7371605120716,26.7371605120716,1
BG,4,co,NetCDF_output,2022,2024,allISO,annual,sec13,M_Other,0,0,0,
BLS,34,co,NetCDF_output,2022,2024,allISO,annual,sec01,A_PublicPower,0,0,0,
BLS,34,co,NetCDF_output,2022,2024,allISO,annual,sec02,B_Industry,0,0,0,
BLS,34,co,NetCDF_output,2022,2024,allISO,annual,sec03,C_OtherStationaryComb,0,0,0,
BLS,34,co,NetCDF_output,2022,2024,allISO,annual,sec04,D_Fugitive,0,0,0,
BLS,34,co,NetCDF_output,2022,2024,allISO,annual,sec05,E_Solvents,0,0,0,
BLS,34,co,NetCDF_output,2022,2024,allISO,annual,sec06,F_RoadTransport,0,0,0,
BLS,34,co,NetCDF_output,2022,2024,allISO,annual,sec07,G_Shipping,6642.39935343053,6642.39935343053,6642.39935343053,1
BLS,34,co,NetCDF_output,2022,2024,allISO,annual,sec08,H_Aviation,0,0,0,
BLS,34,co,NetCDF_output,2022,2024,allISO,annual,sec09,I_Offroad,0,0,0,
BLS,34,co,NetCDF_output,2022,2024,allISO,annual,sec10,J_Waste,0,0,0,
BLS,34,co,NetCDF_output,2022,2024,allISO,annual,sec11,K_AgriLivestock,0,0,0,
BLS,34,co,NetCDF_output,2022,2024,allISO,annual,sec12,L_AgriOther,0,0,0,
BLS,34,co,NetCDF_output,2022,2024,allISO,annual,sec13,M_Other,0,0,0,
BY,39,co,NetCDF_output,2022,2024,allISO,annual,sec01,A_PublicPower,3475.91960254312,3475.91960254312,3475.91960254312,1
BY,39,co,NetCDF_output,2022,2024,allISO,annual,sec02,B_Industry,13720.5957799202,13720.5957799202,13720.5957799202,1
BY,39,co,NetCDF_output,2022,2024,allISO,annual,sec03,C_OtherStationaryComb,141083.868117072,141083.868117072,141083.868117072,1
BY,39,co,NetCDF_output,2022,2024,allISO,annual,sec04,D_Fugitive,82.8142317533493,82.8142317533493,82.8142317533493,1
BY,39,co,NetCDF_output,2022,2024,allISO,annual,sec05,E_Solvents,3921.16365436395,3921.16365436395,3921.16365436395,1
BY,39,co,NetCDF_output,2022,2024,allISO,annual,sec06,F_RoadTransport,84485.8699903449,84485.8699903449,84485.8699903449,1
BY,39,co,NetCDF_output,2022,2024,allISO,annual,sec07,G_Shipping,0,0,0,
BY,39,co,NetCDF_output,2022,2024,allISO,annual,sec08,H_Aviation,0,0,0,
BY,39,co,NetCDF_output,2022,2024,allISO,annual,sec09,I_Offroad,82181.5144740942,82181.5144740942,82181.5144740942,1
BY,39,co,NetCDF_output,2022,2024,allISO,annual,sec10,J_Waste,19152.0459960951,19152.0459960951,19152.0459960951,1
BY,39,co,NetCDF_output,2022,2024,allISO,annual,sec11,K_AgriLivestock,0,0,0,
BY,39,co,NetCDF_output,2022,2024,allISO,annual,sec12,L_AgriOther,91796.5998535156,91796.5998535156,91796.5998535156,1
BY,39,co,NetCDF_output,2022,2024,allISO,annual,sec13,M_Other,0,0,0,
CAS,80,co,NetCDF_output,2022,2024,allISO,annual,sec01,A_PublicPower,0,0,0,
CAS,80,co,NetCDF_output,2022,2024,allISO,annual,sec02,B_Industry,0,0,0,
CAS,80,co,NetCDF_output,2022,2024,allISO,annual,sec03,C_OtherStationaryComb,0,0,0,
CAS,80,co,NetCDF_output,2022,2024,allISO,annual,sec04,D_Fugitive,0,0,0,
CAS,80,co,NetCDF_output,2022,2024,allISO,annual,sec05,E_Solvents,0,0,0,
CAS,80,co,NetCDF_output,2022,2024,allISO,annual,sec06,F_RoadTransport,0,0,0,
CAS,80,co,NetCDF_output,2022,2024,allISO,annual,sec07,G_Shipping,1189.04737379331,1189.04737379331,1189.04737379331,1
CAS,80,co,NetCDF_output,2022,2024,allISO,annual,sec08,H_Aviation,0,0,0,
CAS,80,co,NetCDF_output,2022,2024,allISO,annual,sec09,I_Offroad,0,0,0,
CAS,80,co,NetCDF_output,2022,2024,allISO,annual,sec10,J_Waste,0,0,0,
CAS,80,co,NetCDF_output,2022,2024,allISO,annual,sec11,K_AgriLivestock,0,0,0,
CAS,80,co,NetCDF_output,2022,2024,allISO,annual,sec12,L_AgriOther,0,0,0,
CAS,80,co,NetCDF_output,2022,2024,allISO,annual,sec13,M_Other,0,0,0,
CH,24,co,NetCDF_output,2022,2024,allISO,annual,sec01,A_PublicPower,536.044721611543,536.044721611543,536.044721611543,1
CH,24,co,NetCDF_output,2022,2024,allISO,annual,sec02,B_Industry,15748.2466497421,15748.2466497421,15748.2466497421,1
CH,24,co,NetCDF_output,2022,2024,allISO,annual,sec03,C_OtherStationaryComb,31576.7100235438,31576.7100235438,31576.7100235438,1
CH,24,co,NetCDF_output,2022,2024,allISO,annual,sec04,D_Fugitive,0.132010697332589,0.132010697332589,0.132010697332589,1
CH,24,co,NetCDF_output,2022,2024,allISO,annual,sec05,E_Solvents,550.666601862758,550.666601862758,550.666601862758,1
CH,24,co,NetCDF_output,2022,2024,allISO,annual,sec06,F_RoadTransport,58172.445904538,58172.445904538,58172.445904538,1
CH,24,co,NetCDF_output,2022,2024,allISO,annual,sec07,G_Shipping,4975.63122195006,4975.63122195006,4975.63122195006,1
CH,24,co,NetCDF_output,2022,2024,allISO,annual,sec08,H_Aviation,2272.59423474968,2272.59423474968,2272.59423474968,1
CH,24,co,NetCDF_output,2022,2024,allISO,annual,sec09,I_Offroad,28059.9902306504,28059.9902306504,28059.9902306504,1
CH,24,co,NetCDF_output,2022,2024,allISO,annual,sec10,J_Waste,1381.37666559425,1381.37666559425,1381.37666559425,1
CH,24,co,NetCDF_output,2022,2024,allISO,annual,sec11,K_AgriLivestock,0,0,0,
CH,24,co,NetCDF_output,2022,2024,allISO,annual,sec12,L_AgriOther,0,0,0,
CH,24,co,NetCDF_output,2022,2024,allISO,annual,sec13,M_Other,468.443901887629,468.443901887629,468.443901887629,1
CY,55,co,NetCDF_output,2022,2024,allISO,annual,sec01,A_PublicPower,412.420069396496,412.420069396496,412.420069396496,1
CY,55,co,NetCDF_output,2022,2024,allISO,annual,sec02,B_Industry,2559.21419574063,2559.21419574063,2559.21419574063,1
CY,55,co,NetCDF_output,2022,2024,allISO,annual,sec03,C_OtherStationaryComb,383.826183742611,383.826183742611,383.826183742611,1
CY,55,co,NetCDF_output,2022,2024,allISO,annual,sec04,D_Fugitive,0,0,0,
CY,55,co,NetCDF_output,2022,2024,allISO,annual,sec05,E_Solvents,50.3201219546609,50.3201219546609,50.3201219546609,1
CY,55,co,NetCDF_output,2022,2024,allISO,annual,sec06,F_RoadTransport,5213.32739798538,5213.32739798538,5213.32739798538,1
CY,55,co,NetCDF_output,2022,2024,allISO,annual,sec07,G_Shipping,28.1973034143448,28.1973034143448,28.1973034143448,1
CY,55,co,NetCDF_output,2022,2024,allISO,annual,sec08,H_Aviation,191.824565887451,191.824565887451,191.824565887451,1
CY,55,co,NetCDF_output,2022,2024,allISO,annual,sec09,I_Offroad,162.560901181145,162.560901181145,162.560901181145,1
CY,55,co,NetCDF_output,2022,2024,allISO,annual,sec10,J_Waste,42.0720644678804,42.0720644678804,42.0720644678804,1
CY,55,co,NetCDF_output,2022,2024,allISO,annual,sec11,K_AgriLivestock,0,0,0,
CY,55,co,NetCDF_output,2022,2024,allISO,annual,sec12,L_AgriOther,98.3691605102504,98.3691605102504,98.3691605102504,1
CY,55,co,NetCDF_output,2022,2024,allISO,annual,sec13,M_Other,0,0,0,
CZ,46,co,NetCDF_output,2022,2024,allISO,annual,sec01,A_PublicPower,11339.6982761272,11339.6982761272,11339.6982761272,1
CZ,46,co,NetCDF_output,2022,2024,allISO,annual,sec02,B_Industry,180481.236718889,180481.236718889,180481.236718889,1
CZ,46,co,NetCDF_output,2022,2024,allISO,annual,sec03,C_OtherStationaryComb,745631.111156405,745631.111156405,745631.111156405,1
CZ,46,co,NetCDF_output,2022,2024,allISO,annual,sec04,D_Fugitive,95.490238904953,95.490238904953,95.490238904953,1
CZ,46,co,NetCDF_output,2022,2024,allISO,annual,sec05,E_Solvents,1207.28956658213,1207.28956658213,1207.28956658213,1
CZ,46,co,NetCDF_output,2022,2024,allISO,annual,sec06,F_RoadTransport,58991.3901538905,58991.3901538905,58991.3901538905,1
CZ,46,co,NetCDF_output,2022,2024,allISO,annual,sec07,G_Shipping,59.1900004927302,59.1900004927302,59.1900004927302,1
CZ,46,co,NetCDF_output,2022,2024,allISO,annual,sec08,H_Aviation,1653.22747707367,1653.22747707367,1653.22747707367,1
CZ,46,co,NetCDF_output,2022,2024,allISO,annual,sec09,I_Offroad,27250.9969355864,27250.9969355864,27250.9969355864,1
CZ,46,co,NetCDF_output,2022,2024,allISO,annual,sec10,J_Waste,7876.60712480097,7876.60712480097,7876.60712480097,1
CZ,46,co,NetCDF_output,2022,2024,allISO,annual,sec11,K_AgriLivestock,0,0,0,
CZ,46,co,NetCDF_output,2022,2024,allISO,annual,sec12,L_AgriOther,0,0,0,
CZ,46,co,NetCDF_output,2022,2024,allISO,annual,sec13,M_Other,0,0,0,
DE,60,co,NetCDF_output,2022,2024,allISO,annual,sec01,A_PublicPower,94692.8147957593,94692.8147957593,94692.8147957593,1
DE,60,co,NetCDF_output,2022,2024,allISO,annual,sec02,B_Industry,777944.871485356,777944.871485356,777944.871485356,1
DE,60,co,NetCDF_output,2022,2024,allISO,annual,sec03,C_OtherStationaryComb,500281.203434278,500281.203434278,500281.203434278,1
DE,60,co,NetCDF_output,2022,2024,allISO,annual,sec04,D_Fugitive,731.188270064778,731.188270064778,731.188270064778,1
DE,60,co,NetCDF_output,2022,2024,allISO,annual,sec05,E_Solvents,11938.8961767654,11938.8961767654,11938.8961767654,1
DE,60,co,NetCDF_output,2022,2024,allISO,annual,sec06,F_RoadTransport,768281.310923988,768281.310923988,768281.310923988,1
DE,60,co,NetCDF_output,2022,2024,allISO,annual,sec07,G_Shipping,6967.15208904682,6967.15208904682,6967.15208904682,1
DE,60,co,NetCDF_output,2022,2024,allISO,annual,sec08,H_Aviation,6554.82010004833,6554.82010004833,6554.82010004833,1
DE,60,co,NetCDF_output,2022,2024,allISO,annual,sec09,I_Offroad,355812.605583398,355812.605583398,355812.605583398,1
DE,60,co,NetCDF_output,2022,2024,allISO,annual,sec10,J_Waste,15966.3151653787,15966.3151653787,15966.3151653787,1
DE,60,co,NetCDF_output,2022,2024,allISO,annual,sec11,K_AgriLivestock,0,0,0,
DE,60,co,NetCDF_output,2022,2024,allISO,annual,sec12,L_AgriOther,0,0,0,
DE,60,co,NetCDF_output,2022,2024,allISO,annual,sec13,M_Other,0,0,0,
DK,6,co,NetCDF_output,2022,2024,allISO,annual,sec01,A_PublicPower,12639.6470065712,12639.6470065712,12639.6470065712,1
DK,6,co,NetCDF_output,2022,2024,allISO,annual,sec02,B_Industry,8744.46119027705,8744.46119027705,8744.46119027705,1
DK,6,co,NetCDF_output,2022,2024,allISO,annual,sec03,C_OtherStationaryComb,48522.1881283626,48522.1881283626,48522.1881283626,1
DK,6,co,NetCDF_output,2022,2024,allISO,annual,sec04,D_Fugitive,84.8826648301701,84.8826648301701,84.8826648301701,1
DK,6,co,NetCDF_output,2022,2024,allISO,annual,sec05,E_Solvents,2466.19457476943,2466.19457476943,2466.19457476943,1
DK,6,co,NetCDF_output,2022,2024,allISO,annual,sec06,F_RoadTransport,43331.1992551876,43331.1992551876,43331.1992551876,1
DK,6,co,NetCDF_output,2022,2024,allISO,annual,sec07,G_Shipping,885.147114836742,885.147114836742,885.147114836742,1
DK,6,co,NetCDF_output,2022,2024,allISO,annual,sec08,H_Aviation,892.182321192377,892.182321192377,892.182321192377,1
DK,6,co,NetCDF_output,2022,2024,allISO,annual,sec09,I_Offroad,58591.2978263654,58591.2978263654,58591.2978263654,1
DK,6,co,NetCDF_output,2022,2024,allISO,annual,sec10,J_Waste,2460.6480976812,2460.6480976812,2460.6480976812,1
DK,6,co,NetCDF_output,2022,2024,allISO,annual,sec11,K_AgriLivestock,0,0,0,
DK,6,co,NetCDF_output,2022,2024,allISO,annual,sec12,L_AgriOther,1273.85160847164,1273.85160847164,1273.85160847164,1
DK,6,co,NetCDF_output,2022,2024,allISO,annual,sec13,M_Other,0,0,0,
EE,43,co,NetCDF_output,2022,2024,allISO,annual,sec01,A_PublicPower,3398.51402082492,3398.51402082492,3398.51402082492,1
EE,43,co,NetCDF_output,2022,2024,allISO,annual,sec02,B_Industry,39550.6737199673,39550.6737199673,39550.6737199673,1
EE,43,co,NetCDF_output,2022,2024,allISO,annual,sec03,C_OtherStationaryComb,55104.0290359273,55104.0290359273,55104.0290359273,1
EE,43,co,NetCDF_output,2022,2024,allISO,annual,sec04,D_Fugitive,436.576999967918,436.576999967918,436.576999967918,1
EE,43,co,NetCDF_output,2022,2024,allISO,annual,sec05,E_Solvents,82.5940002724528,82.5940002724528,82.5940002724528,1
EE,43,co,NetCDF_output,2022,2024,allISO,annual,sec06,F_RoadTransport,5446.66244972497,5446.66244972497,5446.66244972497,1
EE,43,co,NetCDF_output,2022,2024,allISO,annual,sec07,G_Shipping,42.5130001849029,42.5130001849029,42.5130001849029,1
EE,43,co,NetCDF_output,2022,2024,allISO,annual,sec08,H_Aviation,170.429007984698,170.429007984698,170.429007984698,1
EE,43,co,NetCDF_output,2022,2024,allISO,annual,sec09,I_Offroad,2044.4989993968,2044.4989993968,2044.4989993968,1
EE,43,co,NetCDF_output,2022,2024,allISO,annual,sec10,J_Waste,73.8270001354395,73.8270001354395,73.8270001354395,1
EE,43,co,NetCDF_output,2022,2024,allISO,annual,sec11,K_AgriLivestock,0,0,0,
EE,43,co,NetCDF_output,2022,2024,allISO,annual,sec12,L_AgriOther,0,0,0,
EE,43,co,NetCDF_output,2022,2024,allISO,annual,sec13,M_Other,0,0,0,
ES,22,co,NetCDF_output,2022,2024,allISO,annual,sec01,A_PublicPower,34471.7825890419,34471.7825890419,34471.7825890419,1
ES,22,co,NetCDF_output,2022,2024,allISO,annual,sec02,B_Industry,258824.577332401,258824.577332401,258824.577332401,1
ES,22,co,NetCDF_output,2022,2024,allISO,annual,sec03,C_OtherStationaryComb,247754.457193725,247754.457193725,247754.457193725,1
ES,22,co,NetCDF_output,2022,2024,allISO,annual,sec04,D_Fugitive,2155.70289318473,2155.70289318473,2155.70289318473,1
ES,22,co,NetCDF_output,2022,2024,allISO,annual,sec05,E_Solvents,3336.92804445432,3336.92804445432,3336.92804445432,1
ES,22,co,NetCDF_output,2022,2024,allISO,annual,sec06,F_RoadTransport,130990.050394608,130990.050394608,130990.050394608,1
ES,22,co,NetCDF_output,2022,2024,allISO,annual,sec07,G_Shipping,2643.33414583175,2643.33414583175,2643.33414583175,1
ES,22,co,NetCDF_output,2022,2024,allISO,annual,sec08,H_Aviation,5096.28342127509,5096.28342127509,5096.28342127509,1
ES,22,co,NetCDF_output,2022,2024,allISO,annual,sec09,I_Offroad,60147.6879603913,60147.6879603913,60147.6879603913,1
ES,22,co,NetCDF_output,2022,2024,allISO,annual,sec10,J_Waste,733298.95156144,733298.95156144,733298.95156144,1
ES,22,co,NetCDF_output,2022,2024,allISO,annual,sec11,K_AgriLivestock,0,0,0,
ES,22,co,NetCDF_output,2022,2024,allISO,annual,sec12,L_AgriOther,15653.1915042381,15653.1915042381,15653.1915042381,1
ES,22,co,NetCDF_output,2022,2024,allISO,annual,sec13,M_Other,0,0,0,
FI,7,co,NetCDF_output,2022,2024,allISO,annual,sec01,A_PublicPower,15991.853635731,15991.853635731,15991.853635731,1
FI,7,co,NetCDF_output,2022,2024,allISO,annual,sec02,B_Industry,21418.9869851641,21418.9869851641,21418.9869851641,1
FI,7,co,NetCDF_output,2022,2024,allISO,annual,sec03,C_OtherStationaryComb,162308.506139016,162308.506139016,162308.506139016,1
FI,7,co,NetCDF_output,2022,2024,allISO,annual,sec04,D_Fugitive,0,0,0,
FI,7,co,NetCDF_output,2022,2024,allISO,annual,sec05,E_Solvents,121.99405832545,121.99405832545,121.99405832545,1
FI,7,co,NetCDF_output,2022,2024,allISO,annual,sec06,F_RoadTransport,23584.3160472458,23584.3160472458,23584.3160472458,1
FI,7,co,NetCDF_output,2022,2024,allISO,annual,sec07,G_Shipping,20957.8912495887,20957.8912495887,20957.8912495887,1
FI,7,co,NetCDF_output,2022,2024,allISO,annual,sec08,H_Aviation,826.797122120857,826.797122120857,826.797122120857,1
FI,7,co,NetCDF_output,2022,2024,allISO,annual,sec09,I_Offroad,64998.1934068098,64998.1934068098,64998.1934068098,1
FI,7,co,NetCDF_output,2022,2024,allISO,annual,sec10,J_Waste,0,0,0,
FI,7,co,NetCDF_output,2022,2024,allISO,annual,sec11,K_AgriLivestock,0,0,0,
FI,7,co,NetCDF_output,2022,2024,allISO,annual,sec12,L_AgriOther,0,0,0,
FI,7,co,NetCDF_output,2022,2024,allISO,annual,sec13,M_Other,0,0,0,
FR,8,co,NetCDF_output,2022,2024,allISO,annual,sec01,A_PublicPower,26365.0534747162,26365.0534747162,26365.0534747162,1
FR,8,co,NetCDF_output,2022,2024,allISO,annual,sec02,B_Industry,657691.86293648,657691.86293648,657691.86293648,1
FR,8,co,NetCDF_output,2022,2024,allISO,annual,sec03,C_OtherStationaryComb,1051685.7922444,1051685.7922444,1051685.7922444,1
FR,8,co,NetCDF_output,2022,2024,allISO,annual,sec04,D_Fugitive,30384.2899436951,30384.2899436951,30384.2899436951,1
FR,8,co,NetCDF_output,2022,2024,allISO,annual,sec05,E_Solvents,2860.18189933402,2860.18189933402,2860.18189933402,1
FR,8,co,NetCDF_output,2022,2024,allISO,annual,sec06,F_RoadTransport,230704.378624676,230704.378624676,230704.378624676,1
FR,8,co,NetCDF_output,2022,2024,allISO,annual,sec07,G_Shipping,1268.00676806099,1268.00676806099,1268.00676806099,1
FR,8,co,NetCDF_output,2022,2024,allISO,annual,sec08,H_Aviation,10207.449825728,10207.449825728,10207.449825728,1
FR,8,co,NetCDF_output,2022,2024,allISO,annual,sec09,I_Offroad,369687.999556764,369687.999556764,369687.999556764,1
FR,8,co,NetCDF_output,2022,2024,allISO,annual,sec10,J_Waste,28956.0307407784,28956.0307407784,28956.0307407784,1
FR,8,co,NetCDF_output,2022,2024,allISO,annual,sec11,K_AgriLivestock,0,0,0,
FR,8,co,NetCDF_output,2022,2024,allISO,annual,sec12,L_AgriOther,26892.4621834304,26892.4621834304,26892.4621834304,1
FR,8,co,NetCDF_output,2022,2024,allISO,annual,sec13,M_Other,0,0,0,
GB,27,co,NetCDF_output,2022,2024,allISO,annual,sec01,A_PublicPower,5.93187427520752,5.93187427520752,5.93187427520752,1
GB,27,co,NetCDF_output,2022,2024,allISO,annual,sec02,B_Industry,13467.6289440002,13467.6289440002,13467.6289440002,1
GB,27,co,NetCDF_output,2022,2024,allISO,annual,sec03,C_OtherStationaryComb,0,0,0,
GB,27,co,NetCDF_output,2022,2024,allISO,annual,sec04,D_Fugitive,7597.35542263277,7597.35542263277,7597.35542263277,1
GB,27,co,NetCDF_output,2022,2024,allISO,annual,sec05,E_Solvents,0,0,0,
GB,27,co,NetCDF_output,2022,2024,allISO,annual,sec06,F_RoadTransport,0,0,0,
GB,27,co,NetCDF_output,2022,2024,allISO,annual,sec07,G_Shipping,2132.71601348989,2132.71601348989,2132.71601348989,1
GB,27,co,NetCDF_output,2022,2024,allISO,annual,sec08,H_Aviation,0,0,0,
GB,27,co,NetCDF_output,2022,2024,allISO,annual,sec09,I_Offroad,427.05039167947,427.05039167947,427.05039167947,1
GB,27,co,NetCDF_output,2022,2024,allISO,annual,sec10,J_Waste,0,0,0,
GB,27,co,NetCDF_output,2022,2024,allISO,annual,sec11,K_AgriLivestock,0,0,0,
GB,27,co,NetCDF_output,2022,2024,allISO,annual,sec12,L_AgriOther,0,0,0,
GB,27,co,NetCDF_output,2022,2024,allISO,annual,sec13,M_Other,0,0,0,
GE,54,co,NetCDF_output,2022,2024,allISO,annual,sec01,A_PublicPower,127.539497375488,127.539497375488,127.539497375488,1
GE,54,co,NetCDF_output,2022,2024,allISO,annual,sec02,B_Industry,7288.54020860931,7288.54020860931,7288.54020860931,1
GE,54,co,NetCDF_output,2022,2024,allISO,annual,sec03,C_OtherStationaryComb,36180.279915343,36180.279915343,36180.279915343,1
GE,54,co,NetCDF_output,2022,2024,allISO,annual,sec04,D_Fugitive,4.30288854241371,4.30288854241371,4.30288854241371,1
GE,54,co,NetCDF_output,2022,2024,allISO,annual,sec05,E_Solvents,0,0,0,
GE,54,co,NetCDF_output,2022,2024,allISO,annual,sec06,F_RoadTransport,67012.083476522,67012.083476522,67012.083476522,1
GE,54,co,NetCDF_output,2022,2024,allISO,annual,sec07,G_Shipping,2.22000002861023,2.22000002861023,2.22000002861023,1
GE,54,co,NetCDF_output,2022,2024,allISO,annual,sec08,H_Aviation,0,0,0,
GE,54,co,NetCDF_output,2022,2024,allISO,annual,sec09,I_Offroad,1090.9024999532,1090.9024999532,1090.9024999532,1
GE,54,co,NetCDF_output,2022,2024,allISO,annual,sec10,J_Waste,15.0535365492106,15.0535365492106,15.0535365492106,1
GE,54,co,NetCDF_output,2022,2024,allISO,annual,sec11,K_AgriLivestock,0,0,0,
GE,54,co,NetCDF_output,2022,2024,allISO,annual,sec12,L_AgriOther,0,0,0,
GE,54,co,NetCDF_output,2022,2024,allISO,annual,sec13,M_Other,0,0,0,
GR,11,co,NetCDF_output,2022,2024,allISO,annual,sec01,A_PublicPower,6464.3873538971,6464.3873538971,6464.3873538971,1
GR,11,co,NetCDF_output,2022,2024,allISO,annual,sec02,B_Industry,41172.8012482941,41172.8012482941,41172.8012482941,1
GR,11,co,NetCDF_output,2022,2024,allISO,annual,sec03,C_OtherStationaryComb,108618.100120082,108618.100120082,108618.100120082,1
GR,11,co,NetCDF_output,2022,2024,allISO,annual,sec04,D_Fugitive,1979.74287338258,1979.74287338258,1979.74287338258,1
GR,11,co,NetCDF_output,2022,2024,allISO,annual,sec05,E_Solvents,1382.82842073619,1382.82842073619,1382.82842073619,1
GR,11,co,NetCDF_output,2022,2024,allISO,annual,sec06,F_RoadTransport,160457.607349953,160457.607349953,160457.607349953,1
GR,11,co,NetCDF_output,2022,2024,allISO,annual,sec07,G_Shipping,2528.52857153798,2528.52857153798,2528.52857153798,1
GR,11,co,NetCDF_output,2022,2024,allISO,annual,sec08,H_Aviation,1310.68284577131,1310.68284577131,1310.68284577131,1
GR,11,co,NetCDF_output,2022,2024,allISO,annual,sec09,I_Offroad,24342.7479078257,24342.7479078257,24342.7479078257,1
GR,11,co,NetCDF_output,2022,2024,allISO,annual,sec10,J_Waste,75349.245487315,75349.245487315,75349.245487315,1
GR,11,co,NetCDF_output,2022,2024,allISO,annual,sec11,K_AgriLivestock,0,0,0,
GR,11,co,NetCDF_output,2022,2024,allISO,annual,sec12,L_AgriOther,17888.0173290097,17888.0173290097,17888.0173290097,1
GR,11,co,NetCDF_output,2022,2024,allISO,annual,sec13,M_Other,0,0,0,
HR,49,co,NetCDF_output,2022,2024,allISO,annual,sec01,A_PublicPower,1560.65669441223,1560.65669441223,1560.65669441223,1
HR,49,co,NetCDF_output,2022,2024,allISO,annual,sec02,B_Industry,6911.16168262477,6911.16168262477,6911.16168262477,1
HR,49,co,NetCDF_output,2022,2024,allISO,annual,sec03,C_OtherStationaryComb,150884.408243215,150884.408243215,150884.408243215,1
HR,49,co,NetCDF_output,2022,2024,allISO,annual,sec04,D_Fugitive,13765.6728833797,13765.6728833797,13765.6728833797,1
HR,49,co,NetCDF_output,2022,2024,allISO,annual,sec05,E_Solvents,483.626013008666,483.626013008666,483.626013008666,1
HR,49,co,NetCDF_output,2022,2024,allISO,annual,sec06,F_RoadTransport,20859.9730168879,20859.9730168879,20859.9730168879,1
HR,49,co,NetCDF_output,2022,2024,allISO,annual,sec07,G_Shipping,357.420969012601,357.420969012601,357.420969012601,1
HR,49,co,NetCDF_output,2022,2024,allISO,annual,sec08,H_Aviation,869.424381613731,869.424381613731,869.424381613731,1
HR,49,co,NetCDF_output,2022,2024,allISO,annual,sec09,I_Offroad,9099.64687784389,9099.64687784389,9099.64687784389,1
HR,49,co,NetCDF_output,2022,2024,allISO,annual,sec10,J_Waste,1998.00877571106,1998.00877571106,1998.00877571106,1
HR,49,co,NetCDF_output,2022,2024,allISO,annual,sec11,K_AgriLivestock,0,0,0,
HR,49,co,NetCDF_output,2022,2024,allISO,annual,sec12,L_AgriOther,1.39364391489727,1.39364391489727,1.39364391489727,1
HR,49,co,NetCDF_output,2022,2024,allISO,annual,sec13,M_Other,0,0,0,
HU,12,co,NetCDF_output,2022,2024,allISO,annual,sec01,A_PublicPower,7606.97193531564,7606.97193531564,7606.97193531564,1
HU,12,co,NetCDF_output,2022,2024,allISO,annual,sec02,B_Industry,22089.0037925637,22089.0037925637,22089.0037925637,1
HU,12,co,NetCDF_output,2022,2024,allISO,annual,sec03,C_OtherStationaryComb,219873.941504578,219873.941504578,219873.941504578,1
HU,12,co,NetCDF_output,2022,2024,allISO,annual,sec04,D_Fugitive,462.910995483399,462.910995483399,462.910995483399,1
HU,12,co,NetCDF_output,2022,2024,allISO,annual,sec05,E_Solvents,365.137201135776,365.137201135776,365.137201135776,1
HU,12,co,NetCDF_output,2022,2024,allISO,annual,sec06,F_RoadTransport,57570.0184818283,57570.0184818283,57570.0184818283,1
HU,12,co,NetCDF_output,2022,2024,allISO,annual,sec07,G_Shipping,29.6000001616985,29.6000001616985,29.6000001616985,1
HU,12,co,NetCDF_output,2022,2024,allISO,annual,sec08,H_Aviation,270.661830444122,270.661830444122,270.661830444122,1
HU,12,co,NetCDF_output,2022,2024,allISO,annual,sec09,I_Offroad,8782.97523389341,8782.97523389341,8782.97523389341,1
HU,12,co,NetCDF_output,2022,2024,allISO,annual,sec10,J_Waste,9670.07024955563,9670.07024955563,9670.07024955563,1
HU,12,co,NetCDF_output,2022,2024,allISO,annual,sec11,K_AgriLivestock,0,0,0,
HU,12,co,NetCDF_output,2022,2024,allISO,annual,sec12,L_AgriOther,188.216343685985,188.216343685985,188.216343685985,1
HU,12,co,NetCDF_output,2022,2024,allISO,annual,sec13,M_Other,0,0,0,
IE,14,co,NetCDF_output,2022,2024,allISO,annual,sec01,A_PublicPower,0,0,0,
IE,14,co,NetCDF_output,2022,2024,allISO,annual,sec02,B_Industry,0,0,0,
IE,14,co,NetCDF_output,2022,2024,allISO,annual,sec03,C_OtherStationaryComb,0,0,0,
IE,14,co,NetCDF_output,2022,2024,allISO,annual,sec04,D_Fugitive,0,0,0,
IE,14,co,NetCDF_output,2022,2024,allISO,annual,sec05,E_Solvents,0,0,0,
IE,14,co,NetCDF_output,2022,2024,allISO,annual,sec06,F_RoadTransport,0,0,0,
IE,14,co,NetCDF_output,2022,2024,allISO,annual,sec07,G_Shipping,96.9164122276941,96.9164122276941,96.9164122276941,1
IE,14,co,NetCDF_output,2022,2024,allISO,annual,sec08,H_Aviation,0,0,0,
IE,14,co,NetCDF_output,2022,2024,allISO,annual,sec09,I_Offroad,179.143299877635,179.143299877635,179.143299877635,1
IE,14,co,NetCDF_output,2022,2024,allISO,annual,sec10,J_Waste,9.53053968260065e-05,9.53053968260065e-05,9.53053968260065e-05,1
IE,14,co,NetCDF_output,2022,2024,allISO,annual,sec11,K_AgriLivestock,0,0,0,
IE,14,co,NetCDF_output,2022,2024,allISO,annual,sec12,L_AgriOther,0,0,0,
IE,14,co,NetCDF_output,2022,2024,allISO,annual,sec13,M_Other,0,0,0,
IS,13,co,NetCDF_output,2022,2024,allISO,annual,sec01,A_PublicPower,2.30691893398762,2.30691893398762,2.30691893398762,1
IS,13,co,NetCDF_output,2022,2024,allISO,annual,sec02,B_Industry,101180.24609375,101180.24609375,101180.24609375,1
IS,13,co,NetCDF_output,2022,2024,allISO,annual,sec03,C_OtherStationaryComb,26.8020369053847,26.8020369053847,26.8020369053847,1
IS,13,co,NetCDF_output,2022,2024,allISO,annual,sec04,D_Fugitive,0,0,0,
IS,13,co,NetCDF_output,2022,2024,allISO,annual,sec05,E_Solvents,14.9342708071708,14.9342708071708,14.9342708071708,1
IS,13,co,NetCDF_output,2022,2024,allISO,annual,sec06,F_RoadTransport,2579.14716743814,2579.14716743814,2579.14716743814,1
IS,13,co,NetCDF_output,2022,2024,allISO,annual,sec07,G_Shipping,29.5027194344611,29.5027194344611,29.5027194344611,1
IS,13,co,NetCDF_output,2022,2024,allISO,annual,sec08,H_Aviation,344.401031553745,344.401031553745,344.401031553745,1
IS,13,co,NetCDF_output,2022,2024,allISO,annual,sec09,I_Offroad,760.611581292935,760.611581292935,760.611581292935,1
IS,13,co,NetCDF_output,2022,2024,allISO,annual,sec10,J_Waste,116.450000579294,116.450000579294,116.450000579294,1
IS,13,co,NetCDF_output,2022,2024,allISO,annual,sec11,K_AgriLivestock,0,0,0,
IS,13,co,NetCDF_output,2022,2024,allISO,annual,sec12,L_AgriOther,0,0,0,
IS,13,co,NetCDF_output,2022,2024,allISO,annual,sec13,M_Other,0,0,0,
IT,15,co,NetCDF_output,2022,2024,allISO,annual,sec01,A_PublicPower,20705.7605630558,20705.7605630558,20705.7605630558,1
IT,15,co,NetCDF_output,2022,2024,allISO,annual,sec02,B_Industry,166370.032467723,166370.032467723,166370.032467723,1
IT,15,co,NetCDF_output,2022,2024,allISO,annual,sec03,C_OtherStationaryComb,1244280.481338,1244280.481338,1244280.481338,1
IT,15,co,NetCDF_output,2022,2024,allISO,annual,sec04,D_Fugitive,77.5033852224297,77.5033852224297,77.5033852224297,1
IT,15,co,NetCDF_output,2022,2024,allISO,annual,sec05,E_Solvents,3914.97038134708,3914.97038134708,3914.97038134708,1
IT,15,co,NetCDF_output,2022,2024,allISO,annual,sec06,F_RoadTransport,279179.67342886,279179.67342886,279179.67342886,1
IT,15,co,NetCDF_output,2022,2024,allISO,annual,sec07,G_Shipping,43601.9893567958,43601.9893567958,43601.9893567958,1
IT,15,co,NetCDF_output,2022,2024,allISO,annual,sec08,H_Aviation,4456.22436984337,4456.22436984337,4456.22436984337,1
IT,15,co,NetCDF_output,2022,2024,allISO,annual,sec09,I_Offroad,63511.654645276,63511.654645276,63511.654645276,1
IT,15,co,NetCDF_output,2022,2024,allISO,annual,sec10,J_Waste,60636.6818279432,60636.6818279432,60636.6818279432,1
IT,15,co,NetCDF_output,2022,2024,allISO,annual,sec11,K_AgriLivestock,0,0,0,
IT,15,co,NetCDF_output,2022,2024,allISO,annual,sec12,L_AgriOther,9918.1287271987,9918.1287271987,9918.1287271987,1
IT,15,co,NetCDF_output,2022,2024,allISO,annual,sec13,M_Other,0,0,0,
KG,68,co,NetCDF_output,2022,2024,allISO,annual,sec01,A_PublicPower,300.615729987971,300.615729987971,300.615729987971,1
KG,68,co,NetCDF_output,2022,2024,allISO,annual,sec02,B_Industry,3666.76824990916,3666.76824990916,3666.76824990916,1
KG,68,co,NetCDF_output,2022,2024,allISO,annual,sec03,C_OtherStationaryComb,30655.322723386,30655.322723386,30655.322723386,1
KG,68,co,NetCDF_output,2022,2024,allISO,annual,sec04,D_Fugitive,11.4263704130426,11.4263704130426,11.4263704130426,1
KG,68,co,NetCDF_output,2022,2024,allISO,annual,sec05,E_Solvents,2820.45902591385,2820.45902591385,2820.45902591385,1
KG,68,co,NetCDF_output,2022,2024,allISO,annual,sec06,F_RoadTransport,265620.446102381,265620.446102381,265620.446102381,1
KG,68,co,NetCDF_output,2022,2024,allISO,annual,sec07,G_Shipping,0,0,0,
KG,68,co,NetCDF_output,2022,2024,allISO,annual,sec08,H_Aviation,0,0,0,
KG,68,co,NetCDF_output,2022,2024,allISO,annual,sec09,I_Offroad,182.022914909525,182.022914909525,182.022914909525,1
KG,68,co,NetCDF_output,2022,2024,allISO,annual,sec10,J_Waste,11862.6100218723,11862.6100218723,11862.6100218723,1
KG,68,co,NetCDF_output,2022,2024,allISO,annual,sec11,K_AgriLivestock,0,0,0,
KG,68,co,NetCDF_output,2022,2024,allISO,annual,sec12,L_AgriOther,23780.7719874606,23780.7719874606,23780.7719874606,1
KG,68,co,NetCDF_output,2022,2024,allISO,annual,sec13,M_Other,0,0,0,
KZ,53,co,NetCDF_output,2022,2024,allISO,annual,sec01,A_PublicPower,13991.9829763459,13991.9829763459,13991.9829763459,1
KZ,53,co,NetCDF_output,2022,2024,allISO,annual,sec02,B_Industry,173776.846820605,173776.846820605,173776.846820605,1
KZ,53,co,NetCDF_output,2022,2024,allISO,annual,sec03,C_OtherStationaryComb,706117.642592851,706117.642592851,706117.642592851,1
KZ,53,co,NetCDF_output,2022,2024,allISO,annual,sec04,D_Fugitive,27736.4655590057,27736.4655590057,27736.4655590057,1
KZ,53,co,NetCDF_output,2022,2024,allISO,annual,sec05,E_Solvents,7945.62505542766,7945.62505542766,7945.62505542766,1
KZ,53,co,NetCDF_output,2022,2024,allISO,annual,sec06,F_RoadTransport,646227.304062598,646227.304062598,646227.304062598,1
KZ,53,co,NetCDF_output,2022,2024,allISO,annual,sec07,G_Shipping,16.2979574691271,16.2979574691271,16.2979574691271,1
KZ,53,co,NetCDF_output,2022,2024,allISO,annual,sec08,H_Aviation,0,0,0,
KZ,53,co,NetCDF_output,2022,2024,allISO,annual,sec09,I_Offroad,35781.5310585983,35781.5310585983,35781.5310585983,1
KZ,53,co,NetCDF_output,2022,2024,allISO,annual,sec10,J_Waste,77300.2482452393,77300.2482452393,77300.2482452393,1
KZ,53,co,NetCDF_output,2022,2024,allISO,annual,sec11,K_AgriLivestock,0,0,0,
KZ,53,co,NetCDF_output,2022,2024,allISO,annual,sec12,L_AgriOther,173902.822008675,173902.822008675,173902.822008675,1
KZ,53,co,NetCDF_output,2022,2024,allISO,annual,sec13,M_Other,0,0,0,
LI,59,co,NetCDF_output,2022,2024,allISO,annual,sec01,A_PublicPower,2.71165175363421,2.71165175363421,2.71165175363421,1
LI,59,co,NetCDF_output,2022,2024,allISO,annual,sec02,B_Industry,2.14349808357656,2.14349808357656,2.14349808357656,1
LI,59,co,NetCDF_output,2022,2024,allISO,annual,sec03,C_OtherStationaryComb,138.629328016192,138.629328016192,138.629328016192,1
LI,59,co,NetCDF_output,2022,2024,allISO,annual,sec04,D_Fugitive,0,0,0,
LI,59,co,NetCDF_output,2022,2024,allISO,annual,sec05,E_Solvents,2.56189433205873,2.56189433205873,2.56189433205873,1
LI,59,co,NetCDF_output,2022,2024,allISO,annual,sec06,F_RoadTransport,170.495205294341,170.495205294341,170.495205294341,1
LI,59,co,NetCDF_output,2022,2024,allISO,annual,sec07,G_Shipping,0,0,0,
LI,59,co,NetCDF_output,2022,2024,allISO,annual,sec08,H_Aviation,0.0215600000228733,0.0215600000228733,0.0215600000228733,1
LI,59,co,NetCDF_output,2022,2024,allISO,annual,sec09,I_Offroad,58.1976166367531,58.1976166367531,58.1976166367531,1
LI,59,co,NetCDF_output,2022,2024,allISO,annual,sec10,J_Waste,3.40648873895407,3.40648873895407,3.40648873895407,1
LI,59,co,NetCDF_output,2022,2024,allISO,annual,sec11,K_AgriLivestock,0,0,0,
LI,59,co,NetCDF_output,2022,2024,allISO,annual,sec12,L_AgriOther,0,0,0,
LI,59,co,NetCDF_output,2022,2024,allISO,annual,sec13,M_Other,2.82844377681613,2.82844377681613,2.82844377681613,1
LT,45,co,NetCDF_output,2022,2024,allISO,annual,sec01,A_PublicPower,7118.16882324219,7118.16882324219,7118.16882324219,1
LT,45,co,NetCDF_output,2022,2024,allISO,annual,sec02,B_Industry,6481.15496826172,6481.15496826172,6481.15496826172,1
LT,45,co,NetCDF_output,2022,2024,allISO,annual,sec03,C_OtherStationaryComb,69187.763986826,69187.763986826,69187.763986826,1
LT,45,co,NetCDF_output,2022,2024,allISO,annual,sec04,D_Fugitive,337.886015892029,337.886015892029,337.886015892029,1
LT,45,co,NetCDF_output,2022,2024,allISO,annual,sec05,E_Solvents,2763.88498207217,2763.88498207217,2763.88498207217,1
LT,45,co,NetCDF_output,2022,2024,allISO,annual,sec06,F_RoadTransport,10641.0821571322,10641.0821571322,10641.0821571322,1
LT,45,co,NetCDF_output,2022,2024,allISO,annual,sec07,G_Shipping,22.7904804183454,22.7904804183454,22.7904804183454,1
LT,45,co,NetCDF_output,2022,2024,allISO,annual,sec08,H_Aviation,275.77418628335,275.77418628335,275.77418628335,1
LT,45,co,NetCDF_output,2022,2024,allISO,annual,sec09,I_Offroad,1587.43286732376,1587.43286732376,1587.43286732376,1
LT,45,co,NetCDF_output,2022,2024,allISO,annual,sec10,J_Waste,3100.39362920262,3100.39362920262,3100.39362920262,1
LT,45,co,NetCDF_output,2022,2024,allISO,annual,sec11,K_AgriLivestock,0,0,0,
LT,45,co,NetCDF_output,2022,2024,allISO,annual,sec12,L_AgriOther,0,0,0,
LT,45,co,NetCDF_output,2022,2024,allISO,annual,sec13,M_Other,0,0,0,
LU,16,co,NetCDF_output,2022,2024,allISO,annual,sec01,A_PublicPower,449.743229866028,449.743229866028,449.743229866028,1
LU,16,co,NetCDF_output,2022,2024,allISO,annual,sec02,B_Industry,6715.57749861106,6715.57749861106,6715.57749861106,1
LU,16,co,NetCDF_output,2022,2024,allISO,annual,sec03,C_OtherStationaryComb,2216.99482477037,2216.99482477037,2216.99482477037,1
LU,16,co,NetCDF_output,2022,2024,allISO,annual,sec04,D_Fugitive,0,0,0,
LU,16,co,NetCDF_output,2022,2024,allISO,annual,sec05,E_Solvents,32.0262315119362,32.0262315119362,32.0262315119362,1
LU,16,co,NetCDF_output,2022,2024,allISO,annual,sec06,F_RoadTransport,5981.26403608546,5981.26403608546,5981.26403608546,1
LU,16,co,NetCDF_output,2022,2024,allISO,annual,sec07,G_Shipping,16.5605026483536,16.5605026483536,16.5605026483536,1
LU,16,co,NetCDF_output,2022,2024,allISO,annual,sec08,H_Aviation,751.827889746506,751.827889746506,751.827889746506,1
LU,16,co,NetCDF_output,2022,2024,allISO,annual,sec09,I_Offroad,1673.93123306524,1673.93123306524,1673.93123306524,1
LU,16,co,NetCDF_output,2022,2024,allISO,annual,sec10,J_Waste,0,0,0,
LU,16,co,NetCDF_output,2022,2024,allISO,annual,sec11,K_AgriLivestock,0,0,0,
LU,16,co,NetCDF_output,2022,2024,allISO,annual,sec12,L_AgriOther,0,0,0,
LU,16,co,NetCDF_output,2022,2024,allISO,annual,sec13,M_Other,0,0,0,
LV,44,co,NetCDF_output,2022,2024,allISO,annual,sec01,A_PublicPower,2385.51310443878,2385.51310443878,2385.51310443878,1
LV,44,co,NetCDF_output,2022,2024,allISO,annual,sec02,B_Industry,8532.7659763599,8532.7659763599,8532.7659763599,1
LV,44,co,NetCDF_output,2022,2024,allISO,annual,sec03,C_OtherStationaryComb,66816.1520785335,66816.1520785335,66816.1520785335,1
LV,44,co,NetCDF_output,2022,2024,allISO,annual,sec04,D_Fugitive,0,0,0,
LV,44,co,NetCDF_output,2022,2024,allISO,annual,sec05,E_Solvents,113.357060046853,113.357060046853,113.357060046853,1
LV,44,co,NetCDF_output,2022,2024,allISO,annual,sec06,F_RoadTransport,6548.82839561952,6548.82839561952,6548.82839561952,1
LV,44,co,NetCDF_output,2022,2024,allISO,annual,sec07,G_Shipping,90.173180796206,90.173180796206,90.173180796206,1
LV,44,co,NetCDF_output,2022,2024,allISO,annual,sec08,H_Aviation,110.265955608338,110.265955608338,110.265955608338,1
LV,44,co,NetCDF_output,2022,2024,allISO,annual,sec09,I_Offroad,9742.66931951768,9742.66931951768,9742.66931951768,1
LV,44,co,NetCDF_output,2022,2024,allISO,annual,sec10,J_Waste,0.574000008869916,0.574000008869916,0.574000008869916,1
LV,44,co,NetCDF_output,2022,2024,allISO,annual,sec11,K_AgriLivestock,0,0,0,
LV,44,co,NetCDF_output,2022,2024,allISO,annual,sec12,L_AgriOther,395.380001212602,395.380001212602,395.380001212602,1
LV,44,co,NetCDF_output,2022,2024,allISO,annual,sec13,M_Other,4084.93783376506,4084.93783376506,4084.93783376506,1
MC,62,co,NetCDF_output,2022,2024,allISO,annual,sec01,A_PublicPower,3.5185923576355,3.5185923576355,3.5185923576355,1
MC,62,co,NetCDF_output,2022,2024,allISO,annual,sec02,B_Industry,0.0993320643901825,0.0993320643901825,0.0993320643901825,1
MC,62,co,NetCDF_output,2022,2024,allISO,annual,sec03,C_OtherStationaryComb,11.1535816192627,11.1535816192627,11.1535816192627,1
MC,62,co,NetCDF_output,2022,2024,allISO,annual,sec04,D_Fugitive,0,0,0,
MC,62,co,NetCDF_output,2022,2024,allISO,annual,sec05,E_Solvents,1.5937534570694,1.5937534570694,1.5937534570694,1
MC,62,co,NetCDF_output,2022,2024,allISO,annual,sec06,F_RoadTransport,161.504470825195,161.504470825195,161.504470825195,1
MC,62,co,NetCDF_output,2022,2024,allISO,annual,sec07,G_Shipping,44.1657485961914,44.1657485961914,44.1657485961914,1
MC,62,co,NetCDF_output,2022,2024,allISO,annual,sec08,H_Aviation,1020.73254394531,1020.73254394531,1020.73254394531,1
MC,62,co,NetCDF_output,2022,2024,allISO,annual,sec09,I_Offroad,21.4639263153076,21.4639263153076,21.4639263153076,1
MC,62,co,NetCDF_output,2022,2024,allISO,annual,sec10,J_Waste,0.0329155214130878,0.0329155214130878,0.0329155214130878,1
MC,62,co,NetCDF_output,2022,2024,allISO,annual,sec11,K_AgriLivestock,0,0,0,
MC,62,co,NetCDF_output,2022,2024,allISO,annual,sec12,L_AgriOther,0,0,0,
MC,62,co,NetCDF_output,2022,2024,allISO,annual,sec13,M_Other,0,0,0,
MD,41,co,NetCDF_output,2022,2024,allISO,annual,sec01,A_PublicPower,2160.98687171936,2160.98687171936,2160.98687171936,1
MD,41,co,NetCDF_output,2022,2024,allISO,annual,sec02,B_Industry,1690.51141684037,1690.51141684037,1690.51141684037,1
MD,41,co,NetCDF_output,2022,2024,allISO,annual,sec03,C_OtherStationaryComb,115167.898406506,115167.898406506,115167.898406506,1
MD,41,co,NetCDF_output,2022,2024,allISO,annual,sec04,D_Fugitive,0,0,0,
MD,41,co,NetCDF_output,2022,2024,allISO,annual,sec05,E_Solvents,42.6509334444418,42.6509334444418,42.6509334444418,1
MD,41,co,NetCDF_output,2022,2024,allISO,annual,sec06,F_RoadTransport,33260.4437949359,33260.4437949359,33260.4437949359,1
MD,41,co,NetCDF_output,2022,2024,allISO,annual,sec07,G_Shipping,3.24346165925272,3.24346165925272,3.24346165925272,1
MD,41,co,NetCDF_output,2022,2024,allISO,annual,sec08,H_Aviation,389.666137695313,389.666137695313,389.666137695313,1
MD,41,co,NetCDF_output,2022,2024,allISO,annual,sec09,I_Offroad,1186.35638765525,1186.35638765525,1186.35638765525,1
MD,41,co,NetCDF_output,2022,2024,allISO,annual,sec10,J_Waste,4268.74455932155,4268.74455932155,4268.74455932155,1
MD,41,co,NetCDF_output,2022,2024,allISO,annual,sec11,K_AgriLivestock,0,0,0,
MD,41,co,NetCDF_output,2022,2024,allISO,annual,sec12,L_AgriOther,328.988975524902,328.988975524902,328.988975524902,1
MD,41,co,NetCDF_output,2022,2024,allISO,annual,sec13,M_Other,0,0,0,
ME,73,co,NetCDF_output,2022,2024,allISO,annual,sec01,A_PublicPower,216.231170654297,216.231170654297,216.231170654297,1
ME,73,co,NetCDF_output,2022,2024,allISO,annual,sec02,B_Industry,239.426125019789,239.426125019789,239.426125019789,1
ME,73,co,NetCDF_output,2022,2024,allISO,annual,sec03,C_OtherStationaryComb,17011.7332651131,17011.7332651131,17011.7332651131,1
ME,73,co,NetCDF_output,2022,2024,allISO,annual,sec04,D_Fugitive,0,0,0,
ME,73,co,NetCDF_output,2022,2024,allISO,annual,sec05,E_Solvents,267.236782972235,267.236782972235,267.236782972235,1
ME,73,co,NetCDF_output,2022,2024,allISO,annual,sec06,F_RoadTransport,2392.94777942554,2392.94777942554,2392.94777942554,1
ME,73,co,NetCDF_output,2022,2024,allISO,annual,sec07,G_Shipping,0,0,0,
ME,73,co,NetCDF_output,2022,2024,allISO,annual,sec08,H_Aviation,0,0,0,
ME,73,co,NetCDF_output,2022,2024,allISO,annual,sec09,I_Offroad,2085.74839767936,2085.74839767936,2085.74839767936,1
ME,73,co,NetCDF_output,2022,2024,allISO,annual,sec10,J_Waste,669.479993986897,669.479993986897,669.479993986897,1
ME,73,co,NetCDF_output,2022,2024,allISO,annual,sec11,K_AgriLivestock,0,0,0,
ME,73,co,NetCDF_output,2022,2024,allISO,annual,sec12,L_AgriOther,55.2640001243854,55.2640001243854,55.2640001243854,1
ME,73,co,NetCDF_output,2022,2024,allISO,annual,sec13,M_Other,0,0,0,
MED,33,co,NetCDF_output,2022,2024,allISO,annual,sec01,A_PublicPower,0,0,0,
MED,33,co,NetCDF_output,2022,2024,allISO,annual,sec02,B_Industry,0,0,0,
MED,33,co,NetCDF_output,2022,2024,allISO,annual,sec03,C_OtherStationaryComb,0,0,0,
MED,33,co,NetCDF_output,2022,2024,allISO,annual,sec04,D_Fugitive,0,0,0,
MED,33,co,NetCDF_output,2022,2024,allISO,annual,sec05,E_Solvents,0,0,0,
MED,33,co,NetCDF_output,2022,2024,allISO,annual,sec06,F_RoadTransport,0,0,0,
MED,33,co,NetCDF_output,2022,2024,allISO,annual,sec07,G_Shipping,125561.986120532,125561.986120532,125561.986120532,1
MED,33,co,NetCDF_output,2022,2024,allISO,annual,sec08,H_Aviation,0,0,0,
MED,33,co,NetCDF_output,2022,2024,allISO,annual,sec09,I_Offroad,0,0,0,
MED,33,co,NetCDF_output,2022,2024,allISO,annual,sec10,J_Waste,0,0,0,
MED,33,co,NetCDF_output,2022,2024,allISO,annual,sec11,K_AgriLivestock,0,0,0,
MED,33,co,NetCDF_output,2022,2024,allISO,annual,sec12,L_AgriOther,0,0,0,
MED,33,co,NetCDF_output,2022,2024,allISO,annual,sec13,M_Other,0,0,0,
MK,52,co,NetCDF_output,2022,2024,allISO,annual,sec01,A_PublicPower,1849.87573242188,1849.87573242188,1849.87573242188,1
MK,52,co,NetCDF_output,2022,2024,allISO,annual,sec02,B_Industry,4160.26708379714,4160.26708379714,4160.26708379714,1
MK,52,co,NetCDF_output,2022,2024,allISO,annual,sec03,C_OtherStationaryComb,31919.0096454248,31919.0096454248,31919.0096454248,1
MK,52,co,NetCDF_output,2022,2024,allISO,annual,sec04,D_Fugitive,0,0,0,
MK,52,co,NetCDF_output,2022,2024,allISO,annual,sec05,E_Solvents,59.8603094698192,59.8603094698192,59.8603094698192,1
MK,52,co,NetCDF_output,2022,2024,allISO,annual,sec06,F_RoadTransport,5713.71512176038,5713.71512176038,5713.71512176038,1
MK,52,co,NetCDF_output,2022,2024,allISO,annual,sec07,G_Shipping,0.444676937244367,0.444676937244367,0.444676937244367,1
MK,52,co,NetCDF_output,2022,2024,allISO,annual,sec08,H_Aviation,118.758312225342,118.758312225342,118.758312225342,1
MK,52,co,NetCDF_output,2022,2024,allISO,annual,sec09,I_Offroad,2503.27098454488,2503.27098454488,2503.27098454488,1
MK,52,co,NetCDF_output,2022,2024,allISO,annual,sec10,J_Waste,3556.59583646245,3556.59583646245,3556.59583646245,1
MK,52,co,NetCDF_output,2022,2024,allISO,annual,sec11,K_AgriLivestock,0,0,0,
MK,52,co,NetCDF_output,2022,2024,allISO,annual,sec12,L_AgriOther,0,0,0,
MK,52,co,NetCDF_output,2022,2024,allISO,annual,sec13,M_Other,0,0,0,
MT,57,co,NetCDF_output,2022,2024,allISO,annual,sec01,A_PublicPower,44.3608055114746,44.3608055114746,44.3608055114746,1
MT,57,co,NetCDF_output,2022,2024,allISO,annual,sec02,B_Industry,66.3485346622765,66.3485346622765,66.3485346622765,1
MT,57,co,NetCDF_output,2022,2024,allISO,annual,sec03,C_OtherStationaryComb,111.443251365796,111.443251365796,111.443251365796,1
MT,57,co,NetCDF_output,2022,2024,allISO,annual,sec04,D_Fugitive,0,0,0,
MT,57,co,NetCDF_output,2022,2024,allISO,annual,sec05,E_Solvents,29.7854278534651,29.7854278534651,29.7854278534651,1
MT,57,co,NetCDF_output,2022,2024,allISO,annual,sec06,F_RoadTransport,3403.48664016277,3403.48664016277,3403.48664016277,1
MT,57,co,NetCDF_output,2022,2024,allISO,annual,sec07,G_Shipping,36.632910490036,36.632910490036,36.632910490036,1
MT,57,co,NetCDF_output,2022,2024,allISO,annual,sec08,H_Aviation,126.993957519531,126.993957519531,126.993957519531,1
MT,57,co,NetCDF_output,2022,2024,allISO,annual,sec09,I_Offroad,808.125875353813,808.125875353813,808.125875353813,1
MT,57,co,NetCDF_output,2022,2024,allISO,annual,sec10,J_Waste,17.8824899047613,17.8824899047613,17.8824899047613,1
MT,57,co,NetCDF_output,2022,2024,allISO,annual,sec11,K_AgriLivestock,0,0,0,
MT,57,co,NetCDF_output,2022,2024,allISO,annual,sec12,L_AgriOther,2.68262219429016,2.68262219429016,2.68262219429016,1
MT,57,co,NetCDF_output,2022,2024,allISO,annual,sec13,M_Other,0,0,0,
NL,17,co,NetCDF_output,2022,2024,allISO,annual,sec01,A_PublicPower,4506.00649705529,4506.00649705529,4506.00649705529,1
NL,17,co,NetCDF_output,2022,2024,allISO,annual,sec02,B_Industry,83848.7882371674,83848.7882371674,83848.7882371674,1
NL,17,co,NetCDF_output,2022,2024,allISO,annual,sec03,C_OtherStationaryComb,69879.1955163464,69879.1955163464,69879.1955163464,1
NL,17,co,NetCDF_output,2022,2024,allISO,annual,sec04,D_Fugitive,0,0,0,
NL,17,co,NetCDF_output,2022,2024,allISO,annual,sec05,E_Solvents,903.670779919647,903.670779919647,903.670779919647,1
NL,17,co,NetCDF_output,2022,2024,allISO,annual,sec06,F_RoadTransport,156601.234784719,156601.234784719,156601.234784719,1
NL,17,co,NetCDF_output,2022,2024,allISO,annual,sec07,G_Shipping,1584.14307628323,1584.14307628323,1584.14307628323,1
NL,17,co,NetCDF_output,2022,2024,allISO,annual,sec08,H_Aviation,3745.15428829193,3745.15428829193,3745.15428829193,1
NL,17,co,NetCDF_output,2022,2024,allISO,annual,sec09,I_Offroad,68358.0884527982,68358.0884527982,68358.0884527982,1
NL,17,co,NetCDF_output,2022,2024,allISO,annual,sec10,J_Waste,8471.50417753103,8471.50417753103,8471.50417753103,1
NL,17,co,NetCDF_output,2022,2024,allISO,annual,sec11,K_AgriLivestock,0,0,0,
NL,17,co,NetCDF_output,2022,2024,allISO,annual,sec12,L_AgriOther,0,0,0,
NL,17,co,NetCDF_output,2022,2024,allISO,annual,sec13,M_Other,0,0,0,
NO,18,co,NetCDF_output,2022,2024,allISO,annual,sec01,A_PublicPower,10730.4057728797,10730.4057728797,10730.4057728797,1
NO,18,co,NetCDF_output,2022,2024,allISO,annual,sec02,B_Industry,193213.956625274,193213.956625274,193213.956625274,1
NO,18,co,NetCDF_output,2022,2024,allISO,annual,sec03,C_OtherStationaryComb,108328.78912385,108328.78912385,108328.78912385,1
NO,18,co,NetCDF_output,2022,2024,allISO,annual,sec04,D_Fugitive,404.64057390485,404.64057390485,404.64057390485,1
NO,18,co,NetCDF_output,2022,2024,allISO,annual,sec05,E_Solvents,259.476409713858,259.476409713858,259.476409713858,1
NO,18,co,NetCDF_output,2022,2024,allISO,annual,sec06,F_RoadTransport,28028.6165262609,28028.6165262609,28028.6165262609,1
NO,18,co,NetCDF_output,2022,2024,allISO,annual,sec07,G_Shipping,4386.49110996774,4386.49110996774,4386.49110996774,1
NO,18,co,NetCDF_output,2022,2024,allISO,annual,sec08,H_Aviation,2160.77347277795,2160.77347277795,2160.77347277795,1
NO,18,co,NetCDF_output,2022,2024,allISO,annual,sec09,I_Offroad,66936.5739789983,66936.5739789983,66936.5739789983,1
NO,18,co,NetCDF_output,2022,2024,allISO,annual,sec10,J_Waste,41.0925728384299,41.0925728384299,41.0925728384299,1
NO,18,co,NetCDF_output,2022,2024,allISO,annual,sec11,K_AgriLivestock,0,0,0,
NO,18,co,NetCDF_output,2022,2024,allISO,annual,sec12,L_AgriOther,3038.85199794618,3038.85199794618,3038.85199794618,1
NO,18,co,NetCDF_output,2022,2024,allISO,annual,sec13,M_Other,0,0,0,
NOA,63,co,NetCDF_output,2022,2024,allISO,annual,sec01,A_PublicPower,86220.9130293573,86220.9130293573,86220.9130293573,1
NOA,63,co,NetCDF_output,2022,2024,allISO,annual,sec02,B_Industry,164278.654107888,164278.654107888,164278.654107888,1
NOA,63,co,NetCDF_output,2022,2024,allISO,annual,sec03,C_OtherStationaryComb,663185.158823563,663185.158823563,663185.158823563,1
NOA,63,co,NetCDF_output,2022,2024,allISO,annual,sec04,D_Fugitive,44223.6559668519,44223.6559668519,44223.6559668519,1
NOA,63,co,NetCDF_output,2022,2024,allISO,annual,sec05,E_Solvents,406.864287796339,406.864287796339,406.864287796339,1
NOA,63,co,NetCDF_output,2022,2024,allISO,annual,sec06,F_RoadTransport,1485627.69040942,1485627.69040942,1485627.69040942,1
NOA,63,co,NetCDF_output,2022,2024,allISO,annual,sec07,G_Shipping,1718.66612150195,1718.66612150195,1718.66612150195,1
NOA,63,co,NetCDF_output,2022,2024,allISO,annual,sec08,H_Aviation,2803.52831914123,2803.52831914123,2803.52831914123,1
NOA,63,co,NetCDF_output,2022,2024,allISO,annual,sec09,I_Offroad,2267.44053736166,2267.44053736166,2267.44053736166,1
NOA,63,co,NetCDF_output,2022,2024,allISO,annual,sec10,J_Waste,35.586039138201,35.586039138201,35.586039138201,1
NOA,63,co,NetCDF_output,2022,2024,allISO,annual,sec11,K_AgriLivestock,0,0,0,
NOA,63,co,NetCDF_output,2022,2024,allISO,annual,sec12,L_AgriOther,31927.9006211465,31927.9006211465,31927.9006211465,1
NOA,63,co,NetCDF_output,2022,2024,allISO,annual,sec13,M_Other,0,0,0,
NOS,31,co,NetCDF_output,2022,2024,allISO,annual,sec01,A_PublicPower,0,0,0,
NOS,31,co,NetCDF_output,2022,2024,allISO,annual,sec02,B_Industry,0,0,0,
NOS,31,co,NetCDF_output,2022,2024,allISO,annual,sec03,C_OtherStationaryComb,0,0,0,
NOS,31,co,NetCDF_output,2022,2024,allISO,annual,sec04,D_Fugitive,0,0,0,
NOS,31,co,NetCDF_output,2022,2024,allISO,annual,sec05,E_Solvents,0,0,0,
NOS,31,co,NetCDF_output,2022,2024,allISO,annual,sec06,F_RoadTransport,0,0,0,
NOS,31,co,NetCDF_output,2022,2024,allISO,annual,sec07,G_Shipping,60773.1919514707,60773.1919514707,60773.1919514707,1
NOS,31,co,NetCDF_output,2022,2024,allISO,annual,sec08,H_Aviation,0,0,0,
NOS,31,co,NetCDF_output,2022,2024,allISO,annual,sec09,I_Offroad,0,0,0,
NOS,31,co,NetCDF_output,2022,2024,allISO,annual,sec10,J_Waste,0,0,0,
NOS,31,co,NetCDF_output,2022,2024,allISO,annual,sec11,K_AgriLivestock,0,0,0,
NOS,31,co,NetCDF_output,2022,2024,allISO,annual,sec12,L_AgriOther,0,0,0,
NOS,31,co,NetCDF_output,2022,2024,allISO,annual,sec13,M_Other,0,0,0,
PL,19,co,NetCDF_output,2022,2024,allISO,annual,sec01,A_PublicPower,59957.5622738111,59957.5622738111,59957.5622738111,1
PL,19,co,NetCDF_output,2022,2024,allISO,annual,sec02,B_Industry,189124.112363271,189124.112363271,189124.112363271,1
PL,19,co,NetCDF_output,2022,2024,allISO,annual,sec03,C_OtherStationaryComb,1630117.77003631,1630117.77003631,1630117.77003631,1
PL,19,co,NetCDF_output,2022,2024,allISO,annual,sec04,D_Fugitive,5365.72933706641,5365.72933706641,5365.72933706641,1
PL,19,co,NetCDF_output,2022,2024,allISO,annual,sec05,E_Solvents,2191.82923420422,2191.82923420422,2191.82923420422,1
PL,19,co,NetCDF_output,2022,2024,allISO,annual,sec06,F_RoadTransport,218627.948193801,218627.948193801,218627.948193801,1
PL,19,co,NetCDF_output,2022,2024,allISO,annual,sec07,G_Shipping,34.4156230092049,34.4156230092049,34.4156230092049,1
PL,19,co,NetCDF_output,2022,2024,allISO,annual,sec08,H_Aviation,1348.03577381372,1348.03577381372,1348.03577381372,1
PL,19,co,NetCDF_output,2022,2024,allISO,annual,sec09,I_Offroad,15816.879640991,15816.879640991,15816.879640991,1
PL,19,co,NetCDF_output,2022,2024,allISO,annual,sec10,J_Waste,23644.6867961635,23644.6867961635,23644.6867961635,1
PL,19,co,NetCDF_output,2022,2024,allISO,annual,sec11,K_AgriLivestock,0,0,0,
PL,19,co,NetCDF_output,2022,2024,allISO,annual,sec12,L_AgriOther,734.68299676304,734.68299676304,734.68299676304,1
PL,19,co,NetCDF_output,2022,2024,allISO,annual,sec13,M_Other,0,0,0,
PT,20,co,NetCDF_output,2022,2024,allISO,annual,sec01,A_PublicPower,4907.01481646299,4907.01481646299,4907.01481646299,1
PT,20,co,NetCDF_output,2022,2024,allISO,annual,sec02,B_Industry,21734.6551122053,21734.6551122053,21734.6551122053,1
PT,20,co,NetCDF_output,2022,2024,allISO,annual,sec03,C_OtherStationaryComb,101337.872166358,101337.872166358,101337.872166358,1
PT,20,co,NetCDF_output,2022,2024,allISO,annual,sec04,D_Fugitive,22290.435333252,22290.435333252,22290.435333252,1
PT,20,co,NetCDF_output,2022,2024,allISO,annual,sec05,E_Solvents,1144.17953386424,1144.17953386424,1144.17953386424,1
PT,20,co,NetCDF_output,2022,2024,allISO,annual,sec06,F_RoadTransport,59478.0650507877,59478.0650507877,59478.0650507877,1
PT,20,co,NetCDF_output,2022,2024,allISO,annual,sec07,G_Shipping,660.654992848635,660.654992848635,660.654992848635,1
PT,20,co,NetCDF_output,2022,2024,allISO,annual,sec08,H_Aviation,4273.5537109375,4273.5537109375,4273.5537109375,1
PT,20,co,NetCDF_output,2022,2024,allISO,annual,sec09,I_Offroad,3242.56805819924,3242.56805819924,3242.56805819924,1
PT,20,co,NetCDF_output,2022,2024,allISO,annual,sec10,J_Waste,24411.7570513487,24411.7570513487,24411.7570513487,1
PT,20,co,NetCDF_output,2022,2024,allISO,annual,sec11,K_AgriLivestock,0,0,0,
PT,20,co,NetCDF_output,2022,2024,allISO,annual,sec12,L_AgriOther,5237.16311660629,5237.16311660629,5237.16311660629,1
PT,20,co,NetCDF_output,2022,2024,allISO,annual,sec13,M_Other,0,0,0,
RO,21,co,NetCDF_output,2022,2024,allISO,annual,sec01,A_PublicPower,6647.79574037202,6647.79574037202,6647.79574037202,1
RO,21,co,NetCDF_output,2022,2024,allISO,annual,sec02,B_Industry,53996.6046813878,53996.6046813878,53996.6046813878,1
RO,21,co,NetCDF_output,2022,2024,allISO,annual,sec03,C_OtherStationaryComb,516423.000681466,516423.000681466,516423.000681466,1
RO,21,co,NetCDF_output,2022,2024,allISO,annual,sec04,D_Fugitive,146319.893066406,146319.893066406,146319.893066406,1
RO,21,co,NetCDF_output,2022,2024,allISO,annual,sec05,E_Solvents,1437.87338635447,1437.87338635447,1437.87338635447,1
RO,21,co,NetCDF_output,2022,2024,allISO,annual,sec06,F_RoadTransport,114125.485005553,114125.485005553,114125.485005553,1
RO,21,co,NetCDF_output,2022,2024,allISO,annual,sec07,G_Shipping,203.811400264967,203.811400264967,203.811400264967,1
RO,21,co,NetCDF_output,2022,2024,allISO,annual,sec08,H_Aviation,384.072066485882,384.072066485882,384.072066485882,1
RO,21,co,NetCDF_output,2022,2024,allISO,annual,sec09,I_Offroad,48600.7884574816,48600.7884574816,48600.7884574816,1
RO,21,co,NetCDF_output,2022,2024,allISO,annual,sec10,J_Waste,7257.51836508404,7257.51836508404,7257.51836508404,1
RO,21,co,NetCDF_output,2022,2024,allISO,annual,sec11,K_AgriLivestock,0,0,0,
RO,21,co,NetCDF_output,2022,2024,allISO,annual,sec12,L_AgriOther,267.758876262592,267.758876262592,267.758876262592,1
RO,21,co,NetCDF_output,2022,2024,allISO,annual,sec13,M_Other,0,0,0,
RS,72,co,NetCDF_output,2022,2024,allISO,annual,sec01,A_PublicPower,4055.18404435762,4055.18404435762,4055.18404435762,1
RS,72,co,NetCDF_output,2022,2024,allISO,annual,sec02,B_Industry,42599.6258585127,42599.6258585127,42599.6258585127,1
RS,72,co,NetCDF_output,2022,2024,allISO,annual,sec03,C_OtherStationaryComb,266537.262071587,266537.262071587,266537.262071587,1
RS,72,co,NetCDF_output,2022,2024,allISO,annual,sec04,D_Fugitive,529.469066619873,529.469066619873,529.469066619873,1
RS,72,co,NetCDF_output,2022,2024,allISO,annual,sec05,E_Solvents,2536.17335844244,2536.17335844244,2536.17335844244,1
RS,72,co,NetCDF_output,2022,2024,allISO,annual,sec06,F_RoadTransport,45100.9522256963,45100.9522256963,45100.9522256963,1
RS,72,co,NetCDF_output,2022,2024,allISO,annual,sec07,G_Shipping,140.600000325387,140.600000325387,140.600000325387,1
RS,72,co,NetCDF_output,2022,2024,allISO,annual,sec08,H_Aviation,847.086570275996,847.086570275996,847.086570275996,1
RS,72,co,NetCDF_output,2022,2024,allISO,annual,sec09,I_Offroad,4283.36290383806,4283.36290383806,4283.36290383806,1
RS,72,co,NetCDF_output,2022,2024,allISO,annual,sec10,J_Waste,0.498540002131747,0.498540002131747,0.498540002131747,1
RS,72,co,NetCDF_output,2022,2024,allISO,annual,sec11,K_AgriLivestock,0,0,0,
RS,72,co,NetCDF_output,2022,2024,allISO,annual,sec12,L_AgriOther,111.899377808906,111.899377808906,111.899377808906,1
RS,72,co,NetCDF_output,2022,2024,allISO,annual,sec13,M_Other,0,0,0,
RU,61,co,NetCDF_output,2022,2024,allISO,annual,sec01,A_PublicPower,229849.033233086,229849.033233086,229849.033233086,1
RU,61,co,NetCDF_output,2022,2024,allISO,annual,sec02,B_Industry,1176437.60940112,1176437.60940112,1176437.60940112,1
RU,61,co,NetCDF_output,2022,2024,allISO,annual,sec03,C_OtherStationaryComb,102681.738934914,102681.738934914,102681.738934914,1
RU,61,co,NetCDF_output,2022,2024,allISO,annual,sec04,D_Fugitive,508046.635238648,508046.635238648,508046.635238648,1
RU,61,co,NetCDF_output,2022,2024,allISO,annual,sec05,E_Solvents,206.504902424774,206.504902424774,206.504902424774,1
RU,61,co,NetCDF_output,2022,2024,allISO,annual,sec06,F_RoadTransport,8722720.06755132,8722720.06755132,8722720.06755132,1
RU,61,co,NetCDF_output,2022,2024,allISO,annual,sec07,G_Shipping,6268.80821266696,6268.80821266696,6268.80821266696,1
RU,61,co,NetCDF_output,2022,2024,allISO,annual,sec08,H_Aviation,1711.65353572628,1711.65353572628,1711.65353572628,1
RU,61,co,NetCDF_output,2022,2024,allISO,annual,sec09,I_Offroad,125284.865133989,125284.865133989,125284.865133989,1
RU,61,co,NetCDF_output,2022,2024,allISO,annual,sec10,J_Waste,12081.5943467096,12081.5943467096,12081.5943467096,1
RU,61,co,NetCDF_output,2022,2024,allISO,annual,sec11,K_AgriLivestock,0,0,0,
RU,61,co,NetCDF_output,2022,2024,allISO,annual,sec12,L_AgriOther,0,0,0,
RU,61,co,NetCDF_output,2022,2024,allISO,annual,sec13,M_Other,40933.2160813756,40933.2160813756,40933.2160813756,1
RUE,93,co,NetCDF_output,2022,2024,allISO,annual,sec01,A_PublicPower,155288.026041221,155288.026041221,155288.026041221,1
RUE,93,co,NetCDF_output,2022,2024,allISO,annual,sec02,B_Industry,275194.315215781,275194.315215781,275194.315215781,1
RUE,93,co,NetCDF_output,2022,2024,allISO,annual,sec03,C_OtherStationaryComb,276854.774694587,276854.774694587,276854.774694587,1
RUE,93,co,NetCDF_output,2022,2024,allISO,annual,sec04,D_Fugitive,62732.8800678253,62732.8800678253,62732.8800678253,1
RUE,93,co,NetCDF_output,2022,2024,allISO,annual,sec05,E_Solvents,440.005057740001,440.005057740001,440.005057740001,1
RUE,93,co,NetCDF_output,2022,2024,allISO,annual,sec06,F_RoadTransport,324839.690393108,324839.690393108,324839.690393108,1
RUE,93,co,NetCDF_output,2022,2024,allISO,annual,sec07,G_Shipping,4092.33883320633,4092.33883320633,4092.33883320633,1
RUE,93,co,NetCDF_output,2022,2024,allISO,annual,sec08,H_Aviation,2225.77805666042,2225.77805666042,2225.77805666042,1
RUE,93,co,NetCDF_output,2022,2024,allISO,annual,sec09,I_Offroad,36391.2244312704,36391.2244312704,36391.2244312704,1
RUE,93,co,NetCDF_output,2022,2024,allISO,annual,sec10,J_Waste,1.91486897849051,1.91486897849051,1.91486897849051,1
RUE,93,co,NetCDF_output,2022,2024,allISO,annual,sec11,K_AgriLivestock,0,0,0,
RUE,93,co,NetCDF_output,2022,2024,allISO,annual,sec12,L_AgriOther,295597.341905833,295597.341905833,295597.341905833,1
RUE,93,co,NetCDF_output,2022,2024,allISO,annual,sec13,M_Other,5391.15197290452,5391.15197290452,5391.15197290452,1
SE,23,co,NetCDF_output,2022,2024,allISO,annual,sec01,A_PublicPower,5517.4523629637,5517.4523629637,5517.4523629637,1
SE,23,co,NetCDF_output,2022,2024,allISO,annual,sec02,B_Industry,32512.5553454684,32512.5553454684,32512.5553454684,1
SE,23,co,NetCDF_output,2022,2024,allISO,annual,sec03,C_OtherStationaryComb,75002.8241637125,75002.8241637125,75002.8241637125,1
SE,23,co,NetCDF_output,2022,2024,allISO,annual,sec04,D_Fugitive,2.02222334033902,2.02222334033902,2.02222334033902,1
SE,23,co,NetCDF_output,2022,2024,allISO,annual,sec05,E_Solvents,0,0,0,
SE,23,co,NetCDF_output,2022,2024,allISO,annual,sec06,F_RoadTransport,57506.7790941795,57506.7790941795,57506.7790941795,1
SE,23,co,NetCDF_output,2022,2024,allISO,annual,sec07,G_Shipping,16464.6794296282,16464.6794296282,16464.6794296282,1
SE,23,co,NetCDF_output,2022,2024,allISO,annual,sec08,H_Aviation,922.228809911606,922.228809911606,922.228809911606,1
SE,23,co,NetCDF_output,2022,2024,allISO,annual,sec09,I_Offroad,88331.7172375653,88331.7172375653,88331.7172375653,1
SE,23,co,NetCDF_output,2022,2024,allISO,annual,sec10,J_Waste,710.522558880575,710.522558880575,710.522558880575,1
SE,23,co,NetCDF_output,2022,2024,allISO,annual,sec11,K_AgriLivestock,0,0,0,
SE,23,co,NetCDF_output,2022,2024,allISO,annual,sec12,L_AgriOther,0,0,0,
SE,23,co,NetCDF_output,2022,2024,allISO,annual,sec13,M_Other,0,0,0,
SI,48,co,NetCDF_output,2022,2024,allISO,annual,sec01,A_PublicPower,1203.12478423082,1203.12478423082,1203.12478423082,1
SI,48,co,NetCDF_output,2022,2024,allISO,annual,sec02,B_Industry,7626.89394577593,7626.89394577593,7626.89394577593,1
SI,48,co,NetCDF_output,2022,2024,allISO,annual,sec03,C_OtherStationaryComb,53032.0494508147,53032.0494508147,53032.0494508147,1
SI,48,co,NetCDF_output,2022,2024,allISO,annual,sec04,D_Fugitive,0.217425598430054,0.217425598430054,0.217425598430054,1
SI,48,co,NetCDF_output,2022,2024,allISO,annual,sec05,E_Solvents,210.460454999004,210.460454999004,210.460454999004,1
SI,48,co,NetCDF_output,2022,2024,allISO,annual,sec06,F_RoadTransport,10620.7883351445,10620.7883351445,10620.7883351445,1
SI,48,co,NetCDF_output,2022,2024,allISO,annual,sec07,G_Shipping,0.939310371875763,0.939310371875763,0.939310371875763,1
SI,48,co,NetCDF_output,2022,2024,allISO,annual,sec08,H_Aviation,635.862670898438,635.862670898438,635.862670898438,1
SI,48,co,NetCDF_output,2022,2024,allISO,annual,sec09,I_Offroad,5281.02757072449,5281.02757072449,5281.02757072449,1
SI,48,co,NetCDF_output,2022,2024,allISO,annual,sec10,J_Waste,3.12000954151154,3.12000954151154,3.12000954151154,1
SI,48,co,NetCDF_output,2022,2024,allISO,annual,sec11,K_AgriLivestock,0,0,0,
SI,48,co,NetCDF_output,2022,2024,allISO,annual,sec12,L_AgriOther,0,0,0,
SI,48,co,NetCDF_output,2022,2024,allISO,annual,sec13,M_Other,0,0,0,
SK,47,co,NetCDF_output,2022,2024,allISO,annual,sec01,A_PublicPower,1873.90490049456,1873.90490049456,1873.90490049456,1
SK,47,co,NetCDF_output,2022,2024,allISO,annual,sec02,B_Industry,104862.304620504,104862.304620504,104862.304620504,1
SK,47,co,NetCDF_output,2022,2024,allISO,annual,sec03,C_OtherStationaryComb,159534.408940554,159534.408940554,159534.408940554,1
SK,47,co,NetCDF_output,2022,2024,allISO,annual,sec04,D_Fugitive,1768.40002441406,1768.40002441406,1768.40002441406,1
SK,47,co,NetCDF_output,2022,2024,allISO,annual,sec05,E_Solvents,499.406954046339,499.406954046339,499.406954046339,1
SK,47,co,NetCDF_output,2022,2024,allISO,annual,sec06,F_RoadTransport,14679.6208104938,14679.6208104938,14679.6208104938,1
SK,47,co,NetCDF_output,2022,2024,allISO,annual,sec07,G_Shipping,26.6183263808489,26.6183263808489,26.6183263808489,1
SK,47,co,NetCDF_output,2022,2024,allISO,annual,sec08,H_Aviation,60.4071342945099,60.4071342945099,60.4071342945099,1
SK,47,co,NetCDF_output,2022,2024,allISO,annual,sec09,I_Offroad,5816.432569528,5816.432569528,5816.432569528,1
SK,47,co,NetCDF_output,2022,2024,allISO,annual,sec10,J_Waste,12673.5400362015,12673.5400362015,12673.5400362015,1
SK,47,co,NetCDF_output,2022,2024,allISO,annual,sec11,K_AgriLivestock,0,0,0,
SK,47,co,NetCDF_output,2022,2024,allISO,annual,sec12,L_AgriOther,0,0,0,
SK,47,co,NetCDF_output,2022,2024,allISO,annual,sec13,M_Other,0,0,0,
TJ,81,co,NetCDF_output,2022,2024,allISO,annual,sec01,A_PublicPower,33.006352841976,33.006352841976,33.006352841976,1
TJ,81,co,NetCDF_output,2022,2024,allISO,annual,sec02,B_Industry,36950.1471167986,36950.1471167986,36950.1471167986,1
TJ,81,co,NetCDF_output,2022,2024,allISO,annual,sec03,C_OtherStationaryComb,484.532664831673,484.532664831673,484.532664831673,1
TJ,81,co,NetCDF_output,2022,2024,allISO,annual,sec04,D_Fugitive,7.78323590569198,7.78323590569198,7.78323590569198,1
TJ,81,co,NetCDF_output,2022,2024,allISO,annual,sec05,E_Solvents,3994.98284552991,3994.98284552991,3994.98284552991,1
TJ,81,co,NetCDF_output,2022,2024,allISO,annual,sec06,F_RoadTransport,69182.4181277088,69182.4181277088,69182.4181277088,1
TJ,81,co,NetCDF_output,2022,2024,allISO,annual,sec07,G_Shipping,0,0,0,
TJ,81,co,NetCDF_output,2022,2024,allISO,annual,sec08,H_Aviation,0,0,0,
TJ,81,co,NetCDF_output,2022,2024,allISO,annual,sec09,I_Offroad,0,0,0,
TJ,81,co,NetCDF_output,2022,2024,allISO,annual,sec10,J_Waste,12800.3659864443,12800.3659864443,12800.3659864443,1
TJ,81,co,NetCDF_output,2022,2024,allISO,annual,sec11,K_AgriLivestock,0,0,0,
TJ,81,co,NetCDF_output,2022,2024,allISO,annual,sec12,L_AgriOther,41624.9539833088,41624.9539833088,41624.9539833088,1
TJ,81,co,NetCDF_output,2022,2024,allISO,annual,sec13,M_Other,0,0,0,
TM,77,co,NetCDF_output,2022,2024,allISO,annual,sec01,A_PublicPower,363.040241045208,363.040241045208,363.040241045208,1
TM,77,co,NetCDF_output,2022,2024,allISO,annual,sec02,B_Industry,6772.0130507648,6772.0130507648,6772.0130507648,1
TM,77,co,NetCDF_output,2022,2024,allISO,annual,sec03,C_OtherStationaryComb,9156.81681276573,9156.81681276573,9156.81681276573,1
TM,77,co,NetCDF_output,2022,2024,allISO,annual,sec04,D_Fugitive,6761.00181317329,6761.00181317329,6761.00181317329,1
TM,77,co,NetCDF_output,2022,2024,allISO,annual,sec05,E_Solvents,2571.67911186155,2571.67911186155,2571.67911186155,1
TM,77,co,NetCDF_output,2022,2024,allISO,annual,sec06,F_RoadTransport,598484.31227809,598484.31227809,598484.31227809,1
TM,77,co,NetCDF_output,2022,2024,allISO,annual,sec07,G_Shipping,0,0,0,
TM,77,co,NetCDF_output,2022,2024,allISO,annual,sec08,H_Aviation,0,0,0,
TM,77,co,NetCDF_output,2022,2024,allISO,annual,sec09,I_Offroad,57633.8092227858,57633.8092227858,57633.8092227858,1
TM,77,co,NetCDF_output,2022,2024,allISO,annual,sec10,J_Waste,10520.7900167369,10520.7900167369,10520.7900167369,1
TM,77,co,NetCDF_output,2022,2024,allISO,annual,sec11,K_AgriLivestock,0,0,0,
TM,77,co,NetCDF_output,2022,2024,allISO,annual,sec12,L_AgriOther,26382.8819865976,26382.8819865976,26382.8819865976,1
TM,77,co,NetCDF_output,2022,2024,allISO,annual,sec13,M_Other,0,0,0,
TR,25,co,NetCDF_output,2022,2024,allISO,annual,sec01,A_PublicPower,14381.4311842071,14381.4311842071,14381.4311842071,1
TR,25,co,NetCDF_output,2022,2024,allISO,annual,sec02,B_Industry,356375.199690569,356375.199690569,356375.199690569,1
TR,25,co,NetCDF_output,2022,2024,allISO,annual,sec03,C_OtherStationaryComb,440643.033118507,440643.033118507,440643.033118507,1
TR,25,co,NetCDF_output,2022,2024,allISO,annual,sec04,D_Fugitive,80.0023642366286,80.0023642366286,80.0023642366286,1
TR,25,co,NetCDF_output,2022,2024,allISO,annual,sec05,E_Solvents,36199.5174992865,36199.5174992865,36199.5174992865,1
TR,25,co,NetCDF_output,2022,2024,allISO,annual,sec06,F_RoadTransport,216581.146475781,216581.146475781,216581.146475781,1
TR,25,co,NetCDF_output,2022,2024,allISO,annual,sec07,G_Shipping,2791.26137583652,2791.26137583652,2791.26137583652,1
TR,25,co,NetCDF_output,2022,2024,allISO,annual,sec08,H_Aviation,0,0,0,
TR,25,co,NetCDF_output,2022,2024,allISO,annual,sec09,I_Offroad,282886.670629455,282886.670629455,282886.670629455,1
TR,25,co,NetCDF_output,2022,2024,allISO,annual,sec10,J_Waste,56777.5760058146,56777.5760058146,56777.5760058146,1
TR,25,co,NetCDF_output,2022,2024,allISO,annual,sec11,K_AgriLivestock,0,0,0,
TR,25,co,NetCDF_output,2022,2024,allISO,annual,sec12,L_AgriOther,280943.172658675,280943.172658675,280943.172658675,1
TR,25,co,NetCDF_output,2022,2024,allISO,annual,sec13,M_Other,0,0,0,
UA,40,co,NetCDF_output,2022,2024,allISO,annual,sec01,A_PublicPower,19548.0012352467,19548.0012352467,19548.0012352467,1
UA,40,co,NetCDF_output,2022,2024,allISO,annual,sec02,B_Industry,1299611.34284344,1299611.34284344,1299611.34284344,1
UA,40,co,NetCDF_output,2022,2024,allISO,annual,sec03,C_OtherStationaryComb,333114.455111732,333114.455111732,333114.455111732,1
UA,40,co,NetCDF_output,2022,2024,allISO,annual,sec04,D_Fugitive,798.492301235499,798.492301235499,798.492301235499,1
UA,40,co,NetCDF_output,2022,2024,allISO,annual,sec05,E_Solvents,17658.4979510196,17658.4979510196,17658.4979510196,1
UA,40,co,NetCDF_output,2022,2024,allISO,annual,sec06,F_RoadTransport,382095.464743068,382095.464743068,382095.464743068,1
UA,40,co,NetCDF_output,2022,2024,allISO,annual,sec07,G_Shipping,819.318571707868,819.318571707868,819.318571707868,1
UA,40,co,NetCDF_output,2022,2024,allISO,annual,sec08,H_Aviation,0,0,0,
UA,40,co,NetCDF_output,2022,2024,allISO,annual,sec09,I_Offroad,83488.7628533889,83488.7628533889,83488.7628533889,1
UA,40,co,NetCDF_output,2022,2024,allISO,annual,sec10,J_Waste,48610.3899597653,48610.3899597653,48610.3899597653,1
UA,40,co,NetCDF_output,2022,2024,allISO,annual,sec11,K_AgriLivestock,0,0,0,
UA,40,co,NetCDF_output,2022,2024,allISO,annual,sec12,L_AgriOther,458328.005879045,458328.005879045,458328.005879045,1
UA,40,co,NetCDF_output,2022,2024,allISO,annual,sec13,M_Other,0,0,0,
UZ,76,co,NetCDF_output,2022,2024,allISO,annual,sec01,A_PublicPower,1881.20148092688,1881.20148092688,1881.20148092688,1
UZ,76,co,NetCDF_output,2022,2024,allISO,annual,sec02,B_Industry,25008.9478909724,25008.9478909724,25008.9478909724,1
UZ,76,co,NetCDF_output,2022,2024,allISO,annual,sec03,C_OtherStationaryComb,23402.3699023287,23402.3699023287,23402.3699023287,1
UZ,76,co,NetCDF_output,2022,2024,allISO,annual,sec04,D_Fugitive,2297.67336153984,2297.67336153984,2297.67336153984,1
UZ,76,co,NetCDF_output,2022,2024,allISO,annual,sec05,E_Solvents,14243.1386078548,14243.1386078548,14243.1386078548,1
UZ,76,co,NetCDF_output,2022,2024,allISO,annual,sec06,F_RoadTransport,570725.882523197,570725.882523197,570725.882523197,1
UZ,76,co,NetCDF_output,2022,2024,allISO,annual,sec07,G_Shipping,0,0,0,
UZ,76,co,NetCDF_output,2022,2024,allISO,annual,sec08,H_Aviation,0,0,0,
UZ,76,co,NetCDF_output,2022,2024,allISO,annual,sec09,I_Offroad,34424.6577691742,34424.6577691742,34424.6577691742,1
UZ,76,co,NetCDF_output,2022,2024,allISO,annual,sec10,J_Waste,46074.5119959697,46074.5119959697,46074.5119959697,1
UZ,76,co,NetCDF_output,2022,2024,allISO,annual,sec11,K_AgriLivestock,0,0,0,
UZ,76,co,NetCDF_output,2022,2024,allISO,annual,sec12,L_AgriOther,145108.085927004,145108.085927004,145108.085927004,1
UZ,76,co,NetCDF_output,2022,2024,allISO,annual,sec13,M_Other,0,0,0,
