ISO,Year,EMEP_data,GNFR,Pollutant,emis_t,SNAP,Region,EMEP_Sector,sec_long,long_name,Data_source
AL,2020,2020,B_Industry,nmvoc,1638.52,3,eu,2,sec02,Industry,EMEP_unprocessed
AL,2020,2020,C_OtherStationaryComb,nmvoc,8204.98,2,eu,3,sec03,OtherStationaryComb,EMEP_unprocessed
AL,2020,2020,D_Fugitive,nmvoc,465.43,5,eu,4,sec04,Fugitive,EMEP_unprocessed
AL,2020,2020,E_Solvents,nmvoc,9794.95,6,eu,5,sec05,Solvents,EMEP_unprocessed
AL,2020,2020,F_RoadTransport,nmvoc,1386.56,7,eu,6,sec06,RoadTransport,EMEP_unprocessed
AL,2020,2020,G_Shipping,nmvoc,406.9,8,eu,7,sec07,Shipping,EMEP_unprocessed
AL,2020,2020,H_Aviation,nmvoc,7.14,8,eu,8,sec08,Aviation,EMEP_unprocessed
AL,2020,2020,I_Offroad,nmvoc,409.509999999999,8,eu,9,sec09,Offroad,EMEP_unprocessed
AL,2020,2020,J_Waste,nmvoc,1447.38,9,eu,10,sec10,Waste,EMEP_unprocessed
AL,2020,2020,K_AgriLivestock,nmvoc,5786.50000000001,10,eu,11,sec11,AgriLivestock,EMEP_unprocessed
AL,2020,2020,L_AgriOther,nmvoc,1203.73,10,eu,12,sec12,AgriOther,EMEP_unprocessed
AM,2020,2020,A_PublicPower,nmvoc,76.74,1,eu,1,sec01,PublicPower,EMEP_unprocessed
AM,2020,2020,B_Industry,nmvoc,11.49,3,eu,2,sec02,Industry,EMEP_unprocessed
AM,2020,2020,C_OtherStationaryComb,nmvoc,13706.32,2,eu,3,sec03,OtherStationaryComb,EMEP_unprocessed
AM,2020,2020,D_Fugitive,nmvoc,406.9,5,eu,4,sec04,Fugitive,EMEP_unprocessed
AM,2020,2020,E_Solvents,nmvoc,11455.14,6,eu,5,sec05,Solvents,EMEP_unprocessed
AM,2020,2020,F_RoadTransport,nmvoc,4877.98,7,eu,6,sec06,RoadTransport,EMEP_unprocessed
AM,2020,2020,H_Aviation,nmvoc,70.8400000000001,8,eu,8,sec08,Aviation,EMEP_unprocessed
AM,2020,2020,I_Offroad,nmvoc,28.89,8,eu,9,sec09,Offroad,EMEP_unprocessed
AM,2020,2020,J_Waste,nmvoc,607.09,9,eu,10,sec10,Waste,EMEP_unprocessed
AM,2020,2020,K_AgriLivestock,nmvoc,4783.16999999999,10,eu,11,sec11,AgriLivestock,EMEP_unprocessed
AM,2020,2020,L_AgriOther,nmvoc,2743.69,10,eu,12,sec12,AgriOther,EMEP_unprocessed
AST,2020,2020,A_PublicPower,nmvoc,42363.6547943995,1,eu,1,sec01,PublicPower,EMEP_unprocessed
AST,2020,2020,B_Industry,nmvoc,244043.593208723,3,eu,2,sec02,Industry,EMEP_unprocessed
AST,2020,2020,C_OtherStationaryComb,nmvoc,1283518.39529313,2,eu,3,sec03,OtherStationaryComb,EMEP_unprocessed
AST,2020,2020,D_Fugitive,nmvoc,1541148.25738462,5,eu,4,sec04,Fugitive,EMEP_unprocessed
AST,2020,2020,E_Solvents,nmvoc,1235433.63267978,6,eu,5,sec05,Solvents,EMEP_unprocessed
AST,2020,2020,F_RoadTransport,nmvoc,506126.958124726,7,eu,6,sec06,RoadTransport,EMEP_unprocessed
AST,2020,2020,G_Shipping,nmvoc,574.942730599759,8,eu,7,sec07,Shipping,EMEP_unprocessed
AST,2020,2020,H_Aviation,nmvoc,158.935783098749,8,eu,8,sec08,Aviation,EMEP_unprocessed
AST,2020,2020,I_Offroad,nmvoc,3441.43080655175,8,eu,9,sec09,Offroad,EMEP_unprocessed
AST,2020,2020,J_Waste,nmvoc,70443.273061461,9,eu,10,sec10,Waste,EMEP_unprocessed
AST,2020,2020,K_AgriLivestock,nmvoc,315931.147900028,10,eu,11,sec11,AgriLivestock,EMEP_unprocessed
AST,2020,2020,L_AgriOther,nmvoc,244848.991884283,10,eu,12,sec12,AgriOther,EMEP_unprocessed
AT,2020,2020,A_PublicPower,nmvoc,300.954405011736,1,eu,1,sec01,PublicPower,EMEP_unprocessed
AT,2020,2020,B_Industry,nmvoc,4684.25310956485,3,eu,2,sec02,Industry,EMEP_unprocessed
AT,2020,2020,C_OtherStationaryComb,nmvoc,24570.2088292244,2,eu,3,sec03,OtherStationaryComb,EMEP_unprocessed
AT,2020,2020,D_Fugitive,nmvoc,2028.270886513,5,eu,4,sec04,Fugitive,EMEP_unprocessed
AT,2020,2020,E_Solvents,nmvoc,36902.9328923691,6,eu,5,sec05,Solvents,EMEP_unprocessed
AT,2020,2020,F_RoadTransport,nmvoc,3954.82699812091,7,eu,6,sec06,RoadTransport,EMEP_unprocessed
AT,2020,2020,G_Shipping,nmvoc,328.38259293556,8,eu,7,sec07,Shipping,EMEP_unprocessed
AT,2020,2020,H_Aviation,nmvoc,114.645761875498,8,eu,8,sec08,Aviation,EMEP_unprocessed
AT,2020,2020,I_Offroad,nmvoc,2326.52357289113,8,eu,9,sec09,Offroad,EMEP_unprocessed
AT,2020,2020,J_Waste,nmvoc,60.386966045326,9,eu,10,sec10,Waste,EMEP_unprocessed
AT,2020,2020,K_AgriLivestock,nmvoc,23734.7282009506,10,eu,11,sec11,AgriLivestock,EMEP_unprocessed
AT,2020,2020,L_AgriOther,nmvoc,8920.48854281746,10,eu,12,sec12,AgriOther,EMEP_unprocessed
ATL,2020,2020,G_Shipping,nmvoc,6824.72981743245,8,eu,7,sec07,Shipping,EMEP_unprocessed
AZ,2020,2020,A_PublicPower,nmvoc,872.599999999999,1,eu,1,sec01,PublicPower,EMEP_unprocessed
AZ,2020,2020,B_Industry,nmvoc,20295.33,3,eu,2,sec02,Industry,EMEP_unprocessed
AZ,2020,2020,C_OtherStationaryComb,nmvoc,3179.99,2,eu,3,sec03,OtherStationaryComb,EMEP_unprocessed
AZ,2020,2020,D_Fugitive,nmvoc,227962.81,5,eu,4,sec04,Fugitive,EMEP_unprocessed
AZ,2020,2020,E_Solvents,nmvoc,32789.33,6,eu,5,sec05,Solvents,EMEP_unprocessed
AZ,2020,2020,F_RoadTransport,nmvoc,49243.28,7,eu,6,sec06,RoadTransport,EMEP_unprocessed
AZ,2020,2020,G_Shipping,nmvoc,228.75,8,eu,7,sec07,Shipping,EMEP_unprocessed
AZ,2020,2020,H_Aviation,nmvoc,332.31,8,eu,8,sec08,Aviation,EMEP_unprocessed
AZ,2020,2020,I_Offroad,nmvoc,647.44,8,eu,9,sec09,Offroad,EMEP_unprocessed
AZ,2020,2020,J_Waste,nmvoc,1529.26,9,eu,10,sec10,Waste,EMEP_unprocessed
AZ,2020,2020,K_AgriLivestock,nmvoc,23996.55,10,eu,11,sec11,AgriLivestock,EMEP_unprocessed
AZ,2020,2020,L_AgriOther,nmvoc,6417.91,10,eu,12,sec12,AgriOther,EMEP_unprocessed
BA,2020,2020,A_PublicPower,nmvoc,996.280000000001,1,eu,1,sec01,PublicPower,EMEP_unprocessed
BA,2020,2020,B_Industry,nmvoc,3964.06,3,eu,2,sec02,Industry,EMEP_unprocessed
BA,2020,2020,C_OtherStationaryComb,nmvoc,68775.4900000001,2,eu,3,sec03,OtherStationaryComb,EMEP_unprocessed
BA,2020,2020,D_Fugitive,nmvoc,733.12,5,eu,4,sec04,Fugitive,EMEP_unprocessed
BA,2020,2020,E_Solvents,nmvoc,11543.6,6,eu,5,sec05,Solvents,EMEP_unprocessed
BA,2020,2020,F_RoadTransport,nmvoc,2244.81,7,eu,6,sec06,RoadTransport,EMEP_unprocessed
BA,2020,2020,H_Aviation,nmvoc,7.44,8,eu,8,sec08,Aviation,EMEP_unprocessed
BA,2020,2020,I_Offroad,nmvoc,114.07,8,eu,9,sec09,Offroad,EMEP_unprocessed
BA,2020,2020,J_Waste,nmvoc,2626.93,9,eu,10,sec10,Waste,EMEP_unprocessed
BA,2020,2020,K_AgriLivestock,nmvoc,9244.9,10,eu,11,sec11,AgriLivestock,EMEP_unprocessed
BA,2020,2020,L_AgriOther,nmvoc,3001.04,10,eu,12,sec12,AgriOther,EMEP_unprocessed
BAS,2020,2020,G_Shipping,nmvoc,2593.86020782552,8,eu,7,sec07,Shipping,EMEP_unprocessed
BE,2020,2020,A_PublicPower,nmvoc,437.116988063013,1,eu,1,sec01,PublicPower,EMEP_unprocessed
BE,2020,2020,B_Industry,nmvoc,14753.8953931351,3,eu,2,sec02,Industry,EMEP_unprocessed
BE,2020,2020,C_OtherStationaryComb,nmvoc,10814.7477946522,2,eu,3,sec03,OtherStationaryComb,EMEP_unprocessed
BE,2020,2020,D_Fugitive,nmvoc,5624.18755667575,5,eu,4,sec04,Fugitive,EMEP_unprocessed
BE,2020,2020,E_Solvents,nmvoc,50030.2660190342,6,eu,5,sec05,Solvents,EMEP_unprocessed
BE,2020,2020,F_RoadTransport,nmvoc,6709.45095345721,7,eu,6,sec06,RoadTransport,EMEP_unprocessed
BE,2020,2020,G_Shipping,nmvoc,183.430486609926,8,eu,7,sec07,Shipping,EMEP_unprocessed
BE,2020,2020,H_Aviation,nmvoc,77.7775362699078,8,eu,8,sec08,Aviation,EMEP_unprocessed
BE,2020,2020,I_Offroad,nmvoc,3292.36872220944,8,eu,9,sec09,Offroad,EMEP_unprocessed
BE,2020,2020,J_Waste,nmvoc,636.412392681,9,eu,10,sec10,Waste,EMEP_unprocessed
BE,2020,2020,K_AgriLivestock,nmvoc,42867.6751818388,10,eu,11,sec11,AgriLivestock,EMEP_unprocessed
BE,2020,2020,L_AgriOther,nmvoc,4991.91573923053,10,eu,12,sec12,AgriOther,EMEP_unprocessed
BG,2020,2020,A_PublicPower,nmvoc,656.971794,1,eu,1,sec01,PublicPower,EMEP_unprocessed
BG,2020,2020,B_Industry,nmvoc,6928.1032556817,3,eu,2,sec02,Industry,EMEP_unprocessed
BG,2020,2020,C_OtherStationaryComb,nmvoc,20076.8170579347,2,eu,3,sec03,OtherStationaryComb,EMEP_unprocessed
BG,2020,2020,D_Fugitive,nmvoc,7312.27742100001,5,eu,4,sec04,Fugitive,EMEP_unprocessed
BG,2020,2020,E_Solvents,nmvoc,17114.6721781858,6,eu,5,sec05,Solvents,EMEP_unprocessed
BG,2020,2020,F_RoadTransport,nmvoc,6932.40673162858,7,eu,6,sec06,RoadTransport,EMEP_unprocessed
BG,2020,2020,G_Shipping,nmvoc,32.9949460152439,8,eu,7,sec07,Shipping,EMEP_unprocessed
BG,2020,2020,H_Aviation,nmvoc,7.668357797572,8,eu,8,sec08,Aviation,EMEP_unprocessed
BG,2020,2020,I_Offroad,nmvoc,941.037420431791,8,eu,9,sec09,Offroad,EMEP_unprocessed
BG,2020,2020,J_Waste,nmvoc,1386.83641242772,9,eu,10,sec10,Waste,EMEP_unprocessed
BG,2020,2020,K_AgriLivestock,nmvoc,9217.46851569061,10,eu,11,sec11,AgriLivestock,EMEP_unprocessed
BG,2020,2020,L_AgriOther,nmvoc,1993.2254616607,10,eu,12,sec12,AgriOther,EMEP_unprocessed
BLS,2020,2020,G_Shipping,nmvoc,795.294441497816,8,eu,7,sec07,Shipping,EMEP_unprocessed
BY,2020,2020,A_PublicPower,nmvoc,1809.08,1,eu,1,sec01,PublicPower,EMEP_unprocessed
BY,2020,2020,B_Industry,nmvoc,31276.4099999999,3,eu,2,sec02,Industry,EMEP_unprocessed
BY,2020,2020,C_OtherStationaryComb,nmvoc,34581.2799999999,2,eu,3,sec03,OtherStationaryComb,EMEP_unprocessed
BY,2020,2020,D_Fugitive,nmvoc,19264.66,5,eu,4,sec04,Fugitive,EMEP_unprocessed
BY,2020,2020,E_Solvents,nmvoc,42130.54,6,eu,5,sec05,Solvents,EMEP_unprocessed
BY,2020,2020,F_RoadTransport,nmvoc,19159.44,7,eu,6,sec06,RoadTransport,EMEP_unprocessed
BY,2020,2020,I_Offroad,nmvoc,7308.80999999998,8,eu,9,sec09,Offroad,EMEP_unprocessed
BY,2020,2020,J_Waste,nmvoc,8846.69999999998,9,eu,10,sec10,Waste,EMEP_unprocessed
BY,2020,2020,K_AgriLivestock,nmvoc,47601.0999999998,10,eu,11,sec11,AgriLivestock,EMEP_unprocessed
BY,2020,2020,L_AgriOther,nmvoc,16103.68,10,eu,12,sec12,AgriOther,EMEP_unprocessed
CAS,2020,2020,G_Shipping,nmvoc,138.650011706039,8,eu,7,sec07,Shipping,EMEP_unprocessed
CH,2020,2020,A_PublicPower,nmvoc,195.55691038636,1,eu,1,sec01,PublicPower,EMEP_unprocessed
CH,2020,2020,B_Industry,nmvoc,6186.95359770289,3,eu,2,sec02,Industry,EMEP_unprocessed
CH,2020,2020,C_OtherStationaryComb,nmvoc,3872.23306419052,2,eu,3,sec03,OtherStationaryComb,EMEP_unprocessed
CH,2020,2020,D_Fugitive,nmvoc,2489.07692433933,5,eu,4,sec04,Fugitive,EMEP_unprocessed
CH,2020,2020,E_Solvents,nmvoc,31324.9903417471,6,eu,5,sec05,Solvents,EMEP_unprocessed
CH,2020,2020,F_RoadTransport,nmvoc,7371.87683241922,7,eu,6,sec06,RoadTransport,EMEP_unprocessed
CH,2020,2020,G_Shipping,nmvoc,412.604244414783,8,eu,7,sec07,Shipping,EMEP_unprocessed
CH,2020,2020,H_Aviation,nmvoc,90.1392502544639,8,eu,8,sec08,Aviation,EMEP_unprocessed
CH,2020,2020,I_Offroad,nmvoc,1743.93279314607,8,eu,9,sec09,Offroad,EMEP_unprocessed
CH,2020,2020,J_Waste,nmvoc,1719.61001011702,9,eu,10,sec10,Waste,EMEP_unprocessed
CH,2020,2020,K_AgriLivestock,nmvoc,17125.2502923986,10,eu,11,sec11,AgriLivestock,EMEP_unprocessed
CH,2020,2020,L_AgriOther,nmvoc,455.770580015,10,eu,12,sec12,AgriOther,EMEP_unprocessed
CH,2020,2020,M_Other,nmvoc,163.133299440051,11,eu,13,sec13,Other,EMEP_unprocessed
CY,2020,2020,A_PublicPower,nmvoc,60.7760209138169,1,eu,1,sec01,PublicPower,EMEP_unprocessed
CY,2020,2020,B_Industry,nmvoc,250.2532322175,3,eu,2,sec02,Industry,EMEP_unprocessed
CY,2020,2020,C_OtherStationaryComb,nmvoc,38.3419840811483,2,eu,3,sec03,OtherStationaryComb,EMEP_unprocessed
CY,2020,2020,D_Fugitive,nmvoc,355.930859163909,5,eu,4,sec04,Fugitive,EMEP_unprocessed
CY,2020,2020,E_Solvents,nmvoc,3943.17075288447,6,eu,5,sec05,Solvents,EMEP_unprocessed
CY,2020,2020,F_RoadTransport,nmvoc,1626.05311944442,7,eu,6,sec06,RoadTransport,EMEP_unprocessed
CY,2020,2020,G_Shipping,nmvoc,2.51037273745102,8,eu,7,sec07,Shipping,EMEP_unprocessed
CY,2020,2020,H_Aviation,nmvoc,9.30209051686538,8,eu,8,sec08,Aviation,EMEP_unprocessed
CY,2020,2020,I_Offroad,nmvoc,54.0601711853477,8,eu,9,sec09,Offroad,EMEP_unprocessed
CY,2020,2020,J_Waste,nmvoc,322.019952580367,9,eu,10,sec10,Waste,EMEP_unprocessed
CY,2020,2020,K_AgriLivestock,nmvoc,1955.18743,10,eu,11,sec11,AgriLivestock,EMEP_unprocessed
CY,2020,2020,L_AgriOther,nmvoc,23.60013,10,eu,12,sec12,AgriOther,EMEP_unprocessed
CZ,2020,2020,A_PublicPower,nmvoc,3965.309993,1,eu,1,sec01,PublicPower,EMEP_unprocessed
CZ,2020,2020,B_Industry,nmvoc,8203.87399405201,3,eu,2,sec02,Industry,EMEP_unprocessed
CZ,2020,2020,C_OtherStationaryComb,nmvoc,171196.008951222,2,eu,3,sec03,OtherStationaryComb,EMEP_unprocessed
CZ,2020,2020,D_Fugitive,nmvoc,5045.47370753245,5,eu,4,sec04,Fugitive,EMEP_unprocessed
CZ,2020,2020,E_Solvents,nmvoc,60603.9687616879,6,eu,5,sec05,Solvents,EMEP_unprocessed
CZ,2020,2020,F_RoadTransport,nmvoc,11858.4266874238,7,eu,6,sec06,RoadTransport,EMEP_unprocessed
CZ,2020,2020,G_Shipping,nmvoc,18.739512,8,eu,7,sec07,Shipping,EMEP_unprocessed
CZ,2020,2020,H_Aviation,nmvoc,64.2488304762268,8,eu,8,sec08,Aviation,EMEP_unprocessed
CZ,2020,2020,I_Offroad,nmvoc,3220.24200848923,8,eu,9,sec09,Offroad,EMEP_unprocessed
CZ,2020,2020,J_Waste,nmvoc,2307.30965732214,9,eu,10,sec10,Waste,EMEP_unprocessed
CZ,2020,2020,K_AgriLivestock,nmvoc,24519.1405823276,10,eu,11,sec11,AgriLivestock,EMEP_unprocessed
CZ,2020,2020,L_AgriOther,nmvoc,13440.4232258852,10,eu,12,sec12,AgriOther,EMEP_unprocessed
DE,2020,2020,A_PublicPower,nmvoc,6535.94520638732,1,eu,1,sec01,PublicPower,EMEP_unprocessed
DE,2020,2020,B_Industry,nmvoc,49313.1573744717,3,eu,2,sec02,Industry,EMEP_unprocessed
DE,2020,2020,C_OtherStationaryComb,nmvoc,37521.8360752827,2,eu,3,sec03,OtherStationaryComb,EMEP_unprocessed
DE,2020,2020,D_Fugitive,nmvoc,29052.5745684185,5,eu,4,sec04,Fugitive,EMEP_unprocessed
DE,2020,2020,E_Solvents,nmvoc,488797.485296782,6,eu,5,sec05,Solvents,EMEP_unprocessed
DE,2020,2020,F_RoadTransport,nmvoc,80500.5843615775,7,eu,6,sec06,RoadTransport,EMEP_unprocessed
DE,2020,2020,G_Shipping,nmvoc,1449.92765943381,8,eu,7,sec07,Shipping,EMEP_unprocessed
DE,2020,2020,H_Aviation,nmvoc,573.134685031342,8,eu,8,sec08,Aviation,EMEP_unprocessed
DE,2020,2020,I_Offroad,nmvoc,30209.305848527,8,eu,9,sec09,Offroad,EMEP_unprocessed
DE,2020,2020,J_Waste,nmvoc,1752.19609514879,9,eu,10,sec10,Waste,EMEP_unprocessed
DE,2020,2020,K_AgriLivestock,nmvoc,287036.290941886,10,eu,11,sec11,AgriLivestock,EMEP_unprocessed
DE,2020,2020,L_AgriOther,nmvoc,9156.19782016649,10,eu,12,sec12,AgriOther,EMEP_unprocessed
DK,2020,2020,A_PublicPower,nmvoc,859.967363681205,1,eu,1,sec01,PublicPower,EMEP_unprocessed
DK,2020,2020,B_Industry,nmvoc,3141.1439829442,3,eu,2,sec02,Industry,EMEP_unprocessed
DK,2020,2020,C_OtherStationaryComb,nmvoc,8719.42274434838,2,eu,3,sec03,OtherStationaryComb,EMEP_unprocessed
DK,2020,2020,D_Fugitive,nmvoc,8251.74675820927,5,eu,4,sec04,Fugitive,EMEP_unprocessed
DK,2020,2020,E_Solvents,nmvoc,30487.8423775,6,eu,5,sec05,Solvents,EMEP_unprocessed
DK,2020,2020,F_RoadTransport,nmvoc,4935.65408120378,7,eu,6,sec06,RoadTransport,EMEP_unprocessed
DK,2020,2020,G_Shipping,nmvoc,394.889576944472,8,eu,7,sec07,Shipping,EMEP_unprocessed
DK,2020,2020,H_Aviation,nmvoc,50.9846641663918,8,eu,8,sec08,Aviation,EMEP_unprocessed
DK,2020,2020,I_Offroad,nmvoc,3589.37544215237,8,eu,9,sec09,Offroad,EMEP_unprocessed
DK,2020,2020,J_Waste,nmvoc,573.105728181999,9,eu,10,sec10,Waste,EMEP_unprocessed
DK,2020,2020,K_AgriLivestock,nmvoc,40093.8318785718,10,eu,11,sec11,AgriLivestock,EMEP_unprocessed
DK,2020,2020,L_AgriOther,nmvoc,8030.73030810849,10,eu,12,sec12,AgriOther,EMEP_unprocessed
EE,2020,2020,A_PublicPower,nmvoc,1097.81,1,eu,1,sec01,PublicPower,EMEP_unprocessed
EE,2020,2020,B_Industry,nmvoc,2842.5317,3,eu,2,sec02,Industry,EMEP_unprocessed
EE,2020,2020,C_OtherStationaryComb,nmvoc,3576.901,2,eu,3,sec03,OtherStationaryComb,EMEP_unprocessed
EE,2020,2020,D_Fugitive,nmvoc,848.428,5,eu,4,sec04,Fugitive,EMEP_unprocessed
EE,2020,2020,E_Solvents,nmvoc,10227.978,6,eu,5,sec05,Solvents,EMEP_unprocessed
EE,2020,2020,F_RoadTransport,nmvoc,976.269669017009,7,eu,6,sec06,RoadTransport,EMEP_unprocessed
EE,2020,2020,G_Shipping,nmvoc,17.948,8,eu,7,sec07,Shipping,EMEP_unprocessed
EE,2020,2020,H_Aviation,nmvoc,7.739,8,eu,8,sec08,Aviation,EMEP_unprocessed
EE,2020,2020,I_Offroad,nmvoc,413.285,8,eu,9,sec09,Offroad,EMEP_unprocessed
EE,2020,2020,J_Waste,nmvoc,129.382,9,eu,10,sec10,Waste,EMEP_unprocessed
EE,2020,2020,K_AgriLivestock,nmvoc,4250.287,10,eu,11,sec11,AgriLivestock,EMEP_unprocessed
EE,2020,2020,L_AgriOther,nmvoc,382.159999999999,10,eu,12,sec12,AgriOther,EMEP_unprocessed
ES,2020,2020,A_PublicPower,nmvoc,8934.90515411697,1,eu,1,sec01,PublicPower,EMEP_unprocessed
ES,2020,2020,B_Industry,nmvoc,54484.1176308966,3,eu,2,sec02,Industry,EMEP_unprocessed
ES,2020,2020,C_OtherStationaryComb,nmvoc,32760.3466422398,2,eu,3,sec03,OtherStationaryComb,EMEP_unprocessed
ES,2020,2020,D_Fugitive,nmvoc,20757.1625159873,5,eu,4,sec04,Fugitive,EMEP_unprocessed
ES,2020,2020,E_Solvents,nmvoc,299841.605032827,6,eu,5,sec05,Solvents,EMEP_unprocessed
ES,2020,2020,F_RoadTransport,nmvoc,15828.693256,7,eu,6,sec06,RoadTransport,EMEP_unprocessed
ES,2020,2020,G_Shipping,nmvoc,777.023254,8,eu,7,sec07,Shipping,EMEP_unprocessed
ES,2020,2020,H_Aviation,nmvoc,271.463962293374,8,eu,8,sec08,Aviation,EMEP_unprocessed
ES,2020,2020,I_Offroad,nmvoc,12272.408789658,8,eu,9,sec09,Offroad,EMEP_unprocessed
ES,2020,2020,J_Waste,nmvoc,15199.7580522441,9,eu,10,sec10,Waste,EMEP_unprocessed
ES,2020,2020,K_AgriLivestock,nmvoc,80576.5287790001,10,eu,11,sec11,AgriLivestock,EMEP_unprocessed
ES,2020,2020,L_AgriOther,nmvoc,37594.436783,10,eu,12,sec12,AgriOther,EMEP_unprocessed
FI,2020,2020,A_PublicPower,nmvoc,1411.15197137085,1,eu,1,sec01,PublicPower,EMEP_unprocessed
FI,2020,2020,B_Industry,nmvoc,8090.58918750809,3,eu,2,sec02,Industry,EMEP_unprocessed
FI,2020,2020,C_OtherStationaryComb,nmvoc,18219.2926611194,2,eu,3,sec03,OtherStationaryComb,EMEP_unprocessed
FI,2020,2020,D_Fugitive,nmvoc,5442.3514791458,5,eu,4,sec04,Fugitive,EMEP_unprocessed
FI,2020,2020,E_Solvents,nmvoc,23348.8429194434,6,eu,5,sec05,Solvents,EMEP_unprocessed
FI,2020,2020,F_RoadTransport,nmvoc,4081.97886539043,7,eu,6,sec06,RoadTransport,EMEP_unprocessed
FI,2020,2020,G_Shipping,nmvoc,3228.33236225311,8,eu,7,sec07,Shipping,EMEP_unprocessed
FI,2020,2020,H_Aviation,nmvoc,45.8823148948443,8,eu,8,sec08,Aviation,EMEP_unprocessed
FI,2020,2020,I_Offroad,nmvoc,5346.35318332129,8,eu,9,sec09,Offroad,EMEP_unprocessed
FI,2020,2020,J_Waste,nmvoc,100.919755719175,9,eu,10,sec10,Waste,EMEP_unprocessed
FI,2020,2020,K_AgriLivestock,nmvoc,12227.394194054,10,eu,11,sec11,AgriLivestock,EMEP_unprocessed
FI,2020,2020,L_AgriOther,nmvoc,3288.60358543,10,eu,12,sec12,AgriOther,EMEP_unprocessed
FR,2020,2020,A_PublicPower,nmvoc,733.498063608057,1,eu,1,sec01,PublicPower,EMEP_unprocessed
FR,2020,2020,B_Industry,nmvoc,57110.2778009039,3,eu,2,sec02,Industry,EMEP_unprocessed
FR,2020,2020,C_OtherStationaryComb,nmvoc,168607.691397822,2,eu,3,sec03,OtherStationaryComb,EMEP_unprocessed
FR,2020,2020,D_Fugitive,nmvoc,16258.0436035915,5,eu,4,sec04,Fugitive,EMEP_unprocessed
FR,2020,2020,E_Solvents,nmvoc,339635.37278202,6,eu,5,sec05,Solvents,EMEP_unprocessed
FR,2020,2020,F_RoadTransport,nmvoc,37426.0229529977,7,eu,6,sec06,RoadTransport,EMEP_unprocessed
FR,2020,2020,G_Shipping,nmvoc,400.74383916726,8,eu,7,sec07,Shipping,EMEP_unprocessed
FR,2020,2020,H_Aviation,nmvoc,525.476113797146,8,eu,8,sec08,Aviation,EMEP_unprocessed
FR,2020,2020,I_Offroad,nmvoc,31237.3932387923,8,eu,9,sec09,Offroad,EMEP_unprocessed
FR,2020,2020,J_Waste,nmvoc,11244.8518090177,9,eu,10,sec10,Waste,EMEP_unprocessed
FR,2020,2020,K_AgriLivestock,nmvoc,223256.002236072,10,eu,11,sec11,AgriLivestock,EMEP_unprocessed
FR,2020,2020,L_AgriOther,nmvoc,193789.67332462,10,eu,12,sec12,AgriOther,EMEP_unprocessed
GB,2020,2020,A_PublicPower,nmvoc,1370.19439033902,1,eu,1,sec01,PublicPower,EMEP_unprocessed
GB,2020,2020,B_Industry,nmvoc,142637.799167379,3,eu,2,sec02,Industry,EMEP_unprocessed
GB,2020,2020,C_OtherStationaryComb,nmvoc,28398.968493839,2,eu,3,sec03,OtherStationaryComb,EMEP_unprocessed
GB,2020,2020,D_Fugitive,nmvoc,111679.492179101,5,eu,4,sec04,Fugitive,EMEP_unprocessed
GB,2020,2020,E_Solvents,nmvoc,332319.51220425,6,eu,5,sec05,Solvents,EMEP_unprocessed
GB,2020,2020,F_RoadTransport,nmvoc,32830.9099146612,7,eu,6,sec06,RoadTransport,EMEP_unprocessed
GB,2020,2020,G_Shipping,nmvoc,7866.69033548699,8,eu,7,sec07,Shipping,EMEP_unprocessed
GB,2020,2020,H_Aviation,nmvoc,622.513275266,8,eu,8,sec08,Aviation,EMEP_unprocessed
GB,2020,2020,I_Offroad,nmvoc,16035.798304317,8,eu,9,sec09,Offroad,EMEP_unprocessed
GB,2020,2020,J_Waste,nmvoc,8801.43788033004,9,eu,10,sec10,Waste,EMEP_unprocessed
GB,2020,2020,K_AgriLivestock,nmvoc,75302.2946257811,10,eu,11,sec11,AgriLivestock,EMEP_unprocessed
GB,2020,2020,L_AgriOther,nmvoc,54088.1533808708,10,eu,12,sec12,AgriOther,EMEP_unprocessed
GB,2020,2020,M_Other,nmvoc,1526.43127157,11,eu,13,sec13,Other,EMEP_unprocessed
GE,2020,2020,A_PublicPower,nmvoc,34.84128,1,eu,1,sec01,PublicPower,EMEP_unprocessed
GE,2020,2020,B_Industry,nmvoc,3597.504615887,3,eu,2,sec02,Industry,EMEP_unprocessed
GE,2020,2020,C_OtherStationaryComb,nmvoc,5926.34458000002,2,eu,3,sec03,OtherStationaryComb,EMEP_unprocessed
GE,2020,2020,D_Fugitive,nmvoc,1180.91403433476,5,eu,4,sec04,Fugitive,EMEP_unprocessed
GE,2020,2020,E_Solvents,nmvoc,9481.11960000002,6,eu,5,sec05,Solvents,EMEP_unprocessed
GE,2020,2020,F_RoadTransport,nmvoc,10051.6824486923,7,eu,6,sec06,RoadTransport,EMEP_unprocessed
GE,2020,2020,G_Shipping,nmvoc,0.56,8,eu,7,sec07,Shipping,EMEP_unprocessed
GE,2020,2020,I_Offroad,nmvoc,169.1614,8,eu,9,sec09,Offroad,EMEP_unprocessed
GE,2020,2020,J_Waste,nmvoc,838.55807361489,9,eu,10,sec10,Waste,EMEP_unprocessed
GE,2020,2020,K_AgriLivestock,nmvoc,7155.07048330438,10,eu,11,sec11,AgriLivestock,EMEP_unprocessed
GE,2020,2020,L_AgriOther,nmvoc,180.514,10,eu,12,sec12,AgriOther,EMEP_unprocessed
GR,2020,2020,A_PublicPower,nmvoc,1239.17704354067,1,eu,1,sec01,PublicPower,EMEP_unprocessed
GR,2020,2020,B_Industry,nmvoc,11531.8747456259,3,eu,2,sec02,Industry,EMEP_unprocessed
GR,2020,2020,C_OtherStationaryComb,nmvoc,12087.0525213389,2,eu,3,sec03,OtherStationaryComb,EMEP_unprocessed
GR,2020,2020,D_Fugitive,nmvoc,4990.88558000002,5,eu,4,sec04,Fugitive,EMEP_unprocessed
GR,2020,2020,E_Solvents,nmvoc,53454.5679883026,6,eu,5,sec05,Solvents,EMEP_unprocessed
GR,2020,2020,F_RoadTransport,nmvoc,35469.2191430267,7,eu,6,sec06,RoadTransport,EMEP_unprocessed
GR,2020,2020,G_Shipping,nmvoc,958.878928420317,8,eu,7,sec07,Shipping,EMEP_unprocessed
GR,2020,2020,H_Aviation,nmvoc,65.4294204081446,8,eu,8,sec08,Aviation,EMEP_unprocessed
GR,2020,2020,I_Offroad,nmvoc,2607.7460378,8,eu,9,sec09,Offroad,EMEP_unprocessed
GR,2020,2020,J_Waste,nmvoc,2653.77710117668,9,eu,10,sec10,Waste,EMEP_unprocessed
GR,2020,2020,K_AgriLivestock,nmvoc,9105.893667561,10,eu,11,sec11,AgriLivestock,EMEP_unprocessed
GR,2020,2020,L_AgriOther,nmvoc,6378.26631338337,10,eu,12,sec12,AgriOther,EMEP_unprocessed
HR,2020,2020,A_PublicPower,nmvoc,331.388121987672,1,eu,1,sec01,PublicPower,EMEP_unprocessed
HR,2020,2020,B_Industry,nmvoc,4706.29261398318,3,eu,2,sec02,Industry,EMEP_unprocessed
HR,2020,2020,C_OtherStationaryComb,nmvoc,18839.4113833945,2,eu,3,sec03,OtherStationaryComb,EMEP_unprocessed
HR,2020,2020,D_Fugitive,nmvoc,2364.70131673594,5,eu,4,sec04,Fugitive,EMEP_unprocessed
HR,2020,2020,E_Solvents,nmvoc,27780.8558858735,6,eu,5,sec05,Solvents,EMEP_unprocessed
HR,2020,2020,F_RoadTransport,nmvoc,3793.21397950498,7,eu,6,sec06,RoadTransport,EMEP_unprocessed
HR,2020,2020,G_Shipping,nmvoc,82.285362561461,8,eu,7,sec07,Shipping,EMEP_unprocessed
HR,2020,2020,H_Aviation,nmvoc,13.11122365,8,eu,8,sec08,Aviation,EMEP_unprocessed
HR,2020,2020,I_Offroad,nmvoc,630.498367354874,8,eu,9,sec09,Offroad,EMEP_unprocessed
HR,2020,2020,J_Waste,nmvoc,1626.62483911432,9,eu,10,sec10,Waste,EMEP_unprocessed
HR,2020,2020,K_AgriLivestock,nmvoc,7337.69875344898,10,eu,11,sec11,AgriLivestock,EMEP_unprocessed
HR,2020,2020,L_AgriOther,nmvoc,1686.66631697091,10,eu,12,sec12,AgriOther,EMEP_unprocessed
HU,2020,2020,A_PublicPower,nmvoc,1175.52033390554,1,eu,1,sec01,PublicPower,EMEP_unprocessed
HU,2020,2020,B_Industry,nmvoc,13121.1096508444,3,eu,2,sec02,Industry,EMEP_unprocessed
HU,2020,2020,C_OtherStationaryComb,nmvoc,25823.2278153999,2,eu,3,sec03,OtherStationaryComb,EMEP_unprocessed
HU,2020,2020,D_Fugitive,nmvoc,5571.60352086793,5,eu,4,sec04,Fugitive,EMEP_unprocessed
HU,2020,2020,E_Solvents,nmvoc,36096.3484789846,6,eu,5,sec05,Solvents,EMEP_unprocessed
HU,2020,2020,F_RoadTransport,nmvoc,10678.6324599359,7,eu,6,sec06,RoadTransport,EMEP_unprocessed
HU,2020,2020,G_Shipping,nmvoc,11.2,8,eu,7,sec07,Shipping,EMEP_unprocessed
HU,2020,2020,H_Aviation,nmvoc,15.62183602485,8,eu,8,sec08,Aviation,EMEP_unprocessed
HU,2020,2020,I_Offroad,nmvoc,1735.24299196729,8,eu,9,sec09,Offroad,EMEP_unprocessed
HU,2020,2020,J_Waste,nmvoc,756.144596518496,9,eu,10,sec10,Waste,EMEP_unprocessed
HU,2020,2020,K_AgriLivestock,nmvoc,24532.62038546,10,eu,11,sec11,AgriLivestock,EMEP_unprocessed
HU,2020,2020,L_AgriOther,nmvoc,2519.29723118808,10,eu,12,sec12,AgriOther,EMEP_unprocessed
IE,2020,2020,A_PublicPower,nmvoc,285.909299132367,1,eu,1,sec01,PublicPower,EMEP_unprocessed
IE,2020,2020,B_Industry,nmvoc,29976.5225305025,3,eu,2,sec02,Industry,EMEP_unprocessed
IE,2020,2020,C_OtherStationaryComb,nmvoc,10535.8346240501,2,eu,3,sec03,OtherStationaryComb,EMEP_unprocessed
IE,2020,2020,D_Fugitive,nmvoc,3572.80759406114,5,eu,4,sec04,Fugitive,EMEP_unprocessed
IE,2020,2020,E_Solvents,nmvoc,17321.1703225272,6,eu,5,sec05,Solvents,EMEP_unprocessed
IE,2020,2020,F_RoadTransport,nmvoc,3991.52167062937,7,eu,6,sec06,RoadTransport,EMEP_unprocessed
IE,2020,2020,G_Shipping,nmvoc,184.906213017752,8,eu,7,sec07,Shipping,EMEP_unprocessed
IE,2020,2020,H_Aviation,nmvoc,47.99564458455,8,eu,8,sec08,Aviation,EMEP_unprocessed
IE,2020,2020,I_Offroad,nmvoc,365.841058610837,8,eu,9,sec09,Offroad,EMEP_unprocessed
IE,2020,2020,J_Waste,nmvoc,439.903645235489,9,eu,10,sec10,Waste,EMEP_unprocessed
IE,2020,2020,K_AgriLivestock,nmvoc,39925.6034910886,10,eu,11,sec11,AgriLivestock,EMEP_unprocessed
IE,2020,2020,L_AgriOther,nmvoc,4694.71864241191,10,eu,12,sec12,AgriOther,EMEP_unprocessed
IS,2020,2020,A_PublicPower,nmvoc,0.02811104,1,eu,1,sec01,PublicPower,EMEP_unprocessed
IS,2020,2020,B_Industry,nmvoc,421.759676052733,3,eu,2,sec02,Industry,EMEP_unprocessed
IS,2020,2020,C_OtherStationaryComb,nmvoc,4.20818963691005,2,eu,3,sec03,OtherStationaryComb,EMEP_unprocessed
IS,2020,2020,D_Fugitive,nmvoc,177.438826440862,5,eu,4,sec04,Fugitive,EMEP_unprocessed
IS,2020,2020,E_Solvents,nmvoc,1578.73216482199,6,eu,5,sec05,Solvents,EMEP_unprocessed
IS,2020,2020,F_RoadTransport,nmvoc,597.584353817318,7,eu,6,sec06,RoadTransport,EMEP_unprocessed
IS,2020,2020,G_Shipping,nmvoc,13.70897325,8,eu,7,sec07,Shipping,EMEP_unprocessed
IS,2020,2020,H_Aviation,nmvoc,233.355335642535,8,eu,8,sec08,Aviation,EMEP_unprocessed
IS,2020,2020,I_Offroad,nmvoc,338.679474418001,8,eu,9,sec09,Offroad,EMEP_unprocessed
IS,2020,2020,J_Waste,nmvoc,315.610365792529,9,eu,10,sec10,Waste,EMEP_unprocessed
IS,2020,2020,K_AgriLivestock,nmvoc,1548.51766788096,10,eu,11,sec11,AgriLivestock,EMEP_unprocessed
IS,2020,2020,L_AgriOther,nmvoc,10.742461004329,10,eu,12,sec12,AgriOther,EMEP_unprocessed
IT,2020,2020,A_PublicPower,nmvoc,2400.68955576891,1,eu,1,sec01,PublicPower,EMEP_unprocessed
IT,2020,2020,B_Industry,nmvoc,42475.3162500061,3,eu,2,sec02,Industry,EMEP_unprocessed
IT,2020,2020,C_OtherStationaryComb,nmvoc,164126.579089691,2,eu,3,sec03,OtherStationaryComb,EMEP_unprocessed
IT,2020,2020,D_Fugitive,nmvoc,32301.9128130229,5,eu,4,sec04,Fugitive,EMEP_unprocessed
IT,2020,2020,E_Solvents,nmvoc,330147.490365438,6,eu,5,sec05,Solvents,EMEP_unprocessed
IT,2020,2020,F_RoadTransport,nmvoc,86725.6573178474,7,eu,6,sec06,RoadTransport,EMEP_unprocessed
IT,2020,2020,G_Shipping,nmvoc,15087.871719725,8,eu,7,sec07,Shipping,EMEP_unprocessed
IT,2020,2020,H_Aviation,nmvoc,306.341592631424,8,eu,8,sec08,Aviation,EMEP_unprocessed
IT,2020,2020,I_Offroad,nmvoc,8887.08620997424,8,eu,9,sec09,Offroad,EMEP_unprocessed
IT,2020,2020,J_Waste,nmvoc,8387.09824135392,9,eu,10,sec10,Waste,EMEP_unprocessed
IT,2020,2020,K_AgriLivestock,nmvoc,101108.128585797,10,eu,11,sec11,AgriLivestock,EMEP_unprocessed
IT,2020,2020,L_AgriOther,nmvoc,23520.6818816329,10,eu,12,sec12,AgriOther,EMEP_unprocessed
KG,2020,2020,A_PublicPower,nmvoc,718.355000000002,1,eu,1,sec01,PublicPower,EMEP_unprocessed
KG,2020,2020,B_Industry,nmvoc,1396.684,3,eu,2,sec02,Industry,EMEP_unprocessed
KG,2020,2020,C_OtherStationaryComb,nmvoc,17840.766,2,eu,3,sec03,OtherStationaryComb,EMEP_unprocessed
KG,2020,2020,D_Fugitive,nmvoc,2878.441,5,eu,4,sec04,Fugitive,EMEP_unprocessed
KG,2020,2020,E_Solvents,nmvoc,11280.49,6,eu,5,sec05,Solvents,EMEP_unprocessed
KG,2020,2020,F_RoadTransport,nmvoc,2996.951,7,eu,6,sec06,RoadTransport,EMEP_unprocessed
KG,2020,2020,I_Offroad,nmvoc,516.436999999999,8,eu,9,sec09,Offroad,EMEP_unprocessed
KG,2020,2020,J_Waste,nmvoc,1836.86100000001,9,eu,10,sec10,Waste,EMEP_unprocessed
KG,2020,2020,K_AgriLivestock,nmvoc,18245.8246645,10,eu,11,sec11,AgriLivestock,EMEP_unprocessed
KG,2020,2020,L_AgriOther,nmvoc,9121.24599999998,10,eu,12,sec12,AgriOther,EMEP_unprocessed
KZ,2020,2020,A_PublicPower,nmvoc,5256.43999999999,1,eu,1,sec01,PublicPower,EMEP_unprocessed
KZ,2020,2020,B_Industry,nmvoc,24650.47,3,eu,2,sec02,Industry,EMEP_unprocessed
KZ,2020,2020,C_OtherStationaryComb,nmvoc,34379.8699999999,2,eu,3,sec03,OtherStationaryComb,EMEP_unprocessed
KZ,2020,2020,D_Fugitive,nmvoc,256977.149999999,5,eu,4,sec04,Fugitive,EMEP_unprocessed
KZ,2020,2020,E_Solvents,nmvoc,98185.8600000005,6,eu,5,sec05,Solvents,EMEP_unprocessed
KZ,2020,2020,F_RoadTransport,nmvoc,108043.409999999,7,eu,6,sec06,RoadTransport,EMEP_unprocessed
KZ,2020,2020,G_Shipping,nmvoc,21.48,8,eu,7,sec07,Shipping,EMEP_unprocessed
KZ,2020,2020,H_Aviation,nmvoc,802.499999999999,8,eu,8,sec08,Aviation,EMEP_unprocessed
KZ,2020,2020,I_Offroad,nmvoc,9214.57000000004,8,eu,9,sec09,Offroad,EMEP_unprocessed
KZ,2020,2020,J_Waste,nmvoc,15404.88,9,eu,10,sec10,Waste,EMEP_unprocessed
KZ,2020,2020,K_AgriLivestock,nmvoc,29596.1400000003,10,eu,11,sec11,AgriLivestock,EMEP_unprocessed
KZ,2020,2020,L_AgriOther,nmvoc,234696.93,10,eu,12,sec12,AgriOther,EMEP_unprocessed
LI,2020,2020,A_PublicPower,nmvoc,0.0714568872959999,1,eu,1,sec01,PublicPower,EMEP_unprocessed
LI,2020,2020,B_Industry,nmvoc,22.3587891193005,3,eu,2,sec02,Industry,EMEP_unprocessed
LI,2020,2020,C_OtherStationaryComb,nmvoc,7.94556415373087,2,eu,3,sec03,OtherStationaryComb,EMEP_unprocessed
LI,2020,2020,D_Fugitive,nmvoc,2.29144478921566,5,eu,4,sec04,Fugitive,EMEP_unprocessed
LI,2020,2020,E_Solvents,nmvoc,185.56557219016,6,eu,5,sec05,Solvents,EMEP_unprocessed
LI,2020,2020,F_RoadTransport,nmvoc,5.74561346638745,7,eu,6,sec06,RoadTransport,EMEP_unprocessed
LI,2020,2020,H_Aviation,nmvoc,0.0056712,8,eu,8,sec08,Aviation,EMEP_unprocessed
LI,2020,2020,I_Offroad,nmvoc,4.32792311369979,8,eu,9,sec09,Offroad,EMEP_unprocessed
LI,2020,2020,J_Waste,nmvoc,12.5279500850249,9,eu,10,sec10,Waste,EMEP_unprocessed
LI,2020,2020,K_AgriLivestock,nmvoc,68.2310615169832,10,eu,11,sec11,AgriLivestock,EMEP_unprocessed
LI,2020,2020,L_AgriOther,nmvoc,2.53947770004192,10,eu,12,sec12,AgriOther,EMEP_unprocessed
LI,2020,2020,M_Other,nmvoc,0.460575913405881,11,eu,13,sec13,Other,EMEP_unprocessed
LT,2020,2020,A_PublicPower,nmvoc,377.294,1,eu,1,sec01,PublicPower,EMEP_unprocessed
LT,2020,2020,B_Industry,nmvoc,3563.852502,3,eu,2,sec02,Industry,EMEP_unprocessed
LT,2020,2020,C_OtherStationaryComb,nmvoc,7515.16499999999,2,eu,3,sec03,OtherStationaryComb,EMEP_unprocessed
LT,2020,2020,D_Fugitive,nmvoc,10233.056,5,eu,4,sec04,Fugitive,EMEP_unprocessed
LT,2020,2020,E_Solvents,nmvoc,10285.343074725,6,eu,5,sec05,Solvents,EMEP_unprocessed
LT,2020,2020,F_RoadTransport,nmvoc,1803.60235187648,7,eu,6,sec06,RoadTransport,EMEP_unprocessed
LT,2020,2020,G_Shipping,nmvoc,10.3873075128325,8,eu,7,sec07,Shipping,EMEP_unprocessed
LT,2020,2020,H_Aviation,nmvoc,16.0972456771782,8,eu,8,sec08,Aviation,EMEP_unprocessed
LT,2020,2020,I_Offroad,nmvoc,445.791860920711,8,eu,9,sec09,Offroad,EMEP_unprocessed
LT,2020,2020,J_Waste,nmvoc,306.805078999999,9,eu,10,sec10,Waste,EMEP_unprocessed
LT,2020,2020,K_AgriLivestock,nmvoc,10458.71,10,eu,11,sec11,AgriLivestock,EMEP_unprocessed
LT,2020,2020,L_AgriOther,nmvoc,1813.57,10,eu,12,sec12,AgriOther,EMEP_unprocessed
LU,2020,2020,A_PublicPower,nmvoc,136.234673075768,1,eu,1,sec01,PublicPower,EMEP_unprocessed
LU,2020,2020,B_Industry,nmvoc,653.614012494353,3,eu,2,sec02,Industry,EMEP_unprocessed
LU,2020,2020,C_OtherStationaryComb,nmvoc,256.484804418112,2,eu,3,sec03,OtherStationaryComb,EMEP_unprocessed
LU,2020,2020,D_Fugitive,nmvoc,464.764857812511,5,eu,4,sec04,Fugitive,EMEP_unprocessed
LU,2020,2020,E_Solvents,nmvoc,3356.34642063964,6,eu,5,sec05,Solvents,EMEP_unprocessed
LU,2020,2020,F_RoadTransport,nmvoc,603.283380712199,7,eu,6,sec06,RoadTransport,EMEP_unprocessed
LU,2020,2020,G_Shipping,nmvoc,2.21810411805419,8,eu,7,sec07,Shipping,EMEP_unprocessed
LU,2020,2020,H_Aviation,nmvoc,40.928316848,8,eu,8,sec08,Aviation,EMEP_unprocessed
LU,2020,2020,I_Offroad,nmvoc,148.249026034421,8,eu,9,sec09,Offroad,EMEP_unprocessed
LU,2020,2020,J_Waste,nmvoc,8.27835993853483,9,eu,10,sec10,Waste,EMEP_unprocessed
LU,2020,2020,K_AgriLivestock,nmvoc,2735.85665529401,10,eu,11,sec11,AgriLivestock,EMEP_unprocessed
LU,2020,2020,L_AgriOther,nmvoc,793.577526654355,10,eu,12,sec12,AgriOther,EMEP_unprocessed
LV,2020,2020,A_PublicPower,nmvoc,192.724859357589,1,eu,1,sec01,PublicPower,EMEP_unprocessed
LV,2020,2020,B_Industry,nmvoc,2001.4305069124,3,eu,2,sec02,Industry,EMEP_unprocessed
LV,2020,2020,C_OtherStationaryComb,nmvoc,9095.54220828167,2,eu,3,sec03,OtherStationaryComb,EMEP_unprocessed
LV,2020,2020,D_Fugitive,nmvoc,812.279613440001,5,eu,4,sec04,Fugitive,EMEP_unprocessed
LV,2020,2020,E_Solvents,nmvoc,12735.762168,6,eu,5,sec05,Solvents,EMEP_unprocessed
LV,2020,2020,F_RoadTransport,nmvoc,1209.10533205433,7,eu,6,sec06,RoadTransport,EMEP_unprocessed
LV,2020,2020,G_Shipping,nmvoc,26.8381657430073,8,eu,7,sec07,Shipping,EMEP_unprocessed
LV,2020,2020,H_Aviation,nmvoc,11.0591095792934,8,eu,8,sec08,Aviation,EMEP_unprocessed
LV,2020,2020,I_Offroad,nmvoc,923.095093233202,8,eu,9,sec09,Offroad,EMEP_unprocessed
LV,2020,2020,J_Waste,nmvoc,237.3583199,9,eu,10,sec10,Waste,EMEP_unprocessed
LV,2020,2020,K_AgriLivestock,nmvoc,4968.64644537237,10,eu,11,sec11,AgriLivestock,EMEP_unprocessed
LV,2020,2020,L_AgriOther,nmvoc,2075.44268150215,10,eu,12,sec12,AgriOther,EMEP_unprocessed
MC,2020,2020,A_PublicPower,nmvoc,0.0877332442441525,1,eu,1,sec01,PublicPower,EMEP_unprocessed
MC,2020,2020,B_Industry,nmvoc,0.116032263378614,3,eu,2,sec02,Industry,EMEP_unprocessed
MC,2020,2020,C_OtherStationaryComb,nmvoc,0.443687233676769,2,eu,3,sec03,OtherStationaryComb,EMEP_unprocessed
MC,2020,2020,D_Fugitive,nmvoc,0.0855714285714286,5,eu,4,sec04,Fugitive,EMEP_unprocessed
MC,2020,2020,E_Solvents,nmvoc,81.8834579400995,6,eu,5,sec05,Solvents,EMEP_unprocessed
MC,2020,2020,F_RoadTransport,nmvoc,96.0606351518923,7,eu,6,sec06,RoadTransport,EMEP_unprocessed
MC,2020,2020,G_Shipping,nmvoc,13.051347009112,8,eu,7,sec07,Shipping,EMEP_unprocessed
MC,2020,2020,H_Aviation,nmvoc,9.2651570208,8,eu,8,sec08,Aviation,EMEP_unprocessed
MC,2020,2020,I_Offroad,nmvoc,2.30127833919464,8,eu,9,sec09,Offroad,EMEP_unprocessed
MC,2020,2020,J_Waste,nmvoc,0.0873351673293769,9,eu,10,sec10,Waste,EMEP_unprocessed
MD,2020,2020,A_PublicPower,nmvoc,169.513100284089,1,eu,1,sec01,PublicPower,EMEP_unprocessed
MD,2020,2020,B_Industry,nmvoc,4934.1585,3,eu,2,sec02,Industry,EMEP_unprocessed
MD,2020,2020,C_OtherStationaryComb,nmvoc,16614.95591886,2,eu,3,sec03,OtherStationaryComb,EMEP_unprocessed
MD,2020,2020,D_Fugitive,nmvoc,364.4,5,eu,4,sec04,Fugitive,EMEP_unprocessed
MD,2020,2020,E_Solvents,nmvoc,34144.7588,6,eu,5,sec05,Solvents,EMEP_unprocessed
MD,2020,2020,F_RoadTransport,nmvoc,5692.03845017167,7,eu,6,sec06,RoadTransport,EMEP_unprocessed
MD,2020,2020,G_Shipping,nmvoc,0.539728,8,eu,7,sec07,Shipping,EMEP_unprocessed
MD,2020,2020,H_Aviation,nmvoc,7.4980906,8,eu,8,sec08,Aviation,EMEP_unprocessed
MD,2020,2020,I_Offroad,nmvoc,387.353248068684,8,eu,9,sec09,Offroad,EMEP_unprocessed
MD,2020,2020,J_Waste,nmvoc,3679.51243233165,9,eu,10,sec10,Waste,EMEP_unprocessed
MD,2020,2020,K_AgriLivestock,nmvoc,2945.195064142,10,eu,11,sec11,AgriLivestock,EMEP_unprocessed
MD,2020,2020,L_AgriOther,nmvoc,375.691715,10,eu,12,sec12,AgriOther,EMEP_unprocessed
ME,2020,2020,A_PublicPower,nmvoc,234.45,1,eu,1,sec01,PublicPower,EMEP_unprocessed
ME,2020,2020,B_Industry,nmvoc,310.83,3,eu,2,sec02,Industry,EMEP_unprocessed
ME,2020,2020,C_OtherStationaryComb,nmvoc,8782.68,2,eu,3,sec03,OtherStationaryComb,EMEP_unprocessed
ME,2020,2020,D_Fugitive,nmvoc,97.27,5,eu,4,sec04,Fugitive,EMEP_unprocessed
ME,2020,2020,E_Solvents,nmvoc,1989.2,6,eu,5,sec05,Solvents,EMEP_unprocessed
ME,2020,2020,F_RoadTransport,nmvoc,327.68,7,eu,6,sec06,RoadTransport,EMEP_unprocessed
ME,2020,2020,H_Aviation,nmvoc,12.14,8,eu,8,sec08,Aviation,EMEP_unprocessed
ME,2020,2020,I_Offroad,nmvoc,107.5,8,eu,9,sec09,Offroad,EMEP_unprocessed
ME,2020,2020,J_Waste,nmvoc,167.18,9,eu,10,sec10,Waste,EMEP_unprocessed
ME,2020,2020,K_AgriLivestock,nmvoc,1054.87,10,eu,11,sec11,AgriLivestock,EMEP_unprocessed
ME,2020,2020,L_AgriOther,nmvoc,618.37,10,eu,12,sec12,AgriOther,EMEP_unprocessed
MED,2020,2020,G_Shipping,nmvoc,10151.9129036826,8,eu,7,sec07,Shipping,EMEP_unprocessed
MK,2020,2020,A_PublicPower,nmvoc,43.1268676208,1,eu,1,sec01,PublicPower,EMEP_unprocessed
MK,2020,2020,B_Industry,nmvoc,1355.81020123124,3,eu,2,sec02,Industry,EMEP_unprocessed
MK,2020,2020,C_OtherStationaryComb,nmvoc,4951.43424407453,2,eu,3,sec03,OtherStationaryComb,EMEP_unprocessed
MK,2020,2020,D_Fugitive,nmvoc,4651.13508000001,5,eu,4,sec04,Fugitive,EMEP_unprocessed
MK,2020,2020,E_Solvents,nmvoc,9410.02915033426,6,eu,5,sec05,Solvents,EMEP_unprocessed
MK,2020,2020,F_RoadTransport,nmvoc,1012.6372238369,7,eu,6,sec06,RoadTransport,EMEP_unprocessed
MK,2020,2020,G_Shipping,nmvoc,0.0716470086704781,8,eu,7,sec07,Shipping,EMEP_unprocessed
MK,2020,2020,H_Aviation,nmvoc,1.861963977,8,eu,8,sec08,Aviation,EMEP_unprocessed
MK,2020,2020,I_Offroad,nmvoc,780.088648367549,8,eu,9,sec09,Offroad,EMEP_unprocessed
MK,2020,2020,J_Waste,nmvoc,97.510490907954,9,eu,10,sec10,Waste,EMEP_unprocessed
MK,2020,2020,K_AgriLivestock,nmvoc,2754.9615385,10,eu,11,sec11,AgriLivestock,EMEP_unprocessed
MK,2020,2020,L_AgriOther,nmvoc,1085.05082,10,eu,12,sec12,AgriOther,EMEP_unprocessed
MT,2020,2020,A_PublicPower,nmvoc,39.5138589868469,1,eu,1,sec01,PublicPower,EMEP_unprocessed
MT,2020,2020,B_Industry,nmvoc,120.758595253003,3,eu,2,sec02,Industry,EMEP_unprocessed
MT,2020,2020,C_OtherStationaryComb,nmvoc,23.9906602696731,2,eu,3,sec03,OtherStationaryComb,EMEP_unprocessed
MT,2020,2020,D_Fugitive,nmvoc,84.4105033232652,5,eu,4,sec04,Fugitive,EMEP_unprocessed
MT,2020,2020,E_Solvents,nmvoc,994.255662873115,6,eu,5,sec05,Solvents,EMEP_unprocessed
MT,2020,2020,F_RoadTransport,nmvoc,558.631008289489,7,eu,6,sec06,RoadTransport,EMEP_unprocessed
MT,2020,2020,G_Shipping,nmvoc,12.1509432593857,8,eu,7,sec07,Shipping,EMEP_unprocessed
MT,2020,2020,H_Aviation,nmvoc,7.20089210305,8,eu,8,sec08,Aviation,EMEP_unprocessed
MT,2020,2020,I_Offroad,nmvoc,142.632347053697,8,eu,9,sec09,Offroad,EMEP_unprocessed
MT,2020,2020,J_Waste,nmvoc,23.5876482705769,9,eu,10,sec10,Waste,EMEP_unprocessed
MT,2020,2020,K_AgriLivestock,nmvoc,211.460776788122,10,eu,11,sec11,AgriLivestock,EMEP_unprocessed
MT,2020,2020,L_AgriOther,nmvoc,233.240239880035,10,eu,12,sec12,AgriOther,EMEP_unprocessed
NL,2020,2020,A_PublicPower,nmvoc,675.737622000001,1,eu,1,sec01,PublicPower,EMEP_unprocessed
NL,2020,2020,B_Industry,nmvoc,23775.13126,3,eu,2,sec02,Industry,EMEP_unprocessed
NL,2020,2020,C_OtherStationaryComb,nmvoc,11400.027368,2,eu,3,sec03,OtherStationaryComb,EMEP_unprocessed
NL,2020,2020,D_Fugitive,nmvoc,7986.342798,5,eu,4,sec04,Fugitive,EMEP_unprocessed
NL,2020,2020,E_Solvents,nmvoc,86174.01958,6,eu,5,sec05,Solvents,EMEP_unprocessed
NL,2020,2020,F_RoadTransport,nmvoc,21884.137552,7,eu,6,sec06,RoadTransport,EMEP_unprocessed
NL,2020,2020,G_Shipping,nmvoc,1095.815246,8,eu,7,sec07,Shipping,EMEP_unprocessed
NL,2020,2020,H_Aviation,nmvoc,202.613289,8,eu,8,sec08,Aviation,EMEP_unprocessed
NL,2020,2020,I_Offroad,nmvoc,7569.48519299999,8,eu,9,sec09,Offroad,EMEP_unprocessed
NL,2020,2020,J_Waste,nmvoc,1343.004222,9,eu,10,sec10,Waste,EMEP_unprocessed
NL,2020,2020,K_AgriLivestock,nmvoc,64776.256897,10,eu,11,sec11,AgriLivestock,EMEP_unprocessed
NL,2020,2020,L_AgriOther,nmvoc,23006.536339,10,eu,12,sec12,AgriOther,EMEP_unprocessed
NO,2020,2020,A_PublicPower,nmvoc,1832.592598,1,eu,1,sec01,PublicPower,EMEP_unprocessed
NO,2020,2020,B_Industry,nmvoc,6230.90761020013,3,eu,2,sec02,Industry,EMEP_unprocessed
NO,2020,2020,C_OtherStationaryComb,nmvoc,17171.56644254,2,eu,3,sec03,OtherStationaryComb,EMEP_unprocessed
NO,2020,2020,D_Fugitive,nmvoc,37210.2682408,5,eu,4,sec04,Fugitive,EMEP_unprocessed
NO,2020,2020,E_Solvents,nmvoc,55536.5941664995,6,eu,5,sec05,Solvents,EMEP_unprocessed
NO,2020,2020,F_RoadTransport,nmvoc,5233.26122710001,7,eu,6,sec06,RoadTransport,EMEP_unprocessed
NO,2020,2020,G_Shipping,nmvoc,3177.07120779998,8,eu,7,sec07,Shipping,EMEP_unprocessed
NO,2020,2020,H_Aviation,nmvoc,309.080198500001,8,eu,8,sec08,Aviation,EMEP_unprocessed
NO,2020,2020,I_Offroad,nmvoc,8272.42653769993,8,eu,9,sec09,Offroad,EMEP_unprocessed
NO,2020,2020,J_Waste,nmvoc,450.938076200004,9,eu,10,sec10,Waste,EMEP_unprocessed
NO,2020,2020,K_AgriLivestock,nmvoc,9028.528309,10,eu,11,sec11,AgriLivestock,EMEP_unprocessed
NO,2020,2020,L_AgriOther,nmvoc,3455.809767,10,eu,12,sec12,AgriOther,EMEP_unprocessed
NOA,2020,2020,A_PublicPower,nmvoc,7271.8733230339,1,eu,1,sec01,PublicPower,EMEP_unprocessed
NOA,2020,2020,B_Industry,nmvoc,63999.0269374431,3,eu,2,sec02,Industry,EMEP_unprocessed
NOA,2020,2020,C_OtherStationaryComb,nmvoc,117306.384073081,2,eu,3,sec03,OtherStationaryComb,EMEP_unprocessed
NOA,2020,2020,D_Fugitive,nmvoc,287528.099135525,5,eu,4,sec04,Fugitive,EMEP_unprocessed
NOA,2020,2020,E_Solvents,nmvoc,350441.300117111,6,eu,5,sec05,Solvents,EMEP_unprocessed
NOA,2020,2020,F_RoadTransport,nmvoc,292943.129699161,7,eu,6,sec06,RoadTransport,EMEP_unprocessed
NOA,2020,2020,G_Shipping,nmvoc,521.728702050503,8,eu,7,sec07,Shipping,EMEP_unprocessed
NOA,2020,2020,H_Aviation,nmvoc,90.4013300194961,8,eu,8,sec08,Aviation,EMEP_unprocessed
NOA,2020,2020,I_Offroad,nmvoc,557.227084458013,8,eu,9,sec09,Offroad,EMEP_unprocessed
NOA,2020,2020,J_Waste,nmvoc,22575.1583117885,9,eu,10,sec10,Waste,EMEP_unprocessed
NOA,2020,2020,K_AgriLivestock,nmvoc,74810.6513815871,10,eu,11,sec11,AgriLivestock,EMEP_unprocessed
NOA,2020,2020,L_AgriOther,nmvoc,42302.6360554466,10,eu,12,sec12,AgriOther,EMEP_unprocessed
NOS,2020,2020,G_Shipping,nmvoc,6196.72987055753,8,eu,7,sec07,Shipping,EMEP_unprocessed
PL,2020,2020,A_PublicPower,nmvoc,2912.20543936133,1,eu,1,sec01,PublicPower,EMEP_unprocessed
PL,2020,2020,B_Industry,nmvoc,53716.7046351666,3,eu,2,sec02,Industry,EMEP_unprocessed
PL,2020,2020,C_OtherStationaryComb,nmvoc,171520.131627757,2,eu,3,sec03,OtherStationaryComb,EMEP_unprocessed
PL,2020,2020,D_Fugitive,nmvoc,77212.0034672637,5,eu,4,sec04,Fugitive,EMEP_unprocessed
PL,2020,2020,E_Solvents,nmvoc,239937.510471312,6,eu,5,sec05,Solvents,EMEP_unprocessed
PL,2020,2020,F_RoadTransport,nmvoc,37136.8775887331,7,eu,6,sec06,RoadTransport,EMEP_unprocessed
PL,2020,2020,G_Shipping,nmvoc,8.40738553041686,8,eu,7,sec07,Shipping,EMEP_unprocessed
PL,2020,2020,H_Aviation,nmvoc,20.3978082269106,8,eu,8,sec08,Aviation,EMEP_unprocessed
PL,2020,2020,I_Offroad,nmvoc,3614.18141176051,8,eu,9,sec09,Offroad,EMEP_unprocessed
PL,2020,2020,J_Waste,nmvoc,2565.96858657473,9,eu,10,sec10,Waste,EMEP_unprocessed
PL,2020,2020,K_AgriLivestock,nmvoc,115934.806022488,10,eu,11,sec11,AgriLivestock,EMEP_unprocessed
PL,2020,2020,L_AgriOther,nmvoc,8133.71094108603,10,eu,12,sec12,AgriOther,EMEP_unprocessed
PT,2020,2020,A_PublicPower,nmvoc,422.143946518846,1,eu,1,sec01,PublicPower,EMEP_unprocessed
PT,2020,2020,B_Industry,nmvoc,33368.5247994136,3,eu,2,sec02,Industry,EMEP_unprocessed
PT,2020,2020,C_OtherStationaryComb,nmvoc,14318.0559550894,2,eu,3,sec03,OtherStationaryComb,EMEP_unprocessed
PT,2020,2020,D_Fugitive,nmvoc,5730.22473469236,5,eu,4,sec04,Fugitive,EMEP_unprocessed
PT,2020,2020,E_Solvents,nmvoc,72249.798850129,6,eu,5,sec05,Solvents,EMEP_unprocessed
PT,2020,2020,F_RoadTransport,nmvoc,11713.9357987089,7,eu,6,sec06,RoadTransport,EMEP_unprocessed
PT,2020,2020,G_Shipping,nmvoc,176.955236131931,8,eu,7,sec07,Shipping,EMEP_unprocessed
PT,2020,2020,H_Aviation,nmvoc,266.231825088632,8,eu,8,sec08,Aviation,EMEP_unprocessed
PT,2020,2020,I_Offroad,nmvoc,939.257567608316,8,eu,9,sec09,Offroad,EMEP_unprocessed
PT,2020,2020,J_Waste,nmvoc,3264.76707579198,9,eu,10,sec10,Waste,EMEP_unprocessed
PT,2020,2020,K_AgriLivestock,nmvoc,13530.3948079905,10,eu,11,sec11,AgriLivestock,EMEP_unprocessed
PT,2020,2020,L_AgriOther,nmvoc,5689.6239478076,10,eu,12,sec12,AgriOther,EMEP_unprocessed
RO,2020,2020,A_PublicPower,nmvoc,568.92093951,1,eu,1,sec01,PublicPower,EMEP_unprocessed
RO,2020,2020,B_Industry,nmvoc,21357.6811348206,3,eu,2,sec02,Industry,EMEP_unprocessed
RO,2020,2020,C_OtherStationaryComb,nmvoc,74567.3651585122,2,eu,3,sec03,OtherStationaryComb,EMEP_unprocessed
RO,2020,2020,D_Fugitive,nmvoc,12303.7624961953,5,eu,4,sec04,Fugitive,EMEP_unprocessed
RO,2020,2020,E_Solvents,nmvoc,66059.0724761736,6,eu,5,sec05,Solvents,EMEP_unprocessed
RO,2020,2020,F_RoadTransport,nmvoc,18662.2503748184,7,eu,6,sec06,RoadTransport,EMEP_unprocessed
RO,2020,2020,G_Shipping,nmvoc,110.966612790698,8,eu,7,sec07,Shipping,EMEP_unprocessed
RO,2020,2020,H_Aviation,nmvoc,26.34976324,8,eu,8,sec08,Aviation,EMEP_unprocessed
RO,2020,2020,I_Offroad,nmvoc,3045.96279351294,8,eu,9,sec09,Offroad,EMEP_unprocessed
RO,2020,2020,J_Waste,nmvoc,2258.3024409548,9,eu,10,sec10,Waste,EMEP_unprocessed
RO,2020,2020,K_AgriLivestock,nmvoc,31330.9482258194,10,eu,11,sec11,AgriLivestock,EMEP_unprocessed
RO,2020,2020,L_AgriOther,nmvoc,23363.2166703969,10,eu,12,sec12,AgriOther,EMEP_unprocessed
RS,2020,2020,A_PublicPower,nmvoc,493.705428139,1,eu,1,sec01,PublicPower,EMEP_unprocessed
RS,2020,2020,B_Industry,nmvoc,10860.2544017386,3,eu,2,sec02,Industry,EMEP_unprocessed
RS,2020,2020,C_OtherStationaryComb,nmvoc,39584.5685155781,2,eu,3,sec03,OtherStationaryComb,EMEP_unprocessed
RS,2020,2020,D_Fugitive,nmvoc,38023.2133414,5,eu,4,sec04,Fugitive,EMEP_unprocessed
RS,2020,2020,E_Solvents,nmvoc,16762.54663487,6,eu,5,sec05,Solvents,EMEP_unprocessed
RS,2020,2020,F_RoadTransport,nmvoc,9741.9127891191,7,eu,6,sec06,RoadTransport,EMEP_unprocessed
RS,2020,2020,G_Shipping,nmvoc,13.5,8,eu,7,sec07,Shipping,EMEP_unprocessed
RS,2020,2020,H_Aviation,nmvoc,18.7705,8,eu,8,sec08,Aviation,EMEP_unprocessed
RS,2020,2020,I_Offroad,nmvoc,719.639675,8,eu,9,sec09,Offroad,EMEP_unprocessed
RS,2020,2020,J_Waste,nmvoc,1.54215376444444,9,eu,10,sec10,Waste,EMEP_unprocessed
RS,2020,2020,K_AgriLivestock,nmvoc,17680.6625298082,10,eu,11,sec11,AgriLivestock,EMEP_unprocessed
RS,2020,2020,L_AgriOther,nmvoc,3014.55306032485,10,eu,12,sec12,AgriOther,EMEP_unprocessed
RU,2020,2020,A_PublicPower,nmvoc,6894.64232415646,1,eu,1,sec01,PublicPower,EMEP_unprocessed
RU,2020,2020,B_Industry,nmvoc,499341.838828221,3,eu,2,sec02,Industry,EMEP_unprocessed
RU,2020,2020,C_OtherStationaryComb,nmvoc,5334.29105093554,2,eu,3,sec03,OtherStationaryComb,EMEP_unprocessed
RU,2020,2020,D_Fugitive,nmvoc,234006.82311961,5,eu,4,sec04,Fugitive,EMEP_unprocessed
RU,2020,2020,E_Solvents,nmvoc,153652.698688609,6,eu,5,sec05,Solvents,EMEP_unprocessed
RU,2020,2020,F_RoadTransport,nmvoc,1221991.19284409,7,eu,6,sec06,RoadTransport,EMEP_unprocessed
RU,2020,2020,G_Shipping,nmvoc,2054.40303305342,8,eu,7,sec07,Shipping,EMEP_unprocessed
RU,2020,2020,H_Aviation,nmvoc,278.197652168542,8,eu,8,sec08,Aviation,EMEP_unprocessed
RU,2020,2020,I_Offroad,nmvoc,171051.557987817,8,eu,9,sec09,Offroad,EMEP_unprocessed
RU,2020,2020,J_Waste,nmvoc,28167.6756280489,9,eu,10,sec10,Waste,EMEP_unprocessed
RU,2020,2020,K_AgriLivestock,nmvoc,287511.646258243,10,eu,11,sec11,AgriLivestock,EMEP_unprocessed
RU,2020,2020,L_AgriOther,nmvoc,120823.308730619,10,eu,12,sec12,AgriOther,EMEP_unprocessed
RU,2020,2020,M_Other,nmvoc,20313.3955563884,11,eu,13,sec13,Other,EMEP_unprocessed
RUE,2020,2020,A_PublicPower,nmvoc,13891.151299365,1,eu,1,sec01,PublicPower,EMEP_unprocessed
RUE,2020,2020,B_Industry,nmvoc,34704.4430806076,3,eu,2,sec02,Industry,EMEP_unprocessed
RUE,2020,2020,C_OtherStationaryComb,nmvoc,48021.3777375381,2,eu,3,sec03,OtherStationaryComb,EMEP_unprocessed
RUE,2020,2020,D_Fugitive,nmvoc,487027.796901559,5,eu,4,sec04,Fugitive,EMEP_unprocessed
RUE,2020,2020,E_Solvents,nmvoc,123676.940894088,6,eu,5,sec05,Solvents,EMEP_unprocessed
RUE,2020,2020,F_RoadTransport,nmvoc,83065.7662126403,7,eu,6,sec06,RoadTransport,EMEP_unprocessed
RUE,2020,2020,G_Shipping,nmvoc,587.869511054032,8,eu,7,sec07,Shipping,EMEP_unprocessed
RUE,2020,2020,H_Aviation,nmvoc,88.1340847138992,8,eu,8,sec08,Aviation,EMEP_unprocessed
RUE,2020,2020,I_Offroad,nmvoc,2946.25879134065,8,eu,9,sec09,Offroad,EMEP_unprocessed
RUE,2020,2020,J_Waste,nmvoc,15665.2008694657,9,eu,10,sec10,Waste,EMEP_unprocessed
RUE,2020,2020,K_AgriLivestock,nmvoc,52548.3056380819,10,eu,11,sec11,AgriLivestock,EMEP_unprocessed
RUE,2020,2020,L_AgriOther,nmvoc,50100.5034155571,10,eu,12,sec12,AgriOther,EMEP_unprocessed
RUE,2020,2020,M_Other,nmvoc,6785.66768638858,11,eu,13,sec13,Other,EMEP_unprocessed
SE,2020,2020,A_PublicPower,nmvoc,2475.20623761519,1,eu,1,sec01,PublicPower,EMEP_unprocessed
SE,2020,2020,B_Industry,nmvoc,11291.9420227978,3,eu,2,sec02,Industry,EMEP_unprocessed
SE,2020,2020,C_OtherStationaryComb,nmvoc,7681.05483361699,2,eu,3,sec03,OtherStationaryComb,EMEP_unprocessed
SE,2020,2020,D_Fugitive,nmvoc,9829.48089777713,5,eu,4,sec04,Fugitive,EMEP_unprocessed
SE,2020,2020,E_Solvents,nmvoc,55539.3578386578,6,eu,5,sec05,Solvents,EMEP_unprocessed
SE,2020,2020,F_RoadTransport,nmvoc,8615.33147973667,7,eu,6,sec06,RoadTransport,EMEP_unprocessed
SE,2020,2020,G_Shipping,nmvoc,4651.34555064495,8,eu,7,sec07,Shipping,EMEP_unprocessed
SE,2020,2020,H_Aviation,nmvoc,40.6149284711699,8,eu,8,sec08,Aviation,EMEP_unprocessed
SE,2020,2020,I_Offroad,nmvoc,8760.47628310739,8,eu,9,sec09,Offroad,EMEP_unprocessed
SE,2020,2020,J_Waste,nmvoc,403.854850986428,9,eu,10,sec10,Waste,EMEP_unprocessed
SE,2020,2020,K_AgriLivestock,nmvoc,19983.3268975035,10,eu,11,sec11,AgriLivestock,EMEP_unprocessed
SE,2020,2020,L_AgriOther,nmvoc,8800.80141096133,10,eu,12,sec12,AgriOther,EMEP_unprocessed
SI,2020,2020,A_PublicPower,nmvoc,151.031039034279,1,eu,1,sec01,PublicPower,EMEP_unprocessed
SI,2020,2020,B_Industry,nmvoc,2627.98949181802,3,eu,2,sec02,Industry,EMEP_unprocessed
SI,2020,2020,C_OtherStationaryComb,nmvoc,6249.88032454992,2,eu,3,sec03,OtherStationaryComb,EMEP_unprocessed
SI,2020,2020,D_Fugitive,nmvoc,1265.97974243547,5,eu,4,sec04,Fugitive,EMEP_unprocessed
SI,2020,2020,E_Solvents,nmvoc,12480.7621182702,6,eu,5,sec05,Solvents,EMEP_unprocessed
SI,2020,2020,F_RoadTransport,nmvoc,1737.61653782988,7,eu,6,sec06,RoadTransport,EMEP_unprocessed
SI,2020,2020,G_Shipping,nmvoc,0.3596841711625,8,eu,7,sec07,Shipping,EMEP_unprocessed
SI,2020,2020,H_Aviation,nmvoc,11.1828583883633,8,eu,8,sec08,Aviation,EMEP_unprocessed
SI,2020,2020,I_Offroad,nmvoc,1609.97385646949,8,eu,9,sec09,Offroad,EMEP_unprocessed
SI,2020,2020,J_Waste,nmvoc,88.2052160793854,9,eu,10,sec10,Waste,EMEP_unprocessed
SI,2020,2020,K_AgriLivestock,nmvoc,4025.74910834312,10,eu,11,sec11,AgriLivestock,EMEP_unprocessed
SI,2020,2020,L_AgriOther,nmvoc,1817.63895484813,10,eu,12,sec12,AgriOther,EMEP_unprocessed
SK,2020,2020,A_PublicPower,nmvoc,115.700273,1,eu,1,sec01,PublicPower,EMEP_unprocessed
SK,2020,2020,B_Industry,nmvoc,14089.9923587443,3,eu,2,sec02,Industry,EMEP_unprocessed
SK,2020,2020,C_OtherStationaryComb,nmvoc,31846.4340438305,2,eu,3,sec03,OtherStationaryComb,EMEP_unprocessed
SK,2020,2020,D_Fugitive,nmvoc,4840.51802985426,5,eu,4,sec04,Fugitive,EMEP_unprocessed
SK,2020,2020,E_Solvents,nmvoc,20872.4078126775,6,eu,5,sec05,Solvents,EMEP_unprocessed
SK,2020,2020,F_RoadTransport,nmvoc,3147.67172188022,7,eu,6,sec06,RoadTransport,EMEP_unprocessed
SK,2020,2020,G_Shipping,nmvoc,10.81826,8,eu,7,sec07,Shipping,EMEP_unprocessed
SK,2020,2020,H_Aviation,nmvoc,0.627600863074479,8,eu,8,sec08,Aviation,EMEP_unprocessed
SK,2020,2020,I_Offroad,nmvoc,716.866660126977,8,eu,9,sec09,Offroad,EMEP_unprocessed
SK,2020,2020,J_Waste,nmvoc,749.69043862597,9,eu,10,sec10,Waste,EMEP_unprocessed
SK,2020,2020,K_AgriLivestock,nmvoc,6126.96929042312,10,eu,11,sec11,AgriLivestock,EMEP_unprocessed
SK,2020,2020,L_AgriOther,nmvoc,163.681041139,10,eu,12,sec12,AgriOther,EMEP_unprocessed
TJ,2020,2020,A_PublicPower,nmvoc,4.23,1,eu,1,sec01,PublicPower,EMEP_unprocessed
TJ,2020,2020,B_Industry,nmvoc,183.45,3,eu,2,sec02,Industry,EMEP_unprocessed
TJ,2020,2020,C_OtherStationaryComb,nmvoc,48.62,2,eu,3,sec03,OtherStationaryComb,EMEP_unprocessed
TJ,2020,2020,D_Fugitive,nmvoc,9429.19000000001,5,eu,4,sec04,Fugitive,EMEP_unprocessed
TJ,2020,2020,E_Solvents,nmvoc,12635.36,6,eu,5,sec05,Solvents,EMEP_unprocessed
TJ,2020,2020,F_RoadTransport,nmvoc,10051.96,7,eu,6,sec06,RoadTransport,EMEP_unprocessed
TJ,2020,2020,H_Aviation,nmvoc,90.8200000000001,8,eu,8,sec08,Aviation,EMEP_unprocessed
TJ,2020,2020,J_Waste,nmvoc,2575.99,9,eu,10,sec10,Waste,EMEP_unprocessed
TJ,2020,2020,K_AgriLivestock,nmvoc,25092.08,10,eu,11,sec11,AgriLivestock,EMEP_unprocessed
TJ,2020,2020,L_AgriOther,nmvoc,20070.26,10,eu,12,sec12,AgriOther,EMEP_unprocessed
TM,2020,2020,A_PublicPower,nmvoc,59.93,1,eu,1,sec01,PublicPower,EMEP_unprocessed
TM,2020,2020,B_Industry,nmvoc,22574.16,3,eu,2,sec02,Industry,EMEP_unprocessed
TM,2020,2020,C_OtherStationaryComb,nmvoc,1030.57,2,eu,3,sec03,OtherStationaryComb,EMEP_unprocessed
TM,2020,2020,D_Fugitive,nmvoc,10672.93,5,eu,4,sec04,Fugitive,EMEP_unprocessed
TM,2020,2020,E_Solvents,nmvoc,8042.66999999999,6,eu,5,sec05,Solvents,EMEP_unprocessed
TM,2020,2020,F_RoadTransport,nmvoc,84146.84,7,eu,6,sec06,RoadTransport,EMEP_unprocessed
TM,2020,2020,H_Aviation,nmvoc,1057.85,8,eu,8,sec08,Aviation,EMEP_unprocessed
TM,2020,2020,I_Offroad,nmvoc,2616.96,8,eu,9,sec09,Offroad,EMEP_unprocessed
TM,2020,2020,J_Waste,nmvoc,2113.41999999999,9,eu,10,sec10,Waste,EMEP_unprocessed
TM,2020,2020,K_AgriLivestock,nmvoc,15971.64,10,eu,11,sec11,AgriLivestock,EMEP_unprocessed
TM,2020,2020,L_AgriOther,nmvoc,10793.47,10,eu,12,sec12,AgriOther,EMEP_unprocessed
TR,2020,2020,A_PublicPower,nmvoc,6746.75,1,eu,1,sec01,PublicPower,EMEP_unprocessed
TR,2020,2020,B_Industry,nmvoc,53463.47,3,eu,2,sec02,Industry,EMEP_unprocessed
TR,2020,2020,C_OtherStationaryComb,nmvoc,74883.4199999996,2,eu,3,sec03,OtherStationaryComb,EMEP_unprocessed
TR,2020,2020,D_Fugitive,nmvoc,3476.82999999999,5,eu,4,sec04,Fugitive,EMEP_unprocessed
TR,2020,2020,E_Solvents,nmvoc,139945.93,6,eu,5,sec05,Solvents,EMEP_unprocessed
TR,2020,2020,F_RoadTransport,nmvoc,20289.13,7,eu,6,sec06,RoadTransport,EMEP_unprocessed
TR,2020,2020,G_Shipping,nmvoc,1275.13,8,eu,7,sec07,Shipping,EMEP_unprocessed
TR,2020,2020,H_Aviation,nmvoc,1935.15,8,eu,8,sec08,Aviation,EMEP_unprocessed
TR,2020,2020,I_Offroad,nmvoc,16001.1300000001,8,eu,9,sec09,Offroad,EMEP_unprocessed
TR,2020,2020,J_Waste,nmvoc,22407.31,9,eu,10,sec10,Waste,EMEP_unprocessed
TR,2020,2020,K_AgriLivestock,nmvoc,150506.100000001,10,eu,11,sec11,AgriLivestock,EMEP_unprocessed
TR,2020,2020,L_AgriOther,nmvoc,103181.16,10,eu,12,sec12,AgriOther,EMEP_unprocessed
UA,2020,2020,A_PublicPower,nmvoc,2479.94,1,eu,1,sec01,PublicPower,EMEP_unprocessed
UA,2020,2020,B_Industry,nmvoc,25497.56,3,eu,2,sec02,Industry,EMEP_unprocessed
UA,2020,2020,C_OtherStationaryComb,nmvoc,102509.71,2,eu,3,sec03,OtherStationaryComb,EMEP_unprocessed
UA,2020,2020,D_Fugitive,nmvoc,7172.36,5,eu,4,sec04,Fugitive,EMEP_unprocessed
UA,2020,2020,E_Solvents,nmvoc,141037.9,6,eu,5,sec05,Solvents,EMEP_unprocessed
UA,2020,2020,F_RoadTransport,nmvoc,63638.6899999998,7,eu,6,sec06,RoadTransport,EMEP_unprocessed
UA,2020,2020,G_Shipping,nmvoc,518.340000000001,8,eu,7,sec07,Shipping,EMEP_unprocessed
UA,2020,2020,H_Aviation,nmvoc,376.32,8,eu,8,sec08,Aviation,EMEP_unprocessed
UA,2020,2020,I_Offroad,nmvoc,15113.4,8,eu,9,sec09,Offroad,EMEP_unprocessed
UA,2020,2020,J_Waste,nmvoc,14953.07,9,eu,10,sec10,Waste,EMEP_unprocessed
UA,2020,2020,K_AgriLivestock,nmvoc,74230.8800000008,10,eu,11,sec11,AgriLivestock,EMEP_unprocessed
UA,2020,2020,L_AgriOther,nmvoc,79085.9599999999,10,eu,12,sec12,AgriOther,EMEP_unprocessed
UZ,2020,2020,A_PublicPower,nmvoc,1560.59,1,eu,1,sec01,PublicPower,EMEP_unprocessed
UZ,2020,2020,B_Industry,nmvoc,10316.34,3,eu,2,sec02,Industry,EMEP_unprocessed
UZ,2020,2020,C_OtherStationaryComb,nmvoc,1602.39,2,eu,3,sec03,OtherStationaryComb,EMEP_unprocessed
UZ,2020,2020,D_Fugitive,nmvoc,34241.0900000001,5,eu,4,sec04,Fugitive,EMEP_unprocessed
UZ,2020,2020,E_Solvents,nmvoc,44320.38,6,eu,5,sec05,Solvents,EMEP_unprocessed
UZ,2020,2020,F_RoadTransport,nmvoc,167249.96,7,eu,6,sec06,RoadTransport,EMEP_unprocessed
UZ,2020,2020,H_Aviation,nmvoc,311.74,8,eu,8,sec08,Aviation,EMEP_unprocessed
UZ,2020,2020,I_Offroad,nmvoc,2875.57,8,eu,9,sec09,Offroad,EMEP_unprocessed
UZ,2020,2020,J_Waste,nmvoc,9327.61,9,eu,10,sec10,Waste,EMEP_unprocessed
UZ,2020,2020,K_AgriLivestock,nmvoc,88014.1700000004,10,eu,11,sec11,AgriLivestock,EMEP_unprocessed
UZ,2020,2020,L_AgriOther,nmvoc,61120.4700000002,10,eu,12,sec12,AgriOther,EMEP_unprocessed
