iso_char,iso_code,Pollutant,Data_source,emis_y,inv_y,agg,time_res,sec_num,sec_name,emis_t_tot_ncinput,emis_t_tot_array,t1,tsum,tot_tres_ratio
AL,1,pmco,NetCDF_input,2010,2024,allISO,annual,sec01,A_PublicPower,3.36999999999999,3.36999999999999,3.36999999999999,3.36999999999999,1
AL,1,pmco,NetCDF_input,2010,2024,allISO,annual,sec02,B_Industry,706.210000000001,706.210000000001,706.210000000001,706.210000000001,1
AL,1,pmco,NetCDF_input,2010,2024,allISO,annual,sec03,C_OtherStationaryComb,262.65,262.65,262.65,262.65,1
AL,1,pmco,NetCDF_input,2010,2024,allISO,annual,sec04,D_Fugitive,15.93,15.93,15.93,15.93,1
AL,1,pmco,NetCDF_input,2010,2024,allISO,annual,sec05,E_Solvents,0,0,0,0,
AL,1,pmco,NetCDF_input,2010,2024,allISO,annual,sec06,F_RoadTransport,328.42,328.42,328.42,328.42,1
AL,1,pmco,NetCDF_input,2010,2024,allISO,annual,sec07,G_Shipping,2.86000000000001,2.86000000000001,2.86000000000001,2.86000000000001,1
AL,1,pmco,NetCDF_input,2010,2024,allISO,annual,sec08,H_Aviation,0.02,0.02,0.02,0.02,1
AL,1,pmco,NetCDF_input,2010,2024,allISO,annual,sec09,I_Offroad,8.12999999999999,8.12999999999999,8.12999999999999,8.12999999999999,1
AL,1,pmco,NetCDF_input,2010,2024,allISO,annual,sec10,J_Waste,114.35,114.35,114.35,114.35,1
AL,1,pmco,NetCDF_input,2010,2024,allISO,annual,sec11,K_AgriLivestock,456.08,456.08,456.08,456.08,1
AL,1,pmco,NetCDF_input,2010,2024,allISO,annual,sec12,L_AgriOther,480.499999999999,480.5,480.499999999999,480.499999999999,1
AL,1,pmco,NetCDF_input,2010,2024,allISO,annual,sec13,M_Other,0,0,0,0,
AM,56,pmco,NetCDF_input,2010,2024,allISO,annual,sec01,A_PublicPower,0.38,0.38,0.38,0.38,1
AM,56,pmco,NetCDF_input,2010,2024,allISO,annual,sec02,B_Industry,723.760000000002,723.760000000002,723.760000000002,723.760000000002,1
AM,56,pmco,NetCDF_input,2010,2024,allISO,annual,sec03,C_OtherStationaryComb,202.37,202.37,202.37,202.37,1
AM,56,pmco,NetCDF_input,2010,2024,allISO,annual,sec04,D_Fugitive,0.95,0.95,0.95,0.95,1
AM,56,pmco,NetCDF_input,2010,2024,allISO,annual,sec05,E_Solvents,0,0,0,0,
AM,56,pmco,NetCDF_input,2010,2024,allISO,annual,sec06,F_RoadTransport,63.8399999999999,63.84,63.8399999999999,63.8399999999999,1
AM,56,pmco,NetCDF_input,2010,2024,allISO,annual,sec07,G_Shipping,0,0,0,0,
AM,56,pmco,NetCDF_input,2010,2024,allISO,annual,sec08,H_Aviation,0.06,0.06,0.06,0.06,1
AM,56,pmco,NetCDF_input,2010,2024,allISO,annual,sec09,I_Offroad,0,0,0,0,
AM,56,pmco,NetCDF_input,2010,2024,allISO,annual,sec10,J_Waste,58.38,58.38,58.38,58.38,1
AM,56,pmco,NetCDF_input,2010,2024,allISO,annual,sec11,K_AgriLivestock,359.84,359.84,359.84,359.84,1
AM,56,pmco,NetCDF_input,2010,2024,allISO,annual,sec12,L_AgriOther,515.209999999999,515.21,515.209999999999,515.209999999999,1
AM,56,pmco,NetCDF_input,2010,2024,allISO,annual,sec13,M_Other,0,0,0,0,
AST,96,pmco,NetCDF_input,2010,2024,allISO,annual,sec01,A_PublicPower,31026.9949657247,31026.9949657247,31026.9949657247,31026.9949657247,1
AST,96,pmco,NetCDF_input,2010,2024,allISO,annual,sec02,B_Industry,76068.7494520684,76068.7494520689,76068.7494520684,76068.7494520684,1
AST,96,pmco,NetCDF_input,2010,2024,allISO,annual,sec03,C_OtherStationaryComb,456908.26030654,456908.26030654,456908.26030654,456908.26030654,1
AST,96,pmco,NetCDF_input,2010,2024,allISO,annual,sec04,D_Fugitive,47.576395381618,47.5763953816181,47.576395381618,47.576395381618,1
AST,96,pmco,NetCDF_input,2010,2024,allISO,annual,sec05,E_Solvents,0,0,0,0,
AST,96,pmco,NetCDF_input,2010,2024,allISO,annual,sec06,F_RoadTransport,12121.3354678551,12121.3354678551,12121.3354678551,12121.3354678551,1
AST,96,pmco,NetCDF_input,2010,2024,allISO,annual,sec07,G_Shipping,0,0,0,0,
AST,96,pmco,NetCDF_input,2010,2024,allISO,annual,sec08,H_Aviation,0,0,0,0,
AST,96,pmco,NetCDF_input,2010,2024,allISO,annual,sec09,I_Offroad,1.84842429679933,1.84842429679932,1.84842429679933,1.84842429679933,1
AST,96,pmco,NetCDF_input,2010,2024,allISO,annual,sec10,J_Waste,862.616097219649,862.61609721965,862.616097219649,862.616097219649,1
AST,96,pmco,NetCDF_input,2010,2024,allISO,annual,sec11,K_AgriLivestock,61717.1922343324,61717.1922343322,61717.1922343324,61717.1922343324,1
AST,96,pmco,NetCDF_input,2010,2024,allISO,annual,sec12,L_AgriOther,9044.53220070894,9044.53220070895,9044.53220070894,9044.53220070894,1
AST,96,pmco,NetCDF_input,2010,2024,allISO,annual,sec13,M_Other,0,0,0,0,
AT,2,pmco,NetCDF_input,2010,2024,allISO,annual,sec01,A_PublicPower,198.10680736751,198.10680736751,198.10680736751,198.10680736751,1
AT,2,pmco,NetCDF_input,2010,2024,allISO,annual,sec02,B_Industry,7756.91380416817,7756.91380416817,7756.91380416817,7756.91380416817,1
AT,2,pmco,NetCDF_input,2010,2024,allISO,annual,sec03,C_OtherStationaryComb,458.88150448271,458.88150448271,458.88150448271,458.88150448271,1
AT,2,pmco,NetCDF_input,2010,2024,allISO,annual,sec04,D_Fugitive,150.919401257,150.919401257,150.919401257,150.919401257,1
AT,2,pmco,NetCDF_input,2010,2024,allISO,annual,sec05,E_Solvents,17.954292973832,17.954292973832,17.954292973832,17.954292973832,1
AT,2,pmco,NetCDF_input,2010,2024,allISO,annual,sec06,F_RoadTransport,1514.88714300714,1514.88714300714,1514.88714300714,1514.88714300714,1
AT,2,pmco,NetCDF_input,2010,2024,allISO,annual,sec07,G_Shipping,0,0,0,0,
AT,2,pmco,NetCDF_input,2010,2024,allISO,annual,sec08,H_Aviation,0,0,0,0,
AT,2,pmco,NetCDF_input,2010,2024,allISO,annual,sec09,I_Offroad,363.57118894816,363.57118894816,363.57118894816,363.57118894816,1
AT,2,pmco,NetCDF_input,2010,2024,allISO,annual,sec10,J_Waste,63.278168599596,63.278168599596,63.278168599596,63.278168599596,1
AT,2,pmco,NetCDF_input,2010,2024,allISO,annual,sec11,K_AgriLivestock,389.77442262289,389.77442262289,389.77442262289,389.77442262289,1
AT,2,pmco,NetCDF_input,2010,2024,allISO,annual,sec12,L_AgriOther,3355.32996493112,3355.32996493112,3355.32996493112,3355.32996493112,1
AT,2,pmco,NetCDF_input,2010,2024,allISO,annual,sec13,M_Other,0,0,0,0,
ATL,32,pmco,NetCDF_input,2010,2024,allISO,annual,sec01,A_PublicPower,0,0,0,0,
ATL,32,pmco,NetCDF_input,2010,2024,allISO,annual,sec02,B_Industry,0,0,0,0,
ATL,32,pmco,NetCDF_input,2010,2024,allISO,annual,sec03,C_OtherStationaryComb,0,0,0,0,
ATL,32,pmco,NetCDF_input,2010,2024,allISO,annual,sec04,D_Fugitive,0,0,0,0,
ATL,32,pmco,NetCDF_input,2010,2024,allISO,annual,sec05,E_Solvents,0,0,0,0,
ATL,32,pmco,NetCDF_input,2010,2024,allISO,annual,sec06,F_RoadTransport,0,0,0,0,
ATL,32,pmco,NetCDF_input,2010,2024,allISO,annual,sec07,G_Shipping,0,0,0,0,
ATL,32,pmco,NetCDF_input,2010,2024,allISO,annual,sec08,H_Aviation,0,0,0,0,
ATL,32,pmco,NetCDF_input,2010,2024,allISO,annual,sec09,I_Offroad,0,0,0,0,
ATL,32,pmco,NetCDF_input,2010,2024,allISO,annual,sec10,J_Waste,0,0,0,0,
ATL,32,pmco,NetCDF_input,2010,2024,allISO,annual,sec11,K_AgriLivestock,0,0,0,0,
ATL,32,pmco,NetCDF_input,2010,2024,allISO,annual,sec12,L_AgriOther,0,0,0,0,
ATL,32,pmco,NetCDF_input,2010,2024,allISO,annual,sec13,M_Other,0,0,0,0,
AZ,69,pmco,NetCDF_input,2010,2024,allISO,annual,sec01,A_PublicPower,5.31,5.31,5.31,5.31,1
AZ,69,pmco,NetCDF_input,2010,2024,allISO,annual,sec02,B_Industry,1874.43,1874.43,1874.43,1874.43,1
AZ,69,pmco,NetCDF_input,2010,2024,allISO,annual,sec03,C_OtherStationaryComb,78.6899999999998,78.6899999999999,78.6899999999998,78.6899999999998,1
AZ,69,pmco,NetCDF_input,2010,2024,allISO,annual,sec04,D_Fugitive,0.51000000000001,0.51000000000001,0.51000000000001,0.51000000000001,1
AZ,69,pmco,NetCDF_input,2010,2024,allISO,annual,sec05,E_Solvents,0,0,0,0,
AZ,69,pmco,NetCDF_input,2010,2024,allISO,annual,sec06,F_RoadTransport,409.27,409.27,409.27,409.27,1
AZ,69,pmco,NetCDF_input,2010,2024,allISO,annual,sec07,G_Shipping,6.95999999999998,6.95999999999999,6.95999999999998,6.95999999999998,1
AZ,69,pmco,NetCDF_input,2010,2024,allISO,annual,sec08,H_Aviation,0.64,0.64,0.64,0.64,1
AZ,69,pmco,NetCDF_input,2010,2024,allISO,annual,sec09,I_Offroad,77.1099999999999,77.1099999999998,77.1099999999999,77.1099999999999,1
AZ,69,pmco,NetCDF_input,2010,2024,allISO,annual,sec10,J_Waste,115.41,115.41,115.41,115.41,1
AZ,69,pmco,NetCDF_input,2010,2024,allISO,annual,sec11,K_AgriLivestock,1320.19,1320.19,1320.19,1320.19,1
AZ,69,pmco,NetCDF_input,2010,2024,allISO,annual,sec12,L_AgriOther,1743.78,1743.78,1743.78,1743.78,1
AZ,69,pmco,NetCDF_input,2010,2024,allISO,annual,sec13,M_Other,0,0,0,0,
BA,50,pmco,NetCDF_input,2010,2024,allISO,annual,sec01,A_PublicPower,11304.31,11304.31,11304.31,11304.31,1
BA,50,pmco,NetCDF_input,2010,2024,allISO,annual,sec02,B_Industry,1758.04,1758.04,1758.04,1758.04,1
BA,50,pmco,NetCDF_input,2010,2024,allISO,annual,sec03,C_OtherStationaryComb,1706.93,1706.93,1706.93,1706.93,1
BA,50,pmco,NetCDF_input,2010,2024,allISO,annual,sec04,D_Fugitive,1320.09,1320.09,1320.09,1320.09,1
BA,50,pmco,NetCDF_input,2010,2024,allISO,annual,sec05,E_Solvents,0,0,0,0,
BA,50,pmco,NetCDF_input,2010,2024,allISO,annual,sec06,F_RoadTransport,419.27,419.27,419.27,419.27,1
BA,50,pmco,NetCDF_input,2010,2024,allISO,annual,sec07,G_Shipping,0,0,0,0,
BA,50,pmco,NetCDF_input,2010,2024,allISO,annual,sec08,H_Aviation,0,0,0,0,
BA,50,pmco,NetCDF_input,2010,2024,allISO,annual,sec09,I_Offroad,0,0,0,0,
BA,50,pmco,NetCDF_input,2010,2024,allISO,annual,sec10,J_Waste,176.84,176.84,176.84,176.84,1
BA,50,pmco,NetCDF_input,2010,2024,allISO,annual,sec11,K_AgriLivestock,800.11,800.11,800.11,800.11,1
BA,50,pmco,NetCDF_input,2010,2024,allISO,annual,sec12,L_AgriOther,525.27,525.27,525.27,525.27,1
BA,50,pmco,NetCDF_input,2010,2024,allISO,annual,sec13,M_Other,0,0,0,0,
BAS,30,pmco,NetCDF_input,2010,2024,allISO,annual,sec01,A_PublicPower,0,0,0,0,
BAS,30,pmco,NetCDF_input,2010,2024,allISO,annual,sec02,B_Industry,0,0,0,0,
BAS,30,pmco,NetCDF_input,2010,2024,allISO,annual,sec03,C_OtherStationaryComb,0,0,0,0,
BAS,30,pmco,NetCDF_input,2010,2024,allISO,annual,sec04,D_Fugitive,0,0,0,0,
BAS,30,pmco,NetCDF_input,2010,2024,allISO,annual,sec05,E_Solvents,0,0,0,0,
BAS,30,pmco,NetCDF_input,2010,2024,allISO,annual,sec06,F_RoadTransport,0,0,0,0,
BAS,30,pmco,NetCDF_input,2010,2024,allISO,annual,sec07,G_Shipping,0,0,0,0,
BAS,30,pmco,NetCDF_input,2010,2024,allISO,annual,sec08,H_Aviation,0,0,0,0,
BAS,30,pmco,NetCDF_input,2010,2024,allISO,annual,sec09,I_Offroad,0,0,0,0,
BAS,30,pmco,NetCDF_input,2010,2024,allISO,annual,sec10,J_Waste,0,0,0,0,
BAS,30,pmco,NetCDF_input,2010,2024,allISO,annual,sec11,K_AgriLivestock,0,0,0,0,
BAS,30,pmco,NetCDF_input,2010,2024,allISO,annual,sec12,L_AgriOther,0,0,0,0,
BAS,30,pmco,NetCDF_input,2010,2024,allISO,annual,sec13,M_Other,0,0,0,0,
BE,3,pmco,NetCDF_input,2010,2024,allISO,annual,sec01,A_PublicPower,124.081732010791,124.081732010791,124.081732010791,124.081732010791,1
BE,3,pmco,NetCDF_input,2010,2024,allISO,annual,sec02,B_Industry,11234.6442258217,11234.6442258217,11234.6442258217,11234.6442258217,1
BE,3,pmco,NetCDF_input,2010,2024,allISO,annual,sec03,C_OtherStationaryComb,377.621464999001,377.621464999001,377.621464999001,377.621464999001,1
BE,3,pmco,NetCDF_input,2010,2024,allISO,annual,sec04,D_Fugitive,318.831845,318.831845,318.831845,318.831845,1
BE,3,pmco,NetCDF_input,2010,2024,allISO,annual,sec05,E_Solvents,76.495237430429,76.495237430429,76.495237430429,76.495237430429,1
BE,3,pmco,NetCDF_input,2010,2024,allISO,annual,sec06,F_RoadTransport,1725.33243041368,1725.33243041368,1725.33243041368,1725.33243041368,1
BE,3,pmco,NetCDF_input,2010,2024,allISO,annual,sec07,G_Shipping,14.281493034456,14.281493034456,14.281493034456,14.281493034456,1
BE,3,pmco,NetCDF_input,2010,2024,allISO,annual,sec08,H_Aviation,2.9415044293315,2.9415044293315,2.9415044293315,2.9415044293315,1
BE,3,pmco,NetCDF_input,2010,2024,allISO,annual,sec09,I_Offroad,243.021702189173,243.021702189173,243.021702189173,243.021702189173,1
BE,3,pmco,NetCDF_input,2010,2024,allISO,annual,sec10,J_Waste,7.85493535946102,7.85493535946102,7.85493535946102,7.85493535946102,1
BE,3,pmco,NetCDF_input,2010,2024,allISO,annual,sec11,K_AgriLivestock,1482.459901188,1482.459901188,1482.459901188,1482.459901188,1
BE,3,pmco,NetCDF_input,2010,2024,allISO,annual,sec12,L_AgriOther,1264.2738245,1264.2738245,1264.2738245,1264.2738245,1
BE,3,pmco,NetCDF_input,2010,2024,allISO,annual,sec13,M_Other,0,0,0,0,
BG,4,pmco,NetCDF_input,2010,2024,allISO,annual,sec01,A_PublicPower,3274.70412299999,3274.704123,3274.70412299999,3274.70412299999,1
BG,4,pmco,NetCDF_input,2010,2024,allISO,annual,sec02,B_Industry,2617.869169537,2617.869169537,2617.869169537,2617.869169537,1
BG,4,pmco,NetCDF_input,2010,2024,allISO,annual,sec03,C_OtherStationaryComb,732.263403399998,732.263403399998,732.263403399998,732.263403399998,1
BG,4,pmco,NetCDF_input,2010,2024,allISO,annual,sec04,D_Fugitive,976.077000000001,976.077,976.077000000001,976.077000000001,1
BG,4,pmco,NetCDF_input,2010,2024,allISO,annual,sec05,E_Solvents,105.15739516108,105.15739516108,105.15739516108,105.15739516108,1
BG,4,pmco,NetCDF_input,2010,2024,allISO,annual,sec06,F_RoadTransport,540.683484069391,540.68348406939,540.683484069391,540.683484069391,1
BG,4,pmco,NetCDF_input,2010,2024,allISO,annual,sec07,G_Shipping,0,0,0,0,
BG,4,pmco,NetCDF_input,2010,2024,allISO,annual,sec08,H_Aviation,0,0,0,0,
BG,4,pmco,NetCDF_input,2010,2024,allISO,annual,sec09,I_Offroad,1.39999999999998,1.39999999999998,1.39999999999998,1.39999999999998,1
BG,4,pmco,NetCDF_input,2010,2024,allISO,annual,sec10,J_Waste,0.589472741999997,0.589472741999996,0.589472741999997,0.589472741999997,1
BG,4,pmco,NetCDF_input,2010,2024,allISO,annual,sec11,K_AgriLivestock,745.240157963998,745.240157964,745.240157963998,745.240157963998,1
BG,4,pmco,NetCDF_input,2010,2024,allISO,annual,sec12,L_AgriOther,9050.38809863677,9050.38809863676,9050.38809863677,9050.38809863677,1
BG,4,pmco,NetCDF_input,2010,2024,allISO,annual,sec13,M_Other,0,0,0,0,
BLS,34,pmco,NetCDF_input,2010,2024,allISO,annual,sec01,A_PublicPower,0,0,0,0,
BLS,34,pmco,NetCDF_input,2010,2024,allISO,annual,sec02,B_Industry,0,0,0,0,
BLS,34,pmco,NetCDF_input,2010,2024,allISO,annual,sec03,C_OtherStationaryComb,0,0,0,0,
BLS,34,pmco,NetCDF_input,2010,2024,allISO,annual,sec04,D_Fugitive,0,0,0,0,
BLS,34,pmco,NetCDF_input,2010,2024,allISO,annual,sec05,E_Solvents,0,0,0,0,
BLS,34,pmco,NetCDF_input,2010,2024,allISO,annual,sec06,F_RoadTransport,0,0,0,0,
BLS,34,pmco,NetCDF_input,2010,2024,allISO,annual,sec07,G_Shipping,0,0,0,0,
BLS,34,pmco,NetCDF_input,2010,2024,allISO,annual,sec08,H_Aviation,0,0,0,0,
BLS,34,pmco,NetCDF_input,2010,2024,allISO,annual,sec09,I_Offroad,0,0,0,0,
BLS,34,pmco,NetCDF_input,2010,2024,allISO,annual,sec10,J_Waste,0,0,0,0,
BLS,34,pmco,NetCDF_input,2010,2024,allISO,annual,sec11,K_AgriLivestock,0,0,0,0,
BLS,34,pmco,NetCDF_input,2010,2024,allISO,annual,sec12,L_AgriOther,0,0,0,0,
BLS,34,pmco,NetCDF_input,2010,2024,allISO,annual,sec13,M_Other,0,0,0,0,
BY,39,pmco,NetCDF_input,2010,2024,allISO,annual,sec01,A_PublicPower,658.24,658.24,658.24,658.24,1
BY,39,pmco,NetCDF_input,2010,2024,allISO,annual,sec02,B_Industry,4121.64999999999,4121.64999999999,4121.64999999999,4121.64999999999,1
BY,39,pmco,NetCDF_input,2010,2024,allISO,annual,sec03,C_OtherStationaryComb,2506.2,2506.2,2506.2,2506.2,1
BY,39,pmco,NetCDF_input,2010,2024,allISO,annual,sec04,D_Fugitive,55.86,55.86,55.86,55.86,1
BY,39,pmco,NetCDF_input,2010,2024,allISO,annual,sec05,E_Solvents,0,0,0,0,
BY,39,pmco,NetCDF_input,2010,2024,allISO,annual,sec06,F_RoadTransport,2225.85000000001,2225.85000000001,2225.85000000001,2225.85000000001,1
BY,39,pmco,NetCDF_input,2010,2024,allISO,annual,sec07,G_Shipping,0,0,0,0,
BY,39,pmco,NetCDF_input,2010,2024,allISO,annual,sec08,H_Aviation,0,0,0,0,
BY,39,pmco,NetCDF_input,2010,2024,allISO,annual,sec09,I_Offroad,174.13,174.130000000001,174.13,174.13,1
BY,39,pmco,NetCDF_input,2010,2024,allISO,annual,sec10,J_Waste,337.04,337.04,337.04,337.04,1
BY,39,pmco,NetCDF_input,2010,2024,allISO,annual,sec11,K_AgriLivestock,3228.32000000001,3228.32,3228.32000000001,3228.32000000001,1
BY,39,pmco,NetCDF_input,2010,2024,allISO,annual,sec12,L_AgriOther,5545.23999999999,5545.23999999998,5545.23999999999,5545.23999999999,1
BY,39,pmco,NetCDF_input,2010,2024,allISO,annual,sec13,M_Other,0,0,0,0,
CAS,80,pmco,NetCDF_input,2010,2024,allISO,annual,sec01,A_PublicPower,0,0,0,0,
CAS,80,pmco,NetCDF_input,2010,2024,allISO,annual,sec02,B_Industry,0,0,0,0,
CAS,80,pmco,NetCDF_input,2010,2024,allISO,annual,sec03,C_OtherStationaryComb,0,0,0,0,
CAS,80,pmco,NetCDF_input,2010,2024,allISO,annual,sec04,D_Fugitive,0,0,0,0,
CAS,80,pmco,NetCDF_input,2010,2024,allISO,annual,sec05,E_Solvents,0,0,0,0,
CAS,80,pmco,NetCDF_input,2010,2024,allISO,annual,sec06,F_RoadTransport,0,0,0,0,
CAS,80,pmco,NetCDF_input,2010,2024,allISO,annual,sec07,G_Shipping,0,0,0,0,
CAS,80,pmco,NetCDF_input,2010,2024,allISO,annual,sec08,H_Aviation,0,0,0,0,
CAS,80,pmco,NetCDF_input,2010,2024,allISO,annual,sec09,I_Offroad,0,0,0,0,
CAS,80,pmco,NetCDF_input,2010,2024,allISO,annual,sec10,J_Waste,0,0,0,0,
CAS,80,pmco,NetCDF_input,2010,2024,allISO,annual,sec11,K_AgriLivestock,0,0,0,0,
CAS,80,pmco,NetCDF_input,2010,2024,allISO,annual,sec12,L_AgriOther,0,0,0,0,
CAS,80,pmco,NetCDF_input,2010,2024,allISO,annual,sec13,M_Other,0,0,0,0,
CH,24,pmco,NetCDF_input,2010,2024,allISO,annual,sec01,A_PublicPower,4.83637123333301,4.83637123333301,4.83637123333301,4.83637123333301,1
CH,24,pmco,NetCDF_input,2010,2024,allISO,annual,sec02,B_Industry,827.02915730453,827.02915730453,827.02915730453,827.02915730453,1
CH,24,pmco,NetCDF_input,2010,2024,allISO,annual,sec03,C_OtherStationaryComb,286.45149663334,286.45149663334,286.45149663334,286.45149663334,1
CH,24,pmco,NetCDF_input,2010,2024,allISO,annual,sec04,D_Fugitive,0.66976139115,0.669761391150001,0.66976139115,0.66976139115,1
CH,24,pmco,NetCDF_input,2010,2024,allISO,annual,sec05,E_Solvents,151.65,151.65,151.65,151.65,1
CH,24,pmco,NetCDF_input,2010,2024,allISO,annual,sec06,F_RoadTransport,1689.66284576846,1689.66284576846,1689.66284576846,1689.66284576846,1
CH,24,pmco,NetCDF_input,2010,2024,allISO,annual,sec07,G_Shipping,0,0,0,0,
CH,24,pmco,NetCDF_input,2010,2024,allISO,annual,sec08,H_Aviation,2.8405829525549,2.8405829525549,2.8405829525549,2.8405829525549,1
CH,24,pmco,NetCDF_input,2010,2024,allISO,annual,sec09,I_Offroad,3228.57557685837,3228.57557685837,3228.57557685837,3228.57557685837,1
CH,24,pmco,NetCDF_input,2010,2024,allISO,annual,sec10,J_Waste,42.613170036157,42.613170036157,42.613170036157,42.613170036157,1
CH,24,pmco,NetCDF_input,2010,2024,allISO,annual,sec11,K_AgriLivestock,580.406735687649,580.406735687648,580.406735687649,580.406735687649,1
CH,24,pmco,NetCDF_input,2010,2024,allISO,annual,sec12,L_AgriOther,976.936748462087,976.936748462087,976.936748462087,976.936748462087,1
CH,24,pmco,NetCDF_input,2010,2024,allISO,annual,sec13,M_Other,138.695790416251,138.695790416251,138.695790416251,138.695790416251,1
CY,55,pmco,NetCDF_input,2010,2024,allISO,annual,sec01,A_PublicPower,152.03697300175,152.03697300175,152.03697300175,152.03697300175,1
CY,55,pmco,NetCDF_input,2010,2024,allISO,annual,sec02,B_Industry,1077.29159796033,1077.29159796033,1077.29159796033,1077.29159796033,1
CY,55,pmco,NetCDF_input,2010,2024,allISO,annual,sec03,C_OtherStationaryComb,2.3590559806286,2.3590559806286,2.3590559806286,2.3590559806286,1
CY,55,pmco,NetCDF_input,2010,2024,allISO,annual,sec04,D_Fugitive,0,0,0,0,
CY,55,pmco,NetCDF_input,2010,2024,allISO,annual,sec05,E_Solvents,2.09432699999999,2.09432699999999,2.09432699999999,2.09432699999999,1
CY,55,pmco,NetCDF_input,2010,2024,allISO,annual,sec06,F_RoadTransport,170.469469946409,170.469469946409,170.469469946409,170.469469946409,1
CY,55,pmco,NetCDF_input,2010,2024,allISO,annual,sec07,G_Shipping,0,0,0,0,
CY,55,pmco,NetCDF_input,2010,2024,allISO,annual,sec08,H_Aviation,0,0,0,0,
CY,55,pmco,NetCDF_input,2010,2024,allISO,annual,sec09,I_Offroad,0.800297785222399,0.800297785222399,0.800297785222399,0.800297785222399,1
CY,55,pmco,NetCDF_input,2010,2024,allISO,annual,sec10,J_Waste,0.565880203488901,0.565880203488901,0.565880203488901,0.565880203488901,1
CY,55,pmco,NetCDF_input,2010,2024,allISO,annual,sec11,K_AgriLivestock,281.614639466473,281.614639466473,281.614639466473,281.614639466473,1
CY,55,pmco,NetCDF_input,2010,2024,allISO,annual,sec12,L_AgriOther,49.9422,49.9422,49.9422,49.9422,1
CY,55,pmco,NetCDF_input,2010,2024,allISO,annual,sec13,M_Other,0,0,0,0,
CZ,46,pmco,NetCDF_input,2010,2024,allISO,annual,sec01,A_PublicPower,860.19819,860.19819,860.19819,860.19819,1
CZ,46,pmco,NetCDF_input,2010,2024,allISO,annual,sec02,B_Industry,2742.71310896981,2742.71310896982,2742.71310896981,2742.71310896981,1
CZ,46,pmco,NetCDF_input,2010,2024,allISO,annual,sec03,C_OtherStationaryComb,1444.7506866931,1444.7506866931,1444.7506866931,1444.7506866931,1
CZ,46,pmco,NetCDF_input,2010,2024,allISO,annual,sec04,D_Fugitive,2009.02937,2009.02937,2009.02937,2009.02937,1
CZ,46,pmco,NetCDF_input,2010,2024,allISO,annual,sec05,E_Solvents,67.1742257981819,67.174225798182,67.1742257981819,67.1742257981819,1
CZ,46,pmco,NetCDF_input,2010,2024,allISO,annual,sec06,F_RoadTransport,1181.70013443821,1181.70013443821,1181.70013443821,1181.70013443821,1
CZ,46,pmco,NetCDF_input,2010,2024,allISO,annual,sec07,G_Shipping,1.01419355312,1.01419355312,1.01419355312,1.01419355312,1
CZ,46,pmco,NetCDF_input,2010,2024,allISO,annual,sec08,H_Aviation,0,0,0,0,
CZ,46,pmco,NetCDF_input,2010,2024,allISO,annual,sec09,I_Offroad,87.04418013909,87.0441801390901,87.04418013909,87.04418013909,1
CZ,46,pmco,NetCDF_input,2010,2024,allISO,annual,sec10,J_Waste,48.7322913433201,48.7322913433201,48.7322913433201,48.7322913433201,1
CZ,46,pmco,NetCDF_input,2010,2024,allISO,annual,sec11,K_AgriLivestock,1083.650275,1083.650275,1083.650275,1083.650275,1
CZ,46,pmco,NetCDF_input,2010,2024,allISO,annual,sec12,L_AgriOther,6447.93570017955,6447.93570017955,6447.93570017955,6447.93570017955,1
CZ,46,pmco,NetCDF_input,2010,2024,allISO,annual,sec13,M_Other,0,0,0,0,
DE,60,pmco,NetCDF_input,2010,2024,allISO,annual,sec01,A_PublicPower,728.17071416355,728.17071416355,728.17071416355,728.17071416355,1
DE,60,pmco,NetCDF_input,2010,2024,allISO,annual,sec02,B_Industry,59782.9314574016,59782.9314574016,59782.9314574016,59782.9314574016,1
DE,60,pmco,NetCDF_input,2010,2024,allISO,annual,sec03,C_OtherStationaryComb,1832.1567740152,1832.1567740152,1832.1567740152,1832.1567740152,1
DE,60,pmco,NetCDF_input,2010,2024,allISO,annual,sec04,D_Fugitive,2567.20503043333,2567.20503043333,2567.20503043333,2567.20503043333,1
DE,60,pmco,NetCDF_input,2010,2024,allISO,annual,sec05,E_Solvents,376.78959588929,376.789595889289,376.78959588929,376.78959588929,1
DE,60,pmco,NetCDF_input,2010,2024,allISO,annual,sec06,F_RoadTransport,9164.32631448641,9164.32631448642,9164.32631448641,9164.32631448641,1
DE,60,pmco,NetCDF_input,2010,2024,allISO,annual,sec07,G_Shipping,61.21603425816,61.21603425816,61.21603425816,61.21603425816,1
DE,60,pmco,NetCDF_input,2010,2024,allISO,annual,sec08,H_Aviation,0,0,0,0,
DE,60,pmco,NetCDF_input,2010,2024,allISO,annual,sec09,I_Offroad,3971.36155275131,3971.36155275129,3971.36155275131,3971.36155275131,1
DE,60,pmco,NetCDF_input,2010,2024,allISO,annual,sec10,J_Waste,142.299279599992,142.299279599992,142.299279599992,142.299279599992,1
DE,60,pmco,NetCDF_input,2010,2024,allISO,annual,sec11,K_AgriLivestock,9241.6407747961,9241.64077479611,9241.6407747961,9241.6407747961,1
DE,60,pmco,NetCDF_input,2010,2024,allISO,annual,sec12,L_AgriOther,20243.4406077786,20243.4406077786,20243.4406077786,20243.4406077786,1
DE,60,pmco,NetCDF_input,2010,2024,allISO,annual,sec13,M_Other,0,0,0,0,
DK,6,pmco,NetCDF_input,2010,2024,allISO,annual,sec01,A_PublicPower,122.173468066286,122.173468066286,122.173468066286,122.173468066286,1
DK,6,pmco,NetCDF_input,2010,2024,allISO,annual,sec02,B_Industry,2412.1376911578,2412.1376911578,2412.1376911578,2412.1376911578,1
DK,6,pmco,NetCDF_input,2010,2024,allISO,annual,sec03,C_OtherStationaryComb,247.068958016701,247.068958016701,247.068958016701,247.068958016701,1
DK,6,pmco,NetCDF_input,2010,2024,allISO,annual,sec04,D_Fugitive,43.8755328000001,43.8755328000001,43.8755328000001,43.8755328000001,1
DK,6,pmco,NetCDF_input,2010,2024,allISO,annual,sec05,E_Solvents,86.02238136,86.0223813600001,86.02238136,86.02238136,1
DK,6,pmco,NetCDF_input,2010,2024,allISO,annual,sec06,F_RoadTransport,829.337238869901,829.337238869902,829.337238869901,829.337238869901,1
DK,6,pmco,NetCDF_input,2010,2024,allISO,annual,sec07,G_Shipping,2.05770345908302,2.05770345908302,2.05770345908302,2.05770345908302,1
DK,6,pmco,NetCDF_input,2010,2024,allISO,annual,sec08,H_Aviation,0.2572625021012,0.2572625021012,0.2572625021012,0.2572625021012,1
DK,6,pmco,NetCDF_input,2010,2024,allISO,annual,sec09,I_Offroad,432.849700091669,432.849700091669,432.849700091669,432.849700091669,1
DK,6,pmco,NetCDF_input,2010,2024,allISO,annual,sec10,J_Waste,8.26280427726,8.26280427726001,8.26280427726,8.26280427726,1
DK,6,pmco,NetCDF_input,2010,2024,allISO,annual,sec11,K_AgriLivestock,1997.63477301557,1997.63477301557,1997.63477301557,1997.63477301557,1
DK,6,pmco,NetCDF_input,2010,2024,allISO,annual,sec12,L_AgriOther,5223.3229055,5223.3229055,5223.3229055,5223.3229055,1
DK,6,pmco,NetCDF_input,2010,2024,allISO,annual,sec13,M_Other,0,0,0,0,
EE,43,pmco,NetCDF_input,2010,2024,allISO,annual,sec01,A_PublicPower,6248.561,6248.561,6248.561,6248.561,1
EE,43,pmco,NetCDF_input,2010,2024,allISO,annual,sec02,B_Industry,2562.04711,2562.04711,2562.04711,2562.04711,1
EE,43,pmco,NetCDF_input,2010,2024,allISO,annual,sec03,C_OtherStationaryComb,117.567,117.567,117.567,117.567,1
EE,43,pmco,NetCDF_input,2010,2024,allISO,annual,sec04,D_Fugitive,45.8030000000001,45.8030000000001,45.8030000000001,45.8030000000001,1
EE,43,pmco,NetCDF_input,2010,2024,allISO,annual,sec05,E_Solvents,13.46,13.46,13.46,13.46,1
EE,43,pmco,NetCDF_input,2010,2024,allISO,annual,sec06,F_RoadTransport,493.223000000002,493.223000000002,493.223000000002,493.223000000002,1
EE,43,pmco,NetCDF_input,2010,2024,allISO,annual,sec07,G_Shipping,0.800000000000001,0.8,0.800000000000001,0.800000000000001,1
EE,43,pmco,NetCDF_input,2010,2024,allISO,annual,sec08,H_Aviation,0,0,0,0,
EE,43,pmco,NetCDF_input,2010,2024,allISO,annual,sec09,I_Offroad,5.343,5.34299999999999,5.343,5.343,1
EE,43,pmco,NetCDF_input,2010,2024,allISO,annual,sec10,J_Waste,2.8401,2.8401,2.8401,2.8401,1
EE,43,pmco,NetCDF_input,2010,2024,allISO,annual,sec11,K_AgriLivestock,163.615,163.615,163.615,163.615,1
EE,43,pmco,NetCDF_input,2010,2024,allISO,annual,sec12,L_AgriOther,1137.644,1137.644,1137.644,1137.644,1
EE,43,pmco,NetCDF_input,2010,2024,allISO,annual,sec13,M_Other,0,0,0,0,
ES,22,pmco,NetCDF_input,2010,2024,allISO,annual,sec01,A_PublicPower,666.234149177612,666.234149177611,666.234149177612,666.234149177612,1
ES,22,pmco,NetCDF_input,2010,2024,allISO,annual,sec02,B_Industry,29894.1942957351,29894.194295735,29894.1942957351,29894.1942957351,1
ES,22,pmco,NetCDF_input,2010,2024,allISO,annual,sec03,C_OtherStationaryComb,2207.192459,2207.192459,2207.192459,2207.192459,1
ES,22,pmco,NetCDF_input,2010,2024,allISO,annual,sec04,D_Fugitive,629.356129729999,629.35612973,629.356129729999,629.356129729999,1
ES,22,pmco,NetCDF_input,2010,2024,allISO,annual,sec05,E_Solvents,219.43876,219.43876,219.43876,219.43876,1
ES,22,pmco,NetCDF_input,2010,2024,allISO,annual,sec06,F_RoadTransport,4335.98244700001,4335.98244700001,4335.98244700001,4335.98244700001,1
ES,22,pmco,NetCDF_input,2010,2024,allISO,annual,sec07,G_Shipping,118.217383,118.217383,118.217383,118.217383,1
ES,22,pmco,NetCDF_input,2010,2024,allISO,annual,sec08,H_Aviation,0,0,0,0,
ES,22,pmco,NetCDF_input,2010,2024,allISO,annual,sec09,I_Offroad,71.7466810000006,71.7466810000008,71.7466810000006,71.7466810000006,1
ES,22,pmco,NetCDF_input,2010,2024,allISO,annual,sec10,J_Waste,2885.39717800001,2885.39717800001,2885.39717800001,2885.39717800001,1
ES,22,pmco,NetCDF_input,2010,2024,allISO,annual,sec11,K_AgriLivestock,8970.86481599999,8970.86481600001,8970.86481599999,8970.86481599999,1
ES,22,pmco,NetCDF_input,2010,2024,allISO,annual,sec12,L_AgriOther,42369.648856,42369.648856,42369.648856,42369.648856,1
ES,22,pmco,NetCDF_input,2010,2024,allISO,annual,sec13,M_Other,0,0,0,0,
FI,7,pmco,NetCDF_input,2010,2024,allISO,annual,sec01,A_PublicPower,1439.69368910007,1439.69368910007,1439.69368910007,1439.69368910007,1
FI,7,pmco,NetCDF_input,2010,2024,allISO,annual,sec02,B_Industry,2305.36283655016,2305.36283655018,2305.36283655016,2305.36283655016,1
FI,7,pmco,NetCDF_input,2010,2024,allISO,annual,sec03,C_OtherStationaryComb,1230.665006441,1230.665006441,1230.665006441,1230.665006441,1
FI,7,pmco,NetCDF_input,2010,2024,allISO,annual,sec04,D_Fugitive,611.950212090811,611.950212090797,611.950212090811,611.950212090811,1
FI,7,pmco,NetCDF_input,2010,2024,allISO,annual,sec05,E_Solvents,10.0250438715398,10.0250438715399,10.0250438715398,10.0250438715398,1
FI,7,pmco,NetCDF_input,2010,2024,allISO,annual,sec06,F_RoadTransport,5623.55425511953,5623.55425511953,5623.55425511953,5623.55425511953,1
FI,7,pmco,NetCDF_input,2010,2024,allISO,annual,sec07,G_Shipping,22.5560144914302,22.5560144914303,22.5560144914302,22.5560144914302,1
FI,7,pmco,NetCDF_input,2010,2024,allISO,annual,sec08,H_Aviation,0,0,0,0,
FI,7,pmco,NetCDF_input,2010,2024,allISO,annual,sec09,I_Offroad,5.47105683909004,5.47105683909007,5.47105683909004,5.47105683909004,1
FI,7,pmco,NetCDF_input,2010,2024,allISO,annual,sec10,J_Waste,0.74137367999999,0.74137367999999,0.74137367999999,0.74137367999999,1
FI,7,pmco,NetCDF_input,2010,2024,allISO,annual,sec11,K_AgriLivestock,403.552156233999,403.552156234001,403.552156233999,403.552156233999,1
FI,7,pmco,NetCDF_input,2010,2024,allISO,annual,sec12,L_AgriOther,3585.0907484,3585.09074839999,3585.0907484,3585.0907484,1
FI,7,pmco,NetCDF_input,2010,2024,allISO,annual,sec13,M_Other,0,0,0,0,
FR,8,pmco,NetCDF_input,2010,2024,allISO,annual,sec01,A_PublicPower,1423.0214215147,1423.0214215147,1423.0214215147,1423.0214215147,1
FR,8,pmco,NetCDF_input,2010,2024,allISO,annual,sec02,B_Industry,32841.2609335818,32841.2609335817,32841.2609335818,32841.2609335818,1
FR,8,pmco,NetCDF_input,2010,2024,allISO,annual,sec03,C_OtherStationaryComb,4020.727394848,4020.727394848,4020.727394848,4020.727394848,1
FR,8,pmco,NetCDF_input,2010,2024,allISO,annual,sec04,D_Fugitive,199.366837998652,199.366837998652,199.366837998652,199.366837998652,1
FR,8,pmco,NetCDF_input,2010,2024,allISO,annual,sec05,E_Solvents,200.091017367055,200.091017367056,200.091017367055,200.091017367055,1
FR,8,pmco,NetCDF_input,2010,2024,allISO,annual,sec06,F_RoadTransport,7434.83228741688,7434.83228741691,7434.83228741688,7434.83228741688,1
FR,8,pmco,NetCDF_input,2010,2024,allISO,annual,sec07,G_Shipping,32.4307818243291,32.430781824329,32.4307818243291,32.4307818243291,1
FR,8,pmco,NetCDF_input,2010,2024,allISO,annual,sec08,H_Aviation,56.06825664,56.06825664,56.06825664,56.06825664,1
FR,8,pmco,NetCDF_input,2010,2024,allISO,annual,sec09,I_Offroad,2762.64099740868,2762.64099740868,2762.64099740868,2762.64099740868,1
FR,8,pmco,NetCDF_input,2010,2024,allISO,annual,sec10,J_Waste,230.378959468602,230.378959468602,230.378959468602,230.378959468602,1
FR,8,pmco,NetCDF_input,2010,2024,allISO,annual,sec11,K_AgriLivestock,14899.272482097,14899.272482097,14899.272482097,14899.272482097,1
FR,8,pmco,NetCDF_input,2010,2024,allISO,annual,sec12,L_AgriOther,25098.3504780872,25098.3504780872,25098.3504780872,25098.3504780872,1
FR,8,pmco,NetCDF_input,2010,2024,allISO,annual,sec13,M_Other,0,0,0,0,
GB,27,pmco,NetCDF_input,2010,2024,allISO,annual,sec01,A_PublicPower,0,0,0,0,
GB,27,pmco,NetCDF_input,2010,2024,allISO,annual,sec02,B_Industry,0,0,0,0,
GB,27,pmco,NetCDF_input,2010,2024,allISO,annual,sec03,C_OtherStationaryComb,0,0,0,0,
GB,27,pmco,NetCDF_input,2010,2024,allISO,annual,sec04,D_Fugitive,0,0,0,0,
GB,27,pmco,NetCDF_input,2010,2024,allISO,annual,sec05,E_Solvents,0,0,0,0,
GB,27,pmco,NetCDF_input,2010,2024,allISO,annual,sec06,F_RoadTransport,0,0,0,0,
GB,27,pmco,NetCDF_input,2010,2024,allISO,annual,sec07,G_Shipping,0,0,0,0,
GB,27,pmco,NetCDF_input,2010,2024,allISO,annual,sec08,H_Aviation,0,0,0,0,
GB,27,pmco,NetCDF_input,2010,2024,allISO,annual,sec09,I_Offroad,0,0,0,0,
GB,27,pmco,NetCDF_input,2010,2024,allISO,annual,sec10,J_Waste,0,0,0,0,
GB,27,pmco,NetCDF_input,2010,2024,allISO,annual,sec11,K_AgriLivestock,0,0,0,0,
GB,27,pmco,NetCDF_input,2010,2024,allISO,annual,sec12,L_AgriOther,0,0,0,0,
GB,27,pmco,NetCDF_input,2010,2024,allISO,annual,sec13,M_Other,0,0,0,0,
GE,54,pmco,NetCDF_input,2010,2024,allISO,annual,sec01,A_PublicPower,8.85000000000002,8.85000000000002,8.85000000000002,8.85000000000002,1
GE,54,pmco,NetCDF_input,2010,2024,allISO,annual,sec02,B_Industry,568.060000000001,568.060000000001,568.060000000001,568.060000000001,1
GE,54,pmco,NetCDF_input,2010,2024,allISO,annual,sec03,C_OtherStationaryComb,353.859999999999,353.859999999999,353.859999999999,353.859999999999,1
GE,54,pmco,NetCDF_input,2010,2024,allISO,annual,sec04,D_Fugitive,10.55,10.55,10.55,10.55,1
GE,54,pmco,NetCDF_input,2010,2024,allISO,annual,sec05,E_Solvents,0,0,0,0,
GE,54,pmco,NetCDF_input,2010,2024,allISO,annual,sec06,F_RoadTransport,207.31,207.31,207.31,207.31,1
GE,54,pmco,NetCDF_input,2010,2024,allISO,annual,sec07,G_Shipping,0,0,0,0,
GE,54,pmco,NetCDF_input,2010,2024,allISO,annual,sec08,H_Aviation,0.06,0.06,0.06,0.06,1
GE,54,pmco,NetCDF_input,2010,2024,allISO,annual,sec09,I_Offroad,3.55999999999999,3.55999999999999,3.55999999999999,3.55999999999999,1
GE,54,pmco,NetCDF_input,2010,2024,allISO,annual,sec10,J_Waste,293.7,293.7,293.7,293.7,1
GE,54,pmco,NetCDF_input,2010,2024,allISO,annual,sec11,K_AgriLivestock,772.05,772.050000000001,772.05,772.05,1
GE,54,pmco,NetCDF_input,2010,2024,allISO,annual,sec12,L_AgriOther,649.65,649.65,649.65,649.65,1
GE,54,pmco,NetCDF_input,2010,2024,allISO,annual,sec13,M_Other,0,0,0,0,
GR,11,pmco,NetCDF_input,2010,2024,allISO,annual,sec01,A_PublicPower,7751.92169837258,7751.92169837258,7751.92169837258,7751.92169837258,1
GR,11,pmco,NetCDF_input,2010,2024,allISO,annual,sec02,B_Industry,22663.6111877876,22663.6111877876,22663.6111877876,22663.6111877876,1
GR,11,pmco,NetCDF_input,2010,2024,allISO,annual,sec03,C_OtherStationaryComb,364.613449238,364.613449238,364.613449238,364.613449238,1
GR,11,pmco,NetCDF_input,2010,2024,allISO,annual,sec04,D_Fugitive,2017.76400000001,2017.764,2017.76400000001,2017.76400000001,1
GR,11,pmco,NetCDF_input,2010,2024,allISO,annual,sec05,E_Solvents,236.174532094,236.174532094,236.174532094,236.174532094,1
GR,11,pmco,NetCDF_input,2010,2024,allISO,annual,sec06,F_RoadTransport,1075.65604455036,1075.65604455037,1075.65604455036,1075.65604455036,1
GR,11,pmco,NetCDF_input,2010,2024,allISO,annual,sec07,G_Shipping,200.69712972742,200.69712972742,200.69712972742,200.69712972742,1
GR,11,pmco,NetCDF_input,2010,2024,allISO,annual,sec08,H_Aviation,0,0,0,0,
GR,11,pmco,NetCDF_input,2010,2024,allISO,annual,sec09,I_Offroad,2,2,2,2,1
GR,11,pmco,NetCDF_input,2010,2024,allISO,annual,sec10,J_Waste,339.44927540886,339.44927540886,339.44927540886,339.44927540886,1
GR,11,pmco,NetCDF_input,2010,2024,allISO,annual,sec11,K_AgriLivestock,1457.07914235843,1457.07914235843,1457.07914235843,1457.07914235843,1
GR,11,pmco,NetCDF_input,2010,2024,allISO,annual,sec12,L_AgriOther,5611.73031803211,5611.73031803211,5611.73031803211,5611.73031803211,1
GR,11,pmco,NetCDF_input,2010,2024,allISO,annual,sec13,M_Other,0,0,0,0,
HR,49,pmco,NetCDF_input,2010,2024,allISO,annual,sec01,A_PublicPower,155.468625,155.468625,155.468625,155.468625,1
HR,49,pmco,NetCDF_input,2010,2024,allISO,annual,sec02,B_Industry,9406.34232002124,9406.34232002123,9406.34232002124,9406.34232002124,1
HR,49,pmco,NetCDF_input,2010,2024,allISO,annual,sec03,C_OtherStationaryComb,806.8746696,806.8746696,806.8746696,806.8746696,1
HR,49,pmco,NetCDF_input,2010,2024,allISO,annual,sec04,D_Fugitive,399.94361773,399.943617729999,399.94361773,399.94361773,1
HR,49,pmco,NetCDF_input,2010,2024,allISO,annual,sec05,E_Solvents,33.78508,33.78508,33.78508,33.78508,1
HR,49,pmco,NetCDF_input,2010,2024,allISO,annual,sec06,F_RoadTransport,441.847614584831,441.84761458483,441.847614584831,441.847614584831,1
HR,49,pmco,NetCDF_input,2010,2024,allISO,annual,sec07,G_Shipping,6.886921457455,6.88692145745499,6.886921457455,6.886921457455,1
HR,49,pmco,NetCDF_input,2010,2024,allISO,annual,sec08,H_Aviation,0.0661626420000001,0.0661626420000001,0.0661626420000001,0.0661626420000001,1
HR,49,pmco,NetCDF_input,2010,2024,allISO,annual,sec09,I_Offroad,1.99626539999997,1.99626539999997,1.99626539999997,1.99626539999997,1
HR,49,pmco,NetCDF_input,2010,2024,allISO,annual,sec10,J_Waste,15.9631728308,15.9631728308,15.9631728308,15.9631728308,1
HR,49,pmco,NetCDF_input,2010,2024,allISO,annual,sec11,K_AgriLivestock,682.977798463014,682.977798463014,682.977798463014,682.977798463014,1
HR,49,pmco,NetCDF_input,2010,2024,allISO,annual,sec12,L_AgriOther,2026.26709677,2026.26709677,2026.26709677,2026.26709677,1
HR,49,pmco,NetCDF_input,2010,2024,allISO,annual,sec13,M_Other,0,0,0,0,
HU,12,pmco,NetCDF_input,2010,2024,allISO,annual,sec01,A_PublicPower,144.484362818153,144.484362818153,144.484362818153,144.484362818153,1
HU,12,pmco,NetCDF_input,2010,2024,allISO,annual,sec02,B_Industry,9651.51827476558,9651.51827476559,9651.51827476558,9651.51827476558,1
HU,12,pmco,NetCDF_input,2010,2024,allISO,annual,sec03,C_OtherStationaryComb,1022.7704,1022.7704,1022.7704,1022.7704,1
HU,12,pmco,NetCDF_input,2010,2024,allISO,annual,sec04,D_Fugitive,441.733336956899,441.733336956899,441.733336956899,441.733336956899,1
HU,12,pmco,NetCDF_input,2010,2024,allISO,annual,sec05,E_Solvents,31.06229976843,31.0622997684301,31.06229976843,31.06229976843,1
HU,12,pmco,NetCDF_input,2010,2024,allISO,annual,sec06,F_RoadTransport,846.81042413612,846.810424136119,846.81042413612,846.81042413612,1
HU,12,pmco,NetCDF_input,2010,2024,allISO,annual,sec07,G_Shipping,0.66666666666667,0.66666666666667,0.66666666666667,0.66666666666667,1
HU,12,pmco,NetCDF_input,2010,2024,allISO,annual,sec08,H_Aviation,0,0,0,0,
HU,12,pmco,NetCDF_input,2010,2024,allISO,annual,sec09,I_Offroad,5.50664920900001,5.50664920900001,5.50664920900001,5.50664920900001,1
HU,12,pmco,NetCDF_input,2010,2024,allISO,annual,sec10,J_Waste,132.0997729121,132.0997729121,132.0997729121,132.0997729121,1
HU,12,pmco,NetCDF_input,2010,2024,allISO,annual,sec11,K_AgriLivestock,2773.40071142172,2773.40071142172,2773.40071142172,2773.40071142172,1
HU,12,pmco,NetCDF_input,2010,2024,allISO,annual,sec12,L_AgriOther,6337.48252763998,6337.48252763999,6337.48252763998,6337.48252763998,1
HU,12,pmco,NetCDF_input,2010,2024,allISO,annual,sec13,M_Other,0,0,0,0,
IE,14,pmco,NetCDF_input,2010,2024,allISO,annual,sec01,A_PublicPower,0,0,0,0,
IE,14,pmco,NetCDF_input,2010,2024,allISO,annual,sec02,B_Industry,0,0,0,0,
IE,14,pmco,NetCDF_input,2010,2024,allISO,annual,sec03,C_OtherStationaryComb,0,0,0,0,
IE,14,pmco,NetCDF_input,2010,2024,allISO,annual,sec04,D_Fugitive,0,0,0,0,
IE,14,pmco,NetCDF_input,2010,2024,allISO,annual,sec05,E_Solvents,0,0,0,0,
IE,14,pmco,NetCDF_input,2010,2024,allISO,annual,sec06,F_RoadTransport,0,0,0,0,
IE,14,pmco,NetCDF_input,2010,2024,allISO,annual,sec07,G_Shipping,2.48021693498399,2.48021693498399,2.48021693498399,2.48021693498399,1
IE,14,pmco,NetCDF_input,2010,2024,allISO,annual,sec08,H_Aviation,0,0,0,0,
IE,14,pmco,NetCDF_input,2010,2024,allISO,annual,sec09,I_Offroad,0.395452471086477,0.395452471086477,0.395452471086477,0.395452471086477,1
IE,14,pmco,NetCDF_input,2010,2024,allISO,annual,sec10,J_Waste,0,0,0,0,
IE,14,pmco,NetCDF_input,2010,2024,allISO,annual,sec11,K_AgriLivestock,0,0,0,0,
IE,14,pmco,NetCDF_input,2010,2024,allISO,annual,sec12,L_AgriOther,0,0,0,0,
IE,14,pmco,NetCDF_input,2010,2024,allISO,annual,sec13,M_Other,0,0,0,0,
IS,13,pmco,NetCDF_input,2010,2024,allISO,annual,sec01,A_PublicPower,36.5809884,36.5809884,36.5809884,36.5809884,1
IS,13,pmco,NetCDF_input,2010,2024,allISO,annual,sec02,B_Industry,2152.81581404378,2152.81581404378,2152.81581404378,2152.81581404378,1
IS,13,pmco,NetCDF_input,2010,2024,allISO,annual,sec03,C_OtherStationaryComb,1.60751250000001,1.60751250000001,1.60751250000001,1.60751250000001,1
IS,13,pmco,NetCDF_input,2010,2024,allISO,annual,sec04,D_Fugitive,0,0,0,0,
IS,13,pmco,NetCDF_input,2010,2024,allISO,annual,sec05,E_Solvents,23.5320788800001,23.53207888,23.5320788800001,23.5320788800001,1
IS,13,pmco,NetCDF_input,2010,2024,allISO,annual,sec06,F_RoadTransport,169.902829327609,169.902829327608,169.902829327609,169.902829327609,1
IS,13,pmco,NetCDF_input,2010,2024,allISO,annual,sec07,G_Shipping,0,0,0,0,
IS,13,pmco,NetCDF_input,2010,2024,allISO,annual,sec08,H_Aviation,0,0,0,0,
IS,13,pmco,NetCDF_input,2010,2024,allISO,annual,sec09,I_Offroad,0,0,0,0,
IS,13,pmco,NetCDF_input,2010,2024,allISO,annual,sec10,J_Waste,8.90437892538121,8.9043789253812,8.90437892538121,8.90437892538121,1
IS,13,pmco,NetCDF_input,2010,2024,allISO,annual,sec11,K_AgriLivestock,61.531443384274,61.5314433842739,61.531443384274,61.531443384274,1
IS,13,pmco,NetCDF_input,2010,2024,allISO,annual,sec12,L_AgriOther,63.5660356900909,63.5660356900909,63.5660356900909,63.5660356900909,1
IS,13,pmco,NetCDF_input,2010,2024,allISO,annual,sec13,M_Other,0,0,0,0,
IT,15,pmco,NetCDF_input,2010,2024,allISO,annual,sec01,A_PublicPower,721.485640874495,721.485640874495,721.485640874495,721.485640874495,1
IT,15,pmco,NetCDF_input,2010,2024,allISO,annual,sec02,B_Industry,64061.0932060164,64061.0932060164,64061.0932060164,64061.0932060164,1
IT,15,pmco,NetCDF_input,2010,2024,allISO,annual,sec03,C_OtherStationaryComb,1356.46208481,1356.46208481,1356.46208481,1356.46208481,1
IT,15,pmco,NetCDF_input,2010,2024,allISO,annual,sec04,D_Fugitive,987.492515454545,987.492515454545,987.492515454545,987.492515454545,1
IT,15,pmco,NetCDF_input,2010,2024,allISO,annual,sec05,E_Solvents,1558.465534213,1558.465534213,1558.465534213,1558.465534213,1
IT,15,pmco,NetCDF_input,2010,2024,allISO,annual,sec06,F_RoadTransport,7696.78511655669,7696.78511655669,7696.78511655669,7696.78511655669,1
IT,15,pmco,NetCDF_input,2010,2024,allISO,annual,sec07,G_Shipping,35.212408690489,35.212408690489,35.212408690489,35.212408690489,1
IT,15,pmco,NetCDF_input,2010,2024,allISO,annual,sec08,H_Aviation,0,0,0,0,
IT,15,pmco,NetCDF_input,2010,2024,allISO,annual,sec09,I_Offroad,4.30175454545001,4.30175454545001,4.30175454545001,4.30175454545001,1
IT,15,pmco,NetCDF_input,2010,2024,allISO,annual,sec10,J_Waste,85.0274309159707,85.0274309159707,85.0274309159707,85.0274309159707,1
IT,15,pmco,NetCDF_input,2010,2024,allISO,annual,sec11,K_AgriLivestock,7781.88918754153,7781.88918754153,7781.88918754153,7781.88918754153,1
IT,15,pmco,NetCDF_input,2010,2024,allISO,annual,sec12,L_AgriOther,9881.82211739451,9881.82211739452,9881.82211739451,9881.82211739451,1
IT,15,pmco,NetCDF_input,2010,2024,allISO,annual,sec13,M_Other,0,0,0,0,
KG,68,pmco,NetCDF_input,2010,2024,allISO,annual,sec01,A_PublicPower,124.122,124.122,124.122,124.122,1
KG,68,pmco,NetCDF_input,2010,2024,allISO,annual,sec02,B_Industry,821.04692,821.04692,821.04692,821.04692,1
KG,68,pmco,NetCDF_input,2010,2024,allISO,annual,sec03,C_OtherStationaryComb,245.917,245.917,245.917,245.917,1
KG,68,pmco,NetCDF_input,2010,2024,allISO,annual,sec04,D_Fugitive,1573.775,1573.775,1573.775,1573.775,1
KG,68,pmco,NetCDF_input,2010,2024,allISO,annual,sec05,E_Solvents,0,0,0,0,
KG,68,pmco,NetCDF_input,2010,2024,allISO,annual,sec06,F_RoadTransport,66.4652,66.4652,66.4652,66.4652,1
KG,68,pmco,NetCDF_input,2010,2024,allISO,annual,sec07,G_Shipping,0,0,0,0,
KG,68,pmco,NetCDF_input,2010,2024,allISO,annual,sec08,H_Aviation,0,0,0,0,
KG,68,pmco,NetCDF_input,2010,2024,allISO,annual,sec09,I_Offroad,0,0,0,0,
KG,68,pmco,NetCDF_input,2010,2024,allISO,annual,sec10,J_Waste,0.207,0.207,0.207,0.207,1
KG,68,pmco,NetCDF_input,2010,2024,allISO,annual,sec11,K_AgriLivestock,632.734848999999,632.734849,632.734848999999,632.734848999999,1
KG,68,pmco,NetCDF_input,2010,2024,allISO,annual,sec12,L_AgriOther,15976.5,15976.5,15976.5,15976.5,1
KG,68,pmco,NetCDF_input,2010,2024,allISO,annual,sec13,M_Other,0,0,0,0,
KZ,53,pmco,NetCDF_input,2010,2024,allISO,annual,sec01,A_PublicPower,62821.02,62821.02,62821.02,62821.02,1
KZ,53,pmco,NetCDF_input,2010,2024,allISO,annual,sec02,B_Industry,40722.7300000001,40722.7300000001,40722.7300000001,40722.7300000001,1
KZ,53,pmco,NetCDF_input,2010,2024,allISO,annual,sec03,C_OtherStationaryComb,56920.5199999986,56920.5199999997,56920.5199999986,56920.5199999986,1
KZ,53,pmco,NetCDF_input,2010,2024,allISO,annual,sec04,D_Fugitive,9447.07000000001,9447.07000000001,9447.07000000001,9447.07000000001,1
KZ,53,pmco,NetCDF_input,2010,2024,allISO,annual,sec05,E_Solvents,0,0,0,0,
KZ,53,pmco,NetCDF_input,2010,2024,allISO,annual,sec06,F_RoadTransport,1048.21,1048.21,1048.21,1048.21,1
KZ,53,pmco,NetCDF_input,2010,2024,allISO,annual,sec07,G_Shipping,4.47,4.47,4.47,4.47,1
KZ,53,pmco,NetCDF_input,2010,2024,allISO,annual,sec08,H_Aviation,0.51,0.51,0.51,0.51,1
KZ,53,pmco,NetCDF_input,2010,2024,allISO,annual,sec09,I_Offroad,193.589999999999,193.589999999999,193.589999999999,193.589999999999,1
KZ,53,pmco,NetCDF_input,2010,2024,allISO,annual,sec10,J_Waste,1143.13,1143.13,1143.13,1143.13,1
KZ,53,pmco,NetCDF_input,2010,2024,allISO,annual,sec11,K_AgriLivestock,2622.13,2622.13000000001,2622.13,2622.13,1
KZ,53,pmco,NetCDF_input,2010,2024,allISO,annual,sec12,L_AgriOther,17084.5499999998,17084.5499999999,17084.5499999998,17084.5499999998,1
KZ,53,pmco,NetCDF_input,2010,2024,allISO,annual,sec13,M_Other,0,0,0,0,
LI,59,pmco,NetCDF_input,2010,2024,allISO,annual,sec01,A_PublicPower,0,0,0,0,
LI,59,pmco,NetCDF_input,2010,2024,allISO,annual,sec02,B_Industry,0.674233568039649,0.674233568039649,0.674233568039649,0.674233568039649,1
LI,59,pmco,NetCDF_input,2010,2024,allISO,annual,sec03,C_OtherStationaryComb,0.3391838933333,0.3391838933333,0.3391838933333,0.3391838933333,1
LI,59,pmco,NetCDF_input,2010,2024,allISO,annual,sec04,D_Fugitive,0,0,0,0,
LI,59,pmco,NetCDF_input,2010,2024,allISO,annual,sec05,E_Solvents,0.70057454952077,0.70057454952077,0.70057454952077,0.70057454952077,1
LI,59,pmco,NetCDF_input,2010,2024,allISO,annual,sec06,F_RoadTransport,3.64494632304653,3.64494632304653,3.64494632304653,3.64494632304653,1
LI,59,pmco,NetCDF_input,2010,2024,allISO,annual,sec07,G_Shipping,0,0,0,0,
LI,59,pmco,NetCDF_input,2010,2024,allISO,annual,sec08,H_Aviation,0,0,0,0,
LI,59,pmco,NetCDF_input,2010,2024,allISO,annual,sec09,I_Offroad,0,0,0,0,
LI,59,pmco,NetCDF_input,2010,2024,allISO,annual,sec10,J_Waste,0.0972650016479791,0.0972650016479791,0.0972650016479791,0.0972650016479791,1
LI,59,pmco,NetCDF_input,2010,2024,allISO,annual,sec11,K_AgriLivestock,1.34500604565937,1.34500604565937,1.34500604565937,1.34500604565937,1
LI,59,pmco,NetCDF_input,2010,2024,allISO,annual,sec12,L_AgriOther,6.58497219693314,6.58497219693314,6.58497219693314,6.58497219693314,1
LI,59,pmco,NetCDF_input,2010,2024,allISO,annual,sec13,M_Other,0.785807654952076,0.785807654952076,0.785807654952076,0.785807654952076,1
LT,45,pmco,NetCDF_input,2010,2024,allISO,annual,sec01,A_PublicPower,115.077,115.077,115.077,115.077,1
LT,45,pmco,NetCDF_input,2010,2024,allISO,annual,sec02,B_Industry,4563.23619067968,4563.23619067968,4563.23619067968,4563.23619067968,1
LT,45,pmco,NetCDF_input,2010,2024,allISO,annual,sec03,C_OtherStationaryComb,406.415999999999,406.415999999999,406.415999999999,406.415999999999,1
LT,45,pmco,NetCDF_input,2010,2024,allISO,annual,sec04,D_Fugitive,28.394,28.394,28.394,28.394,1
LT,45,pmco,NetCDF_input,2010,2024,allISO,annual,sec05,E_Solvents,20.392092,20.392092,20.392092,20.392092,1
LT,45,pmco,NetCDF_input,2010,2024,allISO,annual,sec06,F_RoadTransport,245.43190288628,245.43190288628,245.43190288628,245.43190288628,1
LT,45,pmco,NetCDF_input,2010,2024,allISO,annual,sec07,G_Shipping,0.63229118058796,0.63229118058796,0.63229118058796,0.63229118058796,1
LT,45,pmco,NetCDF_input,2010,2024,allISO,annual,sec08,H_Aviation,0,0,0,0,
LT,45,pmco,NetCDF_input,2010,2024,allISO,annual,sec09,I_Offroad,13.281369017147,13.281369017147,13.281369017147,13.281369017147,1
LT,45,pmco,NetCDF_input,2010,2024,allISO,annual,sec10,J_Waste,15.8664684500001,15.8664684500001,15.8664684500001,15.8664684500001,1
LT,45,pmco,NetCDF_input,2010,2024,allISO,annual,sec11,K_AgriLivestock,473.897999999999,473.898,473.897999999999,473.897999999999,1
LT,45,pmco,NetCDF_input,2010,2024,allISO,annual,sec12,L_AgriOther,4158.37,4158.37,4158.37,4158.37,1
LT,45,pmco,NetCDF_input,2010,2024,allISO,annual,sec13,M_Other,0,0,0,0,
LU,16,pmco,NetCDF_input,2010,2024,allISO,annual,sec01,A_PublicPower,0.18220851333435,0.18220851333435,0.18220851333435,0.18220851333435,1
LU,16,pmco,NetCDF_input,2010,2024,allISO,annual,sec02,B_Industry,125.093379018211,125.093379018211,125.093379018211,125.093379018211,1
LU,16,pmco,NetCDF_input,2010,2024,allISO,annual,sec03,C_OtherStationaryComb,14.941656593279,14.941656593279,14.941656593279,14.941656593279,1
LU,16,pmco,NetCDF_input,2010,2024,allISO,annual,sec04,D_Fugitive,0.708193923300001,0.708193923300001,0.708193923300001,0.708193923300001,1
LU,16,pmco,NetCDF_input,2010,2024,allISO,annual,sec05,E_Solvents,1.29546,1.29546,1.29546,1.29546,1
LU,16,pmco,NetCDF_input,2010,2024,allISO,annual,sec06,F_RoadTransport,281.842627567165,281.842627567165,281.842627567165,281.842627567165,1
LU,16,pmco,NetCDF_input,2010,2024,allISO,annual,sec07,G_Shipping,0,0,0,0,
LU,16,pmco,NetCDF_input,2010,2024,allISO,annual,sec08,H_Aviation,0,0,0,0,
LU,16,pmco,NetCDF_input,2010,2024,allISO,annual,sec09,I_Offroad,0,0,0,0,
LU,16,pmco,NetCDF_input,2010,2024,allISO,annual,sec10,J_Waste,1.14008697582,1.14008697582,1.14008697582,1.14008697582,1
LU,16,pmco,NetCDF_input,2010,2024,allISO,annual,sec11,K_AgriLivestock,26.4015302997014,26.4015302997014,26.4015302997014,26.4015302997014,1
LU,16,pmco,NetCDF_input,2010,2024,allISO,annual,sec12,L_AgriOther,194.069082482143,194.069082482143,194.069082482143,194.069082482143,1
LU,16,pmco,NetCDF_input,2010,2024,allISO,annual,sec13,M_Other,0,0,0,0,
LV,44,pmco,NetCDF_input,2010,2024,allISO,annual,sec01,A_PublicPower,118.7112,118.7112,118.7112,118.7112,1
LV,44,pmco,NetCDF_input,2010,2024,allISO,annual,sec02,B_Industry,3317.18562004265,3317.18562004265,3317.18562004265,3317.18562004265,1
LV,44,pmco,NetCDF_input,2010,2024,allISO,annual,sec03,C_OtherStationaryComb,450.473575947702,450.473575947702,450.473575947702,450.473575947702,1
LV,44,pmco,NetCDF_input,2010,2024,allISO,annual,sec04,D_Fugitive,0.459,0.459,0.459,0.459,1
LV,44,pmco,NetCDF_input,2010,2024,allISO,annual,sec05,E_Solvents,0.00674600000000193,0.00674600000000192,0.00674600000000193,0.00674600000000193,1
LV,44,pmco,NetCDF_input,2010,2024,allISO,annual,sec06,F_RoadTransport,222.561819520669,222.561819520669,222.561819520669,222.561819520669,1
LV,44,pmco,NetCDF_input,2010,2024,allISO,annual,sec07,G_Shipping,0.49894092727701,0.49894092727701,0.49894092727701,0.49894092727701,1
LV,44,pmco,NetCDF_input,2010,2024,allISO,annual,sec08,H_Aviation,0,0,0,0,
LV,44,pmco,NetCDF_input,2010,2024,allISO,annual,sec09,I_Offroad,7.88574334949404,7.88574334949404,7.88574334949404,7.88574334949404,1
LV,44,pmco,NetCDF_input,2010,2024,allISO,annual,sec10,J_Waste,0.113172999999966,0.113172999999966,0.113172999999966,0.113172999999966,1
LV,44,pmco,NetCDF_input,2010,2024,allISO,annual,sec11,K_AgriLivestock,222.1485,222.1485,222.1485,222.1485,1
LV,44,pmco,NetCDF_input,2010,2024,allISO,annual,sec12,L_AgriOther,1990.7378582516,1990.7378582516,1990.7378582516,1990.7378582516,1
LV,44,pmco,NetCDF_input,2010,2024,allISO,annual,sec13,M_Other,87.6707943276002,87.6707943276001,87.6707943276002,87.6707943276002,1
MC,62,pmco,NetCDF_input,2010,2024,allISO,annual,sec01,A_PublicPower,0.013635039729065,0.013635039729065,0.013635039729065,0.013635039729065,1
MC,62,pmco,NetCDF_input,2010,2024,allISO,annual,sec02,B_Industry,5.34487496533598,5.34487496533598,5.34487496533598,5.34487496533598,1
MC,62,pmco,NetCDF_input,2010,2024,allISO,annual,sec03,C_OtherStationaryComb,0,0,0,0,
MC,62,pmco,NetCDF_input,2010,2024,allISO,annual,sec04,D_Fugitive,0,0,0,0,
MC,62,pmco,NetCDF_input,2010,2024,allISO,annual,sec05,E_Solvents,0.4836384,0.4836384,0.4836384,0.4836384,1
MC,62,pmco,NetCDF_input,2010,2024,allISO,annual,sec06,F_RoadTransport,1.54214359056677,1.54214359056677,1.54214359056677,1.54214359056677,1
MC,62,pmco,NetCDF_input,2010,2024,allISO,annual,sec07,G_Shipping,0,0,0,0,
MC,62,pmco,NetCDF_input,2010,2024,allISO,annual,sec08,H_Aviation,0,0,0,0,
MC,62,pmco,NetCDF_input,2010,2024,allISO,annual,sec09,I_Offroad,0.10990984729861,0.10990984729861,0.10990984729861,0.10990984729861,1
MC,62,pmco,NetCDF_input,2010,2024,allISO,annual,sec10,J_Waste,0,0,0,0,
MC,62,pmco,NetCDF_input,2010,2024,allISO,annual,sec11,K_AgriLivestock,0,0,0,0,
MC,62,pmco,NetCDF_input,2010,2024,allISO,annual,sec12,L_AgriOther,0,0,0,0,
MC,62,pmco,NetCDF_input,2010,2024,allISO,annual,sec13,M_Other,0,0,0,0,
MD,41,pmco,NetCDF_input,2010,2024,allISO,annual,sec01,A_PublicPower,16.9894,16.9894,16.9894,16.9894,1
MD,41,pmco,NetCDF_input,2010,2024,allISO,annual,sec02,B_Industry,1145.881552,1145.881552,1145.881552,1145.881552,1
MD,41,pmco,NetCDF_input,2010,2024,allISO,annual,sec03,C_OtherStationaryComb,69.7350569999999,69.7350569999999,69.7350569999999,69.7350569999999,1
MD,41,pmco,NetCDF_input,2010,2024,allISO,annual,sec04,D_Fugitive,0.0616000000000001,0.0616,0.0616000000000001,0.0616000000000001,1
MD,41,pmco,NetCDF_input,2010,2024,allISO,annual,sec05,E_Solvents,24.6468,24.6468,24.6468,24.6468,1
MD,41,pmco,NetCDF_input,2010,2024,allISO,annual,sec06,F_RoadTransport,107.915311708103,107.915311708103,107.915311708103,107.915311708103,1
MD,41,pmco,NetCDF_input,2010,2024,allISO,annual,sec07,G_Shipping,0.00821668353306701,0.00821668353306701,0.00821668353306701,0.00821668353306701,1
MD,41,pmco,NetCDF_input,2010,2024,allISO,annual,sec08,H_Aviation,0,0,0,0,
MD,41,pmco,NetCDF_input,2010,2024,allISO,annual,sec09,I_Offroad,1.15992182541801,1.15992182541801,1.15992182541801,1.15992182541801,1
MD,41,pmco,NetCDF_input,2010,2024,allISO,annual,sec10,J_Waste,32.3195436816001,32.3195436816001,32.3195436816001,32.3195436816001,1
MD,41,pmco,NetCDF_input,2010,2024,allISO,annual,sec11,K_AgriLivestock,1122.1,1122.1,1122.1,1122.1,1
MD,41,pmco,NetCDF_input,2010,2024,allISO,annual,sec12,L_AgriOther,882.847142451,882.847142451,882.847142451,882.847142451,1
MD,41,pmco,NetCDF_input,2010,2024,allISO,annual,sec13,M_Other,0,0,0,0,
ME,73,pmco,NetCDF_input,2010,2024,allISO,annual,sec01,A_PublicPower,1592.36,1592.36,1592.36,1592.36,1
ME,73,pmco,NetCDF_input,2010,2024,allISO,annual,sec02,B_Industry,263.96,263.96,263.96,263.96,1
ME,73,pmco,NetCDF_input,2010,2024,allISO,annual,sec03,C_OtherStationaryComb,241.15,241.15,241.15,241.15,1
ME,73,pmco,NetCDF_input,2010,2024,allISO,annual,sec04,D_Fugitive,46.0300000000001,46.0300000000001,46.0300000000001,46.0300000000001,1
ME,73,pmco,NetCDF_input,2010,2024,allISO,annual,sec05,E_Solvents,0,0,0,0,
ME,73,pmco,NetCDF_input,2010,2024,allISO,annual,sec06,F_RoadTransport,63.17,63.17,63.17,63.17,1
ME,73,pmco,NetCDF_input,2010,2024,allISO,annual,sec07,G_Shipping,0,0,0,0,
ME,73,pmco,NetCDF_input,2010,2024,allISO,annual,sec08,H_Aviation,0,0,0,0,
ME,73,pmco,NetCDF_input,2010,2024,allISO,annual,sec09,I_Offroad,0.22,0.22,0.22,0.22,1
ME,73,pmco,NetCDF_input,2010,2024,allISO,annual,sec10,J_Waste,16.72,16.72,16.72,16.72,1
ME,73,pmco,NetCDF_input,2010,2024,allISO,annual,sec11,K_AgriLivestock,34.93,34.93,34.93,34.93,1
ME,73,pmco,NetCDF_input,2010,2024,allISO,annual,sec12,L_AgriOther,329.14,329.14,329.14,329.14,1
ME,73,pmco,NetCDF_input,2010,2024,allISO,annual,sec13,M_Other,0,0,0,0,
MED,33,pmco,NetCDF_input,2010,2024,allISO,annual,sec01,A_PublicPower,0,0,0,0,
MED,33,pmco,NetCDF_input,2010,2024,allISO,annual,sec02,B_Industry,0,0,0,0,
MED,33,pmco,NetCDF_input,2010,2024,allISO,annual,sec03,C_OtherStationaryComb,0,0,0,0,
MED,33,pmco,NetCDF_input,2010,2024,allISO,annual,sec04,D_Fugitive,0,0,0,0,
MED,33,pmco,NetCDF_input,2010,2024,allISO,annual,sec05,E_Solvents,0,0,0,0,
MED,33,pmco,NetCDF_input,2010,2024,allISO,annual,sec06,F_RoadTransport,0,0,0,0,
MED,33,pmco,NetCDF_input,2010,2024,allISO,annual,sec07,G_Shipping,0,0,0,0,
MED,33,pmco,NetCDF_input,2010,2024,allISO,annual,sec08,H_Aviation,0,0,0,0,
MED,33,pmco,NetCDF_input,2010,2024,allISO,annual,sec09,I_Offroad,0,0,0,0,
MED,33,pmco,NetCDF_input,2010,2024,allISO,annual,sec10,J_Waste,0,0,0,0,
MED,33,pmco,NetCDF_input,2010,2024,allISO,annual,sec11,K_AgriLivestock,0,0,0,0,
MED,33,pmco,NetCDF_input,2010,2024,allISO,annual,sec12,L_AgriOther,0,0,0,0,
MED,33,pmco,NetCDF_input,2010,2024,allISO,annual,sec13,M_Other,0,0,0,0,
MK,52,pmco,NetCDF_input,2010,2024,allISO,annual,sec01,A_PublicPower,6314.80969855795,6314.80969855795,6314.80969855795,6314.80969855795,1
MK,52,pmco,NetCDF_input,2010,2024,allISO,annual,sec02,B_Industry,3636.32049356453,3636.32049356453,3636.32049356453,3636.32049356453,1
MK,52,pmco,NetCDF_input,2010,2024,allISO,annual,sec03,C_OtherStationaryComb,172.80531713334,172.80531713334,172.80531713334,172.80531713334,1
MK,52,pmco,NetCDF_input,2010,2024,allISO,annual,sec04,D_Fugitive,226.68038234,226.68038234,226.68038234,226.68038234,1
MK,52,pmco,NetCDF_input,2010,2024,allISO,annual,sec05,E_Solvents,0.023510250000025,0.023510250000025,0.023510250000025,0.023510250000025,1
MK,52,pmco,NetCDF_input,2010,2024,allISO,annual,sec06,F_RoadTransport,79.7510104786479,79.7510104786479,79.7510104786479,79.7510104786479,1
MK,52,pmco,NetCDF_input,2010,2024,allISO,annual,sec07,G_Shipping,0,0,0,0,
MK,52,pmco,NetCDF_input,2010,2024,allISO,annual,sec08,H_Aviation,0,0,0,0,
MK,52,pmco,NetCDF_input,2010,2024,allISO,annual,sec09,I_Offroad,0.250600000000004,0.250600000000004,0.250600000000004,0.250600000000004,1
MK,52,pmco,NetCDF_input,2010,2024,allISO,annual,sec10,J_Waste,4.4308571908594,4.4308571908594,4.4308571908594,4.4308571908594,1
MK,52,pmco,NetCDF_input,2010,2024,allISO,annual,sec11,K_AgriLivestock,177.74665,177.74665,177.74665,177.74665,1
MK,52,pmco,NetCDF_input,2010,2024,allISO,annual,sec12,L_AgriOther,1681.5,1681.5,1681.5,1681.5,1
MK,52,pmco,NetCDF_input,2010,2024,allISO,annual,sec13,M_Other,0,0,0,0,
MT,57,pmco,NetCDF_input,2010,2024,allISO,annual,sec01,A_PublicPower,106.394087570622,106.394087570622,106.394087570622,106.394087570622,1
MT,57,pmco,NetCDF_input,2010,2024,allISO,annual,sec02,B_Industry,311.184078363194,311.184078363193,311.184078363194,311.184078363194,1
MT,57,pmco,NetCDF_input,2010,2024,allISO,annual,sec03,C_OtherStationaryComb,0.2018918721479,0.2018918721479,0.2018918721479,0.2018918721479,1
MT,57,pmco,NetCDF_input,2010,2024,allISO,annual,sec04,D_Fugitive,0,0,0,0,
MT,57,pmco,NetCDF_input,2010,2024,allISO,annual,sec05,E_Solvents,6.7433223735533,6.7433223735533,6.7433223735533,6.7433223735533,1
MT,57,pmco,NetCDF_input,2010,2024,allISO,annual,sec06,F_RoadTransport,46.238518263809,46.238518263809,46.238518263809,46.238518263809,1
MT,57,pmco,NetCDF_input,2010,2024,allISO,annual,sec07,G_Shipping,0.693402623655619,0.693402623655619,0.693402623655619,0.693402623655619,1
MT,57,pmco,NetCDF_input,2010,2024,allISO,annual,sec08,H_Aviation,0,0,0,0,
MT,57,pmco,NetCDF_input,2010,2024,allISO,annual,sec09,I_Offroad,0,0,0,0,
MT,57,pmco,NetCDF_input,2010,2024,allISO,annual,sec10,J_Waste,23.1018905582529,23.1018905582529,23.1018905582529,23.1018905582529,1
MT,57,pmco,NetCDF_input,2010,2024,allISO,annual,sec11,K_AgriLivestock,39.1744726602739,39.1744726602739,39.1744726602739,39.1744726602739,1
MT,57,pmco,NetCDF_input,2010,2024,allISO,annual,sec12,L_AgriOther,75.2652117120827,75.2652117120827,75.2652117120827,75.2652117120827,1
MT,57,pmco,NetCDF_input,2010,2024,allISO,annual,sec13,M_Other,0,0,0,0,
NL,17,pmco,NetCDF_input,2010,2024,allISO,annual,sec01,A_PublicPower,67.233216,67.2332160000001,67.233216,67.233216,1
NL,17,pmco,NetCDF_input,2010,2024,allISO,annual,sec02,B_Industry,4509.310338,4509.310338,4509.310338,4509.310338,1
NL,17,pmco,NetCDF_input,2010,2024,allISO,annual,sec03,C_OtherStationaryComb,442.80067,442.80067,442.80067,442.80067,1
NL,17,pmco,NetCDF_input,2010,2024,allISO,annual,sec04,D_Fugitive,0,0,0,0,
NL,17,pmco,NetCDF_input,2010,2024,allISO,annual,sec05,E_Solvents,585.356,585.356,585.356,585.356,1
NL,17,pmco,NetCDF_input,2010,2024,allISO,annual,sec06,F_RoadTransport,2136.295059,2136.295059,2136.295059,2136.295059,1
NL,17,pmco,NetCDF_input,2010,2024,allISO,annual,sec07,G_Shipping,47.3853330000001,47.385333,47.3853330000001,47.3853330000001,1
NL,17,pmco,NetCDF_input,2010,2024,allISO,annual,sec08,H_Aviation,8.70647,8.70647,8.70647,8.70647,1
NL,17,pmco,NetCDF_input,2010,2024,allISO,annual,sec09,I_Offroad,177.875153000001,177.875153,177.875153000001,177.875153000001,1
NL,17,pmco,NetCDF_input,2010,2024,allISO,annual,sec10,J_Waste,47.434305,47.434305,47.434305,47.434305,1
NL,17,pmco,NetCDF_input,2010,2024,allISO,annual,sec11,K_AgriLivestock,4725.947149,4725.947149,4725.947149,4725.947149,1
NL,17,pmco,NetCDF_input,2010,2024,allISO,annual,sec12,L_AgriOther,1054.332373,1054.332373,1054.332373,1054.332373,1
NL,17,pmco,NetCDF_input,2010,2024,allISO,annual,sec13,M_Other,0,0,0,0,
NO,18,pmco,NetCDF_input,2010,2024,allISO,annual,sec01,A_PublicPower,108.4624341,108.4624341,108.4624341,108.4624341,1
NO,18,pmco,NetCDF_input,2010,2024,allISO,annual,sec02,B_Industry,4954.47124970001,4954.47124970001,4954.47124970001,4954.47124970001,1
NO,18,pmco,NetCDF_input,2010,2024,allISO,annual,sec03,C_OtherStationaryComb,1945.62475520022,1945.62475520009,1945.62475520022,1945.62475520022,1
NO,18,pmco,NetCDF_input,2010,2024,allISO,annual,sec04,D_Fugitive,262.7184778,262.7184778,262.7184778,262.7184778,1
NO,18,pmco,NetCDF_input,2010,2024,allISO,annual,sec05,E_Solvents,144.459432300001,144.4594323,144.459432300001,144.459432300001,1
NO,18,pmco,NetCDF_input,2010,2024,allISO,annual,sec06,F_RoadTransport,10494.4008655001,10494.4008655,10494.4008655001,10494.4008655001,1
NO,18,pmco,NetCDF_input,2010,2024,allISO,annual,sec07,G_Shipping,81.0726125000006,81.0726124999999,81.0726125000006,81.0726125000006,1
NO,18,pmco,NetCDF_input,2010,2024,allISO,annual,sec08,H_Aviation,0,0,0,0,
NO,18,pmco,NetCDF_input,2010,2024,allISO,annual,sec09,I_Offroad,47.4102858999997,47.4102859,47.4102858999997,47.4102858999997,1
NO,18,pmco,NetCDF_input,2010,2024,allISO,annual,sec10,J_Waste,1.24186129999998,1.24186129999998,1.24186129999998,1.24186129999998,1
NO,18,pmco,NetCDF_input,2010,2024,allISO,annual,sec11,K_AgriLivestock,619.8112245,619.8112245,619.8112245,619.8112245,1
NO,18,pmco,NetCDF_input,2010,2024,allISO,annual,sec12,L_AgriOther,544.3518653,544.3518653,544.3518653,544.3518653,1
NO,18,pmco,NetCDF_input,2010,2024,allISO,annual,sec13,M_Other,0,0,0,0,
NOA,63,pmco,NetCDF_input,2010,2024,allISO,annual,sec01,A_PublicPower,6901.734601083,6901.734601083,6901.734601083,6901.734601083,1
NOA,63,pmco,NetCDF_input,2010,2024,allISO,annual,sec02,B_Industry,22146.3032800045,22146.3032800044,22146.3032800045,22146.3032800045,1
NOA,63,pmco,NetCDF_input,2010,2024,allISO,annual,sec03,C_OtherStationaryComb,46889.8180814989,46889.8180814986,46889.8180814989,46889.8180814989,1
NOA,63,pmco,NetCDF_input,2010,2024,allISO,annual,sec04,D_Fugitive,6.76189955894432,6.76189955894431,6.76189955894432,6.76189955894432,1
NOA,63,pmco,NetCDF_input,2010,2024,allISO,annual,sec05,E_Solvents,0,0,0,0,
NOA,63,pmco,NetCDF_input,2010,2024,allISO,annual,sec06,F_RoadTransport,3912.11252796071,3912.1125279607,3912.11252796071,3912.11252796071,1
NOA,63,pmco,NetCDF_input,2010,2024,allISO,annual,sec07,G_Shipping,0,0,0,0,
NOA,63,pmco,NetCDF_input,2010,2024,allISO,annual,sec08,H_Aviation,0,0,0,0,
NOA,63,pmco,NetCDF_input,2010,2024,allISO,annual,sec09,I_Offroad,3.22145917563988,3.22145917563988,3.22145917563988,3.22145917563988,1
NOA,63,pmco,NetCDF_input,2010,2024,allISO,annual,sec10,J_Waste,200.946417254406,200.946417254406,200.946417254406,200.946417254406,1
NOA,63,pmco,NetCDF_input,2010,2024,allISO,annual,sec11,K_AgriLivestock,21817.1219018546,21817.1219018547,21817.1219018546,21817.1219018546,1
NOA,63,pmco,NetCDF_input,2010,2024,allISO,annual,sec12,L_AgriOther,556.301455064841,556.301455064842,556.301455064841,556.301455064841,1
NOA,63,pmco,NetCDF_input,2010,2024,allISO,annual,sec13,M_Other,0,0,0,0,
NOS,31,pmco,NetCDF_input,2010,2024,allISO,annual,sec01,A_PublicPower,0,0,0,0,
NOS,31,pmco,NetCDF_input,2010,2024,allISO,annual,sec02,B_Industry,0,0,0,0,
NOS,31,pmco,NetCDF_input,2010,2024,allISO,annual,sec03,C_OtherStationaryComb,0,0,0,0,
NOS,31,pmco,NetCDF_input,2010,2024,allISO,annual,sec04,D_Fugitive,0,0,0,0,
NOS,31,pmco,NetCDF_input,2010,2024,allISO,annual,sec05,E_Solvents,0,0,0,0,
NOS,31,pmco,NetCDF_input,2010,2024,allISO,annual,sec06,F_RoadTransport,0,0,0,0,
NOS,31,pmco,NetCDF_input,2010,2024,allISO,annual,sec07,G_Shipping,0,0,0,0,
NOS,31,pmco,NetCDF_input,2010,2024,allISO,annual,sec08,H_Aviation,0,0,0,0,
NOS,31,pmco,NetCDF_input,2010,2024,allISO,annual,sec09,I_Offroad,0,0,0,0,
NOS,31,pmco,NetCDF_input,2010,2024,allISO,annual,sec10,J_Waste,0,0,0,0,
NOS,31,pmco,NetCDF_input,2010,2024,allISO,annual,sec11,K_AgriLivestock,0,0,0,0,
NOS,31,pmco,NetCDF_input,2010,2024,allISO,annual,sec12,L_AgriOther,0,0,0,0,
NOS,31,pmco,NetCDF_input,2010,2024,allISO,annual,sec13,M_Other,0,0,0,0,
PL,19,pmco,NetCDF_input,2010,2024,allISO,annual,sec01,A_PublicPower,12104.4174423317,12104.4174423317,12104.4174423317,12104.4174423317,1
PL,19,pmco,NetCDF_input,2010,2024,allISO,annual,sec02,B_Industry,21802.9225198905,21802.9225198906,21802.9225198905,21802.9225198905,1
PL,19,pmco,NetCDF_input,2010,2024,allISO,annual,sec03,C_OtherStationaryComb,38774.392639325,38774.392639325,38774.392639325,38774.392639325,1
PL,19,pmco,NetCDF_input,2010,2024,allISO,annual,sec04,D_Fugitive,10128.3663,10128.3663,10128.3663,10128.3663,1
PL,19,pmco,NetCDF_input,2010,2024,allISO,annual,sec05,E_Solvents,0.310769866580074,0.310769866580074,0.310769866580074,0.310769866580074,1
PL,19,pmco,NetCDF_input,2010,2024,allISO,annual,sec06,F_RoadTransport,3805.08675738449,3805.08675738449,3805.08675738449,3805.08675738449,1
PL,19,pmco,NetCDF_input,2010,2024,allISO,annual,sec07,G_Shipping,0.35180185879999,0.35180185879999,0.35180185879999,0.35180185879999,1
PL,19,pmco,NetCDF_input,2010,2024,allISO,annual,sec08,H_Aviation,0,0,0,0,
PL,19,pmco,NetCDF_input,2010,2024,allISO,annual,sec09,I_Offroad,7.77000000000028,7.77000000000029,7.77000000000028,7.77000000000028,1
PL,19,pmco,NetCDF_input,2010,2024,allISO,annual,sec10,J_Waste,132.835000818341,132.835000818341,132.835000818341,132.835000818341,1
PL,19,pmco,NetCDF_input,2010,2024,allISO,annual,sec11,K_AgriLivestock,7210.19155582868,7210.19155582871,7210.19155582868,7210.19155582868,1
PL,19,pmco,NetCDF_input,2010,2024,allISO,annual,sec12,L_AgriOther,26863.4615501436,26863.4615501437,26863.4615501436,26863.4615501436,1
PL,19,pmco,NetCDF_input,2010,2024,allISO,annual,sec13,M_Other,0,0,0,0,
PT,20,pmco,NetCDF_input,2010,2024,allISO,annual,sec01,A_PublicPower,267.06968483677,267.06968483677,267.06968483677,267.06968483677,1
PT,20,pmco,NetCDF_input,2010,2024,allISO,annual,sec02,B_Industry,12075.0672704146,12075.0672704146,12075.0672704146,12075.0672704146,1
PT,20,pmco,NetCDF_input,2010,2024,allISO,annual,sec03,C_OtherStationaryComb,497.264535273002,497.264535273002,497.264535273002,497.264535273002,1
PT,20,pmco,NetCDF_input,2010,2024,allISO,annual,sec04,D_Fugitive,443.456313160001,443.456313160001,443.456313160001,443.456313160001,1
PT,20,pmco,NetCDF_input,2010,2024,allISO,annual,sec05,E_Solvents,55.91273053376,55.91273053376,55.91273053376,55.91273053376,1
PT,20,pmco,NetCDF_input,2010,2024,allISO,annual,sec06,F_RoadTransport,1077.70204579687,1077.70204579687,1077.70204579687,1077.70204579687,1
PT,20,pmco,NetCDF_input,2010,2024,allISO,annual,sec07,G_Shipping,34.093888974266,34.093888974266,34.093888974266,34.093888974266,1
PT,20,pmco,NetCDF_input,2010,2024,allISO,annual,sec08,H_Aviation,0,0,0,0,
PT,20,pmco,NetCDF_input,2010,2024,allISO,annual,sec09,I_Offroad,11.930015633875,11.930015633875,11.930015633875,11.930015633875,1
PT,20,pmco,NetCDF_input,2010,2024,allISO,annual,sec10,J_Waste,64.2025937251801,64.20259372518,64.2025937251801,64.2025937251801,1
PT,20,pmco,NetCDF_input,2010,2024,allISO,annual,sec11,K_AgriLivestock,1817.87071663334,1817.87071663334,1817.87071663334,1817.87071663334,1
PT,20,pmco,NetCDF_input,2010,2024,allISO,annual,sec12,L_AgriOther,744.959901208205,744.959901208206,744.959901208205,744.959901208205,1
PT,20,pmco,NetCDF_input,2010,2024,allISO,annual,sec13,M_Other,0,0,0,0,
RO,21,pmco,NetCDF_input,2010,2024,allISO,annual,sec01,A_PublicPower,5019.17143455016,5019.17143455016,5019.17143455016,5019.17143455016,1
RO,21,pmco,NetCDF_input,2010,2024,allISO,annual,sec02,B_Industry,10692.8419996435,10692.8419996435,10692.8419996435,10692.8419996435,1
RO,21,pmco,NetCDF_input,2010,2024,allISO,annual,sec03,C_OtherStationaryComb,2844.70543699999,2844.705437,2844.70543699999,2844.70543699999,1
RO,21,pmco,NetCDF_input,2010,2024,allISO,annual,sec04,D_Fugitive,2086.57064694,2086.57064694,2086.57064694,2086.57064694,1
RO,21,pmco,NetCDF_input,2010,2024,allISO,annual,sec05,E_Solvents,38.0139782399999,38.01397824,38.0139782399999,38.0139782399999,1
RO,21,pmco,NetCDF_input,2010,2024,allISO,annual,sec06,F_RoadTransport,1052.99993382467,1052.99993382467,1052.99993382467,1052.99993382467,1
RO,21,pmco,NetCDF_input,2010,2024,allISO,annual,sec07,G_Shipping,6.0089357758621,6.0089357758621,6.0089357758621,6.0089357758621,1
RO,21,pmco,NetCDF_input,2010,2024,allISO,annual,sec08,H_Aviation,0,0,0,0,
RO,21,pmco,NetCDF_input,2010,2024,allISO,annual,sec09,I_Offroad,10.0100000000001,10.0100000000001,10.0100000000001,10.0100000000001,1
RO,21,pmco,NetCDF_input,2010,2024,allISO,annual,sec10,J_Waste,41.44261161328,41.4426116132801,41.44261161328,41.44261161328,1
RO,21,pmco,NetCDF_input,2010,2024,allISO,annual,sec11,K_AgriLivestock,3264.38549560274,3264.38549560274,3264.38549560274,3264.38549560274,1
RO,21,pmco,NetCDF_input,2010,2024,allISO,annual,sec12,L_AgriOther,11037.7849315204,11037.7849315204,11037.7849315204,11037.7849315204,1
RO,21,pmco,NetCDF_input,2010,2024,allISO,annual,sec13,M_Other,0,0,0,0,
RS,72,pmco,NetCDF_input,2010,2024,allISO,annual,sec01,A_PublicPower,1293.2653291,1293.2653291,1293.2653291,1293.2653291,1
RS,72,pmco,NetCDF_input,2010,2024,allISO,annual,sec02,B_Industry,2897.101505,2897.101505,2897.101505,2897.101505,1
RS,72,pmco,NetCDF_input,2010,2024,allISO,annual,sec03,C_OtherStationaryComb,950.793632000001,950.793632000001,950.793632000001,950.793632000001,1
RS,72,pmco,NetCDF_input,2010,2024,allISO,annual,sec04,D_Fugitive,1506.3863376,1506.3863376,1506.3863376,1506.3863376,1
RS,72,pmco,NetCDF_input,2010,2024,allISO,annual,sec05,E_Solvents,77.2998,77.2998,77.2998,77.2998,1
RS,72,pmco,NetCDF_input,2010,2024,allISO,annual,sec06,F_RoadTransport,579.0542046905,579.054204690499,579.0542046905,579.0542046905,1
RS,72,pmco,NetCDF_input,2010,2024,allISO,annual,sec07,G_Shipping,8.4,8.4,8.4,8.4,1
RS,72,pmco,NetCDF_input,2010,2024,allISO,annual,sec08,H_Aviation,0,0,0,0,
RS,72,pmco,NetCDF_input,2010,2024,allISO,annual,sec09,I_Offroad,0.769999999999992,0.769999999999993,0.769999999999992,0.769999999999992,1
RS,72,pmco,NetCDF_input,2010,2024,allISO,annual,sec10,J_Waste,0,0,0,0,
RS,72,pmco,NetCDF_input,2010,2024,allISO,annual,sec11,K_AgriLivestock,1402.20685863014,1402.20685863014,1402.20685863014,1402.20685863014,1
RS,72,pmco,NetCDF_input,2010,2024,allISO,annual,sec12,L_AgriOther,5281.92087784011,5281.9208778401,5281.92087784011,5281.92087784011,1
RS,72,pmco,NetCDF_input,2010,2024,allISO,annual,sec13,M_Other,0,0,0,0,
RU,61,pmco,NetCDF_input,2010,2024,allISO,annual,sec01,A_PublicPower,44603.3459640201,44603.34596402,44603.3459640201,44603.3459640201,1
RU,61,pmco,NetCDF_input,2010,2024,allISO,annual,sec02,B_Industry,81837.9742781698,81837.9742781701,81837.9742781698,81837.9742781698,1
RU,61,pmco,NetCDF_input,2010,2024,allISO,annual,sec03,C_OtherStationaryComb,243.546804049601,243.546804049599,243.546804049601,243.546804049601,1
RU,61,pmco,NetCDF_input,2010,2024,allISO,annual,sec04,D_Fugitive,17256.86,17256.86,17256.86,17256.86,1
RU,61,pmco,NetCDF_input,2010,2024,allISO,annual,sec05,E_Solvents,109.878,109.878,109.878,109.878,1
RU,61,pmco,NetCDF_input,2010,2024,allISO,annual,sec06,F_RoadTransport,8139.21646969202,8139.21646969196,8139.21646969202,8139.21646969202,1
RU,61,pmco,NetCDF_input,2010,2024,allISO,annual,sec07,G_Shipping,79.4746000000001,79.4746000000002,79.4746000000001,79.4746000000001,1
RU,61,pmco,NetCDF_input,2010,2024,allISO,annual,sec08,H_Aviation,15.9732,15.9732,15.9732,15.9732,1
RU,61,pmco,NetCDF_input,2010,2024,allISO,annual,sec09,I_Offroad,2374.8827,2374.88269999999,2374.8827,2374.8827,1
RU,61,pmco,NetCDF_input,2010,2024,allISO,annual,sec10,J_Waste,355.140600000004,355.1406,355.140600000004,355.140600000004,1
RU,61,pmco,NetCDF_input,2010,2024,allISO,annual,sec11,K_AgriLivestock,31469.0002385005,31469.0002385002,31469.0002385005,31469.0002385005,1
RU,61,pmco,NetCDF_input,2010,2024,allISO,annual,sec12,L_AgriOther,208803.6,208803.6,208803.6,208803.6,1
RU,61,pmco,NetCDF_input,2010,2024,allISO,annual,sec13,M_Other,3644.15775999978,3644.15775999988,3644.15775999978,3644.15775999978,1
RUE,93,pmco,NetCDF_input,2010,2024,allISO,annual,sec01,A_PublicPower,6021.77663109478,6021.77663109478,6021.77663109478,6021.77663109478,1
RUE,93,pmco,NetCDF_input,2010,2024,allISO,annual,sec02,B_Industry,13708.8486716651,13708.8486716651,13708.8486716651,13708.8486716651,1
RUE,93,pmco,NetCDF_input,2010,2024,allISO,annual,sec03,C_OtherStationaryComb,7039.72095194749,7039.72095194751,7039.72095194749,7039.72095194749,1
RUE,93,pmco,NetCDF_input,2010,2024,allISO,annual,sec04,D_Fugitive,516.012714475517,516.012714475518,516.012714475517,516.012714475517,1
RUE,93,pmco,NetCDF_input,2010,2024,allISO,annual,sec05,E_Solvents,0,0,0,0,
RUE,93,pmco,NetCDF_input,2010,2024,allISO,annual,sec06,F_RoadTransport,1408.02441677526,1408.02441677525,1408.02441677526,1408.02441677526,1
RUE,93,pmco,NetCDF_input,2010,2024,allISO,annual,sec07,G_Shipping,0,0,0,0,
RUE,93,pmco,NetCDF_input,2010,2024,allISO,annual,sec08,H_Aviation,0,0,0,0,
RUE,93,pmco,NetCDF_input,2010,2024,allISO,annual,sec09,I_Offroad,37.1737219346191,37.1737219346194,37.1737219346191,37.1737219346191,1
RUE,93,pmco,NetCDF_input,2010,2024,allISO,annual,sec10,J_Waste,1.77650869656024,1.77650869656024,1.77650869656024,1.77650869656024,1
RUE,93,pmco,NetCDF_input,2010,2024,allISO,annual,sec11,K_AgriLivestock,10555.7921532655,10555.7921532655,10555.7921532655,10555.7921532655,1
RUE,93,pmco,NetCDF_input,2010,2024,allISO,annual,sec12,L_AgriOther,935.49490250066,935.494902500655,935.49490250066,935.49490250066,1
RUE,93,pmco,NetCDF_input,2010,2024,allISO,annual,sec13,M_Other,370.829705099249,370.829705099279,370.829705099249,370.829705099249,1
SE,23,pmco,NetCDF_input,2010,2024,allISO,annual,sec01,A_PublicPower,625.3536275028,625.3536275028,625.3536275028,625.3536275028,1
SE,23,pmco,NetCDF_input,2010,2024,allISO,annual,sec02,B_Industry,12396.4768011805,12396.4768011803,12396.4768011805,12396.4768011805,1
SE,23,pmco,NetCDF_input,2010,2024,allISO,annual,sec03,C_OtherStationaryComb,485.674893586721,485.674893586722,485.674893586721,485.674893586721,1
SE,23,pmco,NetCDF_input,2010,2024,allISO,annual,sec04,D_Fugitive,255.232926534308,255.232926534308,255.232926534308,255.232926534308,1
SE,23,pmco,NetCDF_input,2010,2024,allISO,annual,sec05,E_Solvents,85.3084399999977,85.3084399999987,85.3084399999977,85.3084399999977,1
SE,23,pmco,NetCDF_input,2010,2024,allISO,annual,sec06,F_RoadTransport,11148.9588012403,11148.9588012404,11148.9588012403,11148.9588012403,1
SE,23,pmco,NetCDF_input,2010,2024,allISO,annual,sec07,G_Shipping,42.34347758024,42.3434775802401,42.34347758024,42.34347758024,1
SE,23,pmco,NetCDF_input,2010,2024,allISO,annual,sec08,H_Aviation,0,0,0,0,
SE,23,pmco,NetCDF_input,2010,2024,allISO,annual,sec09,I_Offroad,70.8068832221102,70.8068832221102,70.8068832221102,70.8068832221102,1
SE,23,pmco,NetCDF_input,2010,2024,allISO,annual,sec10,J_Waste,7.62889646457306,7.62889646457304,7.62889646457306,7.62889646457306,1
SE,23,pmco,NetCDF_input,2010,2024,allISO,annual,sec11,K_AgriLivestock,977.775838836916,977.775838836913,977.775838836916,977.775838836916,1
SE,23,pmco,NetCDF_input,2010,2024,allISO,annual,sec12,L_AgriOther,1893.47114965966,1893.47114965966,1893.47114965966,1893.47114965966,1
SE,23,pmco,NetCDF_input,2010,2024,allISO,annual,sec13,M_Other,0,0,0,0,
SI,48,pmco,NetCDF_input,2010,2024,allISO,annual,sec01,A_PublicPower,57.845394916594,57.845394916594,57.845394916594,57.845394916594,1
SI,48,pmco,NetCDF_input,2010,2024,allISO,annual,sec02,B_Industry,2341.7619897547,2341.7619897547,2341.7619897547,2341.7619897547,1
SI,48,pmco,NetCDF_input,2010,2024,allISO,annual,sec03,C_OtherStationaryComb,269.4233441145,269.4233441145,269.4233441145,269.4233441145,1
SI,48,pmco,NetCDF_input,2010,2024,allISO,annual,sec04,D_Fugitive,163.924652,163.924652,163.924652,163.924652,1
SI,48,pmco,NetCDF_input,2010,2024,allISO,annual,sec05,E_Solvents,30.241487726593,30.241487726593,30.241487726593,30.241487726593,1
SI,48,pmco,NetCDF_input,2010,2024,allISO,annual,sec06,F_RoadTransport,341.75550687408,341.75550687408,341.75550687408,341.75550687408,1
SI,48,pmco,NetCDF_input,2010,2024,allISO,annual,sec07,G_Shipping,0,0,0,0,
SI,48,pmco,NetCDF_input,2010,2024,allISO,annual,sec08,H_Aviation,0,0,0,0,
SI,48,pmco,NetCDF_input,2010,2024,allISO,annual,sec09,I_Offroad,0.671340249000008,0.671340249000008,0.671340249000008,0.671340249000008,1
SI,48,pmco,NetCDF_input,2010,2024,allISO,annual,sec10,J_Waste,0.292811871449999,0.292811871449999,0.292811871449999,0.292811871449999,1
SI,48,pmco,NetCDF_input,2010,2024,allISO,annual,sec11,K_AgriLivestock,200.202529477275,200.202529477275,200.202529477275,200.202529477275,1
SI,48,pmco,NetCDF_input,2010,2024,allISO,annual,sec12,L_AgriOther,152.1756975,152.1756975,152.1756975,152.1756975,1
SI,48,pmco,NetCDF_input,2010,2024,allISO,annual,sec13,M_Other,0,0,0,0,
SK,47,pmco,NetCDF_input,2010,2024,allISO,annual,sec01,A_PublicPower,85.4253320000001,85.4253320000001,85.4253320000001,85.4253320000001,1
SK,47,pmco,NetCDF_input,2010,2024,allISO,annual,sec02,B_Industry,1509.14810734818,1509.14810734818,1509.14810734818,1509.14810734818,1
SK,47,pmco,NetCDF_input,2010,2024,allISO,annual,sec03,C_OtherStationaryComb,591.5959955951,591.5959955951,591.5959955951,591.5959955951,1
SK,47,pmco,NetCDF_input,2010,2024,allISO,annual,sec04,D_Fugitive,236.0782765,236.0782765,236.0782765,236.0782765,1
SK,47,pmco,NetCDF_input,2010,2024,allISO,annual,sec05,E_Solvents,0.00570323110599126,0.00570323110599125,0.00570323110599126,0.00570323110599126,1
SK,47,pmco,NetCDF_input,2010,2024,allISO,annual,sec06,F_RoadTransport,383.619753040761,383.61975304076,383.619753040761,383.619753040761,1
SK,47,pmco,NetCDF_input,2010,2024,allISO,annual,sec07,G_Shipping,0,0,0,0,
SK,47,pmco,NetCDF_input,2010,2024,allISO,annual,sec08,H_Aviation,0,0,0,0,
SK,47,pmco,NetCDF_input,2010,2024,allISO,annual,sec09,I_Offroad,1.92794398439999,1.92794398439999,1.92794398439999,1.92794398439999,1
SK,47,pmco,NetCDF_input,2010,2024,allISO,annual,sec10,J_Waste,81.32439117818,81.3243911781799,81.32439117818,81.32439117818,1
SK,47,pmco,NetCDF_input,2010,2024,allISO,annual,sec11,K_AgriLivestock,530.960241,530.960241,530.960241,530.960241,1
SK,47,pmco,NetCDF_input,2010,2024,allISO,annual,sec12,L_AgriOther,3051.4534218255,3051.4534218255,3051.4534218255,3051.4534218255,1
SK,47,pmco,NetCDF_input,2010,2024,allISO,annual,sec13,M_Other,0,0,0,0,
TJ,81,pmco,NetCDF_input,2010,2024,allISO,annual,sec01,A_PublicPower,0.02,0.02,0.02,0.02,1
TJ,81,pmco,NetCDF_input,2010,2024,allISO,annual,sec02,B_Industry,1291,1291,1291,1291,1
TJ,81,pmco,NetCDF_input,2010,2024,allISO,annual,sec03,C_OtherStationaryComb,379.7,379.7,379.7,379.7,1
TJ,81,pmco,NetCDF_input,2010,2024,allISO,annual,sec04,D_Fugitive,57.7400000000001,57.7400000000001,57.7400000000001,57.7400000000001,1
TJ,81,pmco,NetCDF_input,2010,2024,allISO,annual,sec05,E_Solvents,0,0,0,0,
TJ,81,pmco,NetCDF_input,2010,2024,allISO,annual,sec06,F_RoadTransport,21.9,21.9,21.9,21.9,1
TJ,81,pmco,NetCDF_input,2010,2024,allISO,annual,sec07,G_Shipping,0,0,0,0,
TJ,81,pmco,NetCDF_input,2010,2024,allISO,annual,sec08,H_Aviation,0.03,0.03,0.03,0.03,1
TJ,81,pmco,NetCDF_input,2010,2024,allISO,annual,sec09,I_Offroad,0,0,0,0,
TJ,81,pmco,NetCDF_input,2010,2024,allISO,annual,sec10,J_Waste,194.13,194.13,194.13,194.13,1
TJ,81,pmco,NetCDF_input,2010,2024,allISO,annual,sec11,K_AgriLivestock,665.9,665.9,665.9,665.9,1
TJ,81,pmco,NetCDF_input,2010,2024,allISO,annual,sec12,L_AgriOther,1687.49,1687.49,1687.49,1687.49,1
TJ,81,pmco,NetCDF_input,2010,2024,allISO,annual,sec13,M_Other,0,0,0,0,
TM,77,pmco,NetCDF_input,2010,2024,allISO,annual,sec01,A_PublicPower,0.00999999999999959,0.00999999999999959,0.00999999999999959,0.00999999999999959,1
TM,77,pmco,NetCDF_input,2010,2024,allISO,annual,sec02,B_Industry,645.9,645.9,645.9,645.9,1
TM,77,pmco,NetCDF_input,2010,2024,allISO,annual,sec03,C_OtherStationaryComb,979.56,979.559999999999,979.56,979.56,1
TM,77,pmco,NetCDF_input,2010,2024,allISO,annual,sec04,D_Fugitive,34.6099999999998,34.6099999999998,34.6099999999998,34.6099999999998,1
TM,77,pmco,NetCDF_input,2010,2024,allISO,annual,sec05,E_Solvents,0,0,0,0,
TM,77,pmco,NetCDF_input,2010,2024,allISO,annual,sec06,F_RoadTransport,463.430000000001,463.43,463.430000000001,463.430000000001,1
TM,77,pmco,NetCDF_input,2010,2024,allISO,annual,sec07,G_Shipping,0,0,0,0,
TM,77,pmco,NetCDF_input,2010,2024,allISO,annual,sec08,H_Aviation,0.560000000000001,0.560000000000001,0.560000000000001,0.560000000000001,1
TM,77,pmco,NetCDF_input,2010,2024,allISO,annual,sec09,I_Offroad,66.0599999999999,66.06,66.0599999999999,66.0599999999999,1
TM,77,pmco,NetCDF_input,2010,2024,allISO,annual,sec10,J_Waste,156.36,156.36,156.36,156.36,1
TM,77,pmco,NetCDF_input,2010,2024,allISO,annual,sec11,K_AgriLivestock,443.310000000001,443.310000000001,443.310000000001,443.310000000001,1
TM,77,pmco,NetCDF_input,2010,2024,allISO,annual,sec12,L_AgriOther,1123.41,1123.41,1123.41,1123.41,1
TM,77,pmco,NetCDF_input,2010,2024,allISO,annual,sec13,M_Other,0,0,0,0,
TR,25,pmco,NetCDF_input,2010,2024,allISO,annual,sec01,A_PublicPower,35675.91,35675.91,35675.91,35675.91,1
TR,25,pmco,NetCDF_input,2010,2024,allISO,annual,sec02,B_Industry,45552.96,45552.9600000001,45552.96,45552.96,1
TR,25,pmco,NetCDF_input,2010,2024,allISO,annual,sec03,C_OtherStationaryComb,11149.04,11149.04,11149.04,11149.04,1
TR,25,pmco,NetCDF_input,2010,2024,allISO,annual,sec04,D_Fugitive,17864.09,17864.09,17864.09,17864.09,1
TR,25,pmco,NetCDF_input,2010,2024,allISO,annual,sec05,E_Solvents,0,0,0,0,
TR,25,pmco,NetCDF_input,2010,2024,allISO,annual,sec06,F_RoadTransport,4465.14,4465.14,4465.14,4465.14,1
TR,25,pmco,NetCDF_input,2010,2024,allISO,annual,sec07,G_Shipping,139.11,139.11,139.11,139.11,1
TR,25,pmco,NetCDF_input,2010,2024,allISO,annual,sec08,H_Aviation,2.11,2.11,2.11,2.11,1
TR,25,pmco,NetCDF_input,2010,2024,allISO,annual,sec09,I_Offroad,808.949999999999,808.950000000004,808.949999999999,808.949999999999,1
TR,25,pmco,NetCDF_input,2010,2024,allISO,annual,sec10,J_Waste,959.809999999999,959.810000000001,959.809999999999,959.809999999999,1
TR,25,pmco,NetCDF_input,2010,2024,allISO,annual,sec11,K_AgriLivestock,12134.6199999999,12134.62,12134.6199999999,12134.6199999999,1
TR,25,pmco,NetCDF_input,2010,2024,allISO,annual,sec12,L_AgriOther,5639.99999999997,5639.99999999999,5639.99999999997,5639.99999999997,1
TR,25,pmco,NetCDF_input,2010,2024,allISO,annual,sec13,M_Other,0,0,0,0,
UA,40,pmco,NetCDF_input,2010,2024,allISO,annual,sec01,A_PublicPower,52219.26,52219.26,52219.26,52219.26,1
UA,40,pmco,NetCDF_input,2010,2024,allISO,annual,sec02,B_Industry,72556.11,72556.11,72556.11,72556.11,1
UA,40,pmco,NetCDF_input,2010,2024,allISO,annual,sec03,C_OtherStationaryComb,4093.01,4093.01,4093.01,4093.01,1
UA,40,pmco,NetCDF_input,2010,2024,allISO,annual,sec04,D_Fugitive,4663.89,4663.89,4663.89,4663.89,1
UA,40,pmco,NetCDF_input,2010,2024,allISO,annual,sec05,E_Solvents,0,0,0,0,
UA,40,pmco,NetCDF_input,2010,2024,allISO,annual,sec06,F_RoadTransport,4088.91000000001,4088.91000000001,4088.91000000001,4088.91000000001,1
UA,40,pmco,NetCDF_input,2010,2024,allISO,annual,sec07,G_Shipping,16.9,16.9,16.9,16.9,1
UA,40,pmco,NetCDF_input,2010,2024,allISO,annual,sec08,H_Aviation,0.36,0.36,0.36,0.36,1
UA,40,pmco,NetCDF_input,2010,2024,allISO,annual,sec09,I_Offroad,693.330000000002,693.330000000001,693.330000000002,693.330000000002,1
UA,40,pmco,NetCDF_input,2010,2024,allISO,annual,sec10,J_Waste,988.919999999996,988.919999999998,988.919999999996,988.919999999996,1
UA,40,pmco,NetCDF_input,2010,2024,allISO,annual,sec11,K_AgriLivestock,9613.76,9613.76000000003,9613.76,9613.76,1
UA,40,pmco,NetCDF_input,2010,2024,allISO,annual,sec12,L_AgriOther,26691.7399999999,26691.74,26691.7399999999,26691.7399999999,1
UA,40,pmco,NetCDF_input,2010,2024,allISO,annual,sec13,M_Other,0,0,0,0,
UZ,76,pmco,NetCDF_input,2010,2024,allISO,annual,sec01,A_PublicPower,3216.39,3216.39,3216.39,3216.39,1
UZ,76,pmco,NetCDF_input,2010,2024,allISO,annual,sec02,B_Industry,3550.65,3550.65,3550.65,3550.65,1
UZ,76,pmco,NetCDF_input,2010,2024,allISO,annual,sec03,C_OtherStationaryComb,2584.53,2584.53,2584.53,2584.53,1
UZ,76,pmco,NetCDF_input,2010,2024,allISO,annual,sec04,D_Fugitive,279.84,279.84,279.84,279.84,1
UZ,76,pmco,NetCDF_input,2010,2024,allISO,annual,sec05,E_Solvents,0,0,0,0,
UZ,76,pmco,NetCDF_input,2010,2024,allISO,annual,sec06,F_RoadTransport,556.349999999999,556.349999999998,556.349999999999,556.349999999999,1
UZ,76,pmco,NetCDF_input,2010,2024,allISO,annual,sec07,G_Shipping,0,0,0,0,
UZ,76,pmco,NetCDF_input,2010,2024,allISO,annual,sec08,H_Aviation,0.36,0.36,0.36,0.36,1
UZ,76,pmco,NetCDF_input,2010,2024,allISO,annual,sec09,I_Offroad,278.25,278.25,278.25,278.25,1
UZ,76,pmco,NetCDF_input,2010,2024,allISO,annual,sec10,J_Waste,743.830000000002,743.83,743.830000000002,743.830000000002,1
UZ,76,pmco,NetCDF_input,2010,2024,allISO,annual,sec11,K_AgriLivestock,2492.79000000001,2492.79,2492.79000000001,2492.79000000001,1
UZ,76,pmco,NetCDF_input,2010,2024,allISO,annual,sec12,L_AgriOther,6317.12,6317.12,6317.12,6317.12,1
UZ,76,pmco,NetCDF_input,2010,2024,allISO,annual,sec13,M_Other,0,0,0,0,
