Pollutant,Area,Year,Month,GNFR,Sector,layer,emis_kt
pmco,UK,2021,1,A_PublicPower,PublicPower,Emis_UK_PublicPower_1,0.049526898933259
pmco,UK,2021,2,A_PublicPower,PublicPower,Emis_UK_PublicPower_2,0.046351569034848
pmco,UK,2021,3,A_PublicPower,PublicPower,Emis_UK_PublicPower_3,0.0511351829324533
pmco,UK,2021,4,A_PublicPower,PublicPower,Emis_UK_PublicPower_4,0.045897950459788
pmco,UK,2021,5,A_PublicPower,PublicPower,Emis_UK_PublicPower_5,0.0343512962587513
pmco,UK,2021,6,A_PublicPower,PublicPower,Emis_UK_PublicPower_6,0.0376091022783376
pmco,UK,2021,7,A_PublicPower,PublicPower,Emis_UK_PublicPower_7,0.0370730076261287
pmco,UK,2021,8,A_PublicPower,PublicPower,Emis_UK_PublicPower_8,0.0309285380607722
pmco,UK,2021,9,A_PublicPower,PublicPower,Emis_UK_PublicPower_9,0.0359595802361879
pmco,UK,2021,10,A_PublicPower,PublicPower,Emis_UK_PublicPower_10,0.0394648145578233
pmco,UK,2021,11,A_PublicPower,PublicPower,Emis_UK_PublicPower_11,0.0390524340487041
pmco,UK,2021,12,A_PublicPower,PublicPower,Emis_UK_PublicPower_12,0.0475887105572313
pmco,UK,2021,1,B_Industry,Industry,Emis_UK_Industry_1,3.04535669251557
pmco,UK,2021,2,B_Industry,Industry,Emis_UK_Industry_2,2.75247645984662
pmco,UK,2021,3,B_Industry,Industry,Emis_UK_Industry_3,3.04535669251557
pmco,UK,2021,4,B_Industry,Industry,Emis_UK_Industry_4,2.94673375611902
pmco,UK,2021,5,B_Industry,Industry,Emis_UK_Industry_5,3.04535669251557
pmco,UK,2021,6,B_Industry,Industry,Emis_UK_Industry_6,2.94673375611902
pmco,UK,2021,7,B_Industry,Industry,Emis_UK_Industry_7,3.04535669251557
pmco,UK,2021,8,B_Industry,Industry,Emis_UK_Industry_8,3.04535669251557
pmco,UK,2021,9,B_Industry,Industry,Emis_UK_Industry_9,2.94673375611902
pmco,UK,2021,10,B_Industry,Industry,Emis_UK_Industry_10,3.04535669251557
pmco,UK,2021,11,B_Industry,Industry,Emis_UK_Industry_11,2.94673375611902
pmco,UK,2021,12,B_Industry,Industry,Emis_UK_Industry_12,3.04535669251557
pmco,UK,2021,1,C_OtherStationaryComb,OtherStationaryComb,Emis_UK_OtherStationaryComb_1,0.0876002319398908
pmco,UK,2021,2,C_OtherStationaryComb,OtherStationaryComb,Emis_UK_OtherStationaryComb_2,0.0807658174949752
pmco,UK,2021,3,C_OtherStationaryComb,OtherStationaryComb,Emis_UK_OtherStationaryComb_3,0.0641038143834288
pmco,UK,2021,4,C_OtherStationaryComb,OtherStationaryComb,Emis_UK_OtherStationaryComb_4,0.0526798661534601
pmco,UK,2021,5,C_OtherStationaryComb,OtherStationaryComb,Emis_UK_OtherStationaryComb_5,0.0295326522309296
pmco,UK,2021,6,C_OtherStationaryComb,OtherStationaryComb,Emis_UK_OtherStationaryComb_6,0.0264895917766759
pmco,UK,2021,7,C_OtherStationaryComb,OtherStationaryComb,Emis_UK_OtherStationaryComb_7,0.0273376578093069
pmco,UK,2021,8,C_OtherStationaryComb,OtherStationaryComb,Emis_UK_OtherStationaryComb_8,0.0273376578093069
pmco,UK,2021,9,C_OtherStationaryComb,OtherStationaryComb,Emis_UK_OtherStationaryComb_9,0.0264895917766759
pmco,UK,2021,10,C_OtherStationaryComb,OtherStationaryComb,Emis_UK_OtherStationaryComb_10,0.0367162703422752
pmco,UK,2021,11,C_OtherStationaryComb,OtherStationaryComb,Emis_UK_OtherStationaryComb_11,0.0539769083017932
pmco,UK,2021,12,C_OtherStationaryComb,OtherStationaryComb,Emis_UK_OtherStationaryComb_12,0.0856047824937252
pmco,UK,2021,1,D_Fugitive,Fugitive,Emis_UK_Fugitive_1,0.00358927477430552
pmco,UK,2021,2,D_Fugitive,Fugitive,Emis_UK_Fugitive_2,0.00358927477430552
pmco,UK,2021,3,D_Fugitive,Fugitive,Emis_UK_Fugitive_3,0.00358927477430552
pmco,UK,2021,4,D_Fugitive,Fugitive,Emis_UK_Fugitive_4,0.00358927477430552
pmco,UK,2021,5,D_Fugitive,Fugitive,Emis_UK_Fugitive_5,0.00358927477430552
pmco,UK,2021,6,D_Fugitive,Fugitive,Emis_UK_Fugitive_6,0.00358927477430552
pmco,UK,2021,7,D_Fugitive,Fugitive,Emis_UK_Fugitive_7,0.00358927477430552
pmco,UK,2021,8,D_Fugitive,Fugitive,Emis_UK_Fugitive_8,0.00358927477430552
pmco,UK,2021,9,D_Fugitive,Fugitive,Emis_UK_Fugitive_9,0.00358927477430552
pmco,UK,2021,10,D_Fugitive,Fugitive,Emis_UK_Fugitive_10,0.00358927477430552
pmco,UK,2021,11,D_Fugitive,Fugitive,Emis_UK_Fugitive_11,0.00358927477430552
pmco,UK,2021,12,D_Fugitive,Fugitive,Emis_UK_Fugitive_12,0.00358927477430552
pmco,UK,2021,1,E_Solvents,Solvents,Emis_UK_Solvents_1,0.0609597583996946
pmco,UK,2021,2,E_Solvents,Solvents,Emis_UK_Solvents_2,0.0609597583996946
pmco,UK,2021,3,E_Solvents,Solvents,Emis_UK_Solvents_3,0.0609597583996946
pmco,UK,2021,4,E_Solvents,Solvents,Emis_UK_Solvents_4,0.0609597583996946
pmco,UK,2021,5,E_Solvents,Solvents,Emis_UK_Solvents_5,0.0609597583996946
pmco,UK,2021,6,E_Solvents,Solvents,Emis_UK_Solvents_6,0.0609597583996946
pmco,UK,2021,7,E_Solvents,Solvents,Emis_UK_Solvents_7,0.0609597583996946
pmco,UK,2021,8,E_Solvents,Solvents,Emis_UK_Solvents_8,0.0609597583996946
pmco,UK,2021,9,E_Solvents,Solvents,Emis_UK_Solvents_9,0.0609597583996946
pmco,UK,2021,10,E_Solvents,Solvents,Emis_UK_Solvents_10,0.0609597583996946
pmco,UK,2021,11,E_Solvents,Solvents,Emis_UK_Solvents_11,0.0609597583996946
pmco,UK,2021,12,E_Solvents,Solvents,Emis_UK_Solvents_12,0.0609597583996946
pmco,UK,2021,1,F_RoadTransport,RoadTransport,Emis_UK_RoadTransport_1,1.85873190703569
pmco,UK,2021,2,F_RoadTransport,RoadTransport,Emis_UK_RoadTransport_2,1.85873190703569
pmco,UK,2021,3,F_RoadTransport,RoadTransport,Emis_UK_RoadTransport_3,1.85873190703569
pmco,UK,2021,4,F_RoadTransport,RoadTransport,Emis_UK_RoadTransport_4,1.85873190703569
pmco,UK,2021,5,F_RoadTransport,RoadTransport,Emis_UK_RoadTransport_5,1.85873190703569
pmco,UK,2021,6,F_RoadTransport,RoadTransport,Emis_UK_RoadTransport_6,1.85873190703569
pmco,UK,2021,7,F_RoadTransport,RoadTransport,Emis_UK_RoadTransport_7,1.85873190703569
pmco,UK,2021,8,F_RoadTransport,RoadTransport,Emis_UK_RoadTransport_8,1.85873190703569
pmco,UK,2021,9,F_RoadTransport,RoadTransport,Emis_UK_RoadTransport_9,1.85873190703569
pmco,UK,2021,10,F_RoadTransport,RoadTransport,Emis_UK_RoadTransport_10,1.85873190703569
pmco,UK,2021,11,F_RoadTransport,RoadTransport,Emis_UK_RoadTransport_11,1.85873190703569
pmco,UK,2021,12,F_RoadTransport,RoadTransport,Emis_UK_RoadTransport_12,1.85873190703569
pmco,UK,2021,1,G_Shipping,Shipping,Emis_UK_Shipping_1,0
pmco,UK,2021,2,G_Shipping,Shipping,Emis_UK_Shipping_2,0
pmco,UK,2021,3,G_Shipping,Shipping,Emis_UK_Shipping_3,0
pmco,UK,2021,4,G_Shipping,Shipping,Emis_UK_Shipping_4,0
pmco,UK,2021,5,G_Shipping,Shipping,Emis_UK_Shipping_5,0
pmco,UK,2021,6,G_Shipping,Shipping,Emis_UK_Shipping_6,0
pmco,UK,2021,7,G_Shipping,Shipping,Emis_UK_Shipping_7,0
pmco,UK,2021,8,G_Shipping,Shipping,Emis_UK_Shipping_8,0
pmco,UK,2021,9,G_Shipping,Shipping,Emis_UK_Shipping_9,0
pmco,UK,2021,10,G_Shipping,Shipping,Emis_UK_Shipping_10,0
pmco,UK,2021,11,G_Shipping,Shipping,Emis_UK_Shipping_11,0
pmco,UK,2021,12,G_Shipping,Shipping,Emis_UK_Shipping_12,0
pmco,UK,2021,1,H_Aviation,Aviation,Emis_UK_Aviation_1,0
pmco,UK,2021,2,H_Aviation,Aviation,Emis_UK_Aviation_2,0
pmco,UK,2021,3,H_Aviation,Aviation,Emis_UK_Aviation_3,0
pmco,UK,2021,4,H_Aviation,Aviation,Emis_UK_Aviation_4,0
pmco,UK,2021,5,H_Aviation,Aviation,Emis_UK_Aviation_5,0
pmco,UK,2021,6,H_Aviation,Aviation,Emis_UK_Aviation_6,0
pmco,UK,2021,7,H_Aviation,Aviation,Emis_UK_Aviation_7,0
pmco,UK,2021,8,H_Aviation,Aviation,Emis_UK_Aviation_8,0
pmco,UK,2021,9,H_Aviation,Aviation,Emis_UK_Aviation_9,0
pmco,UK,2021,10,H_Aviation,Aviation,Emis_UK_Aviation_10,0
pmco,UK,2021,11,H_Aviation,Aviation,Emis_UK_Aviation_11,0
pmco,UK,2021,12,H_Aviation,Aviation,Emis_UK_Aviation_12,0
pmco,UK,2021,1,I_Offroad,Offroad,Emis_UK_Offroad_1,0.00898814472717005
pmco,UK,2021,2,I_Offroad,Offroad,Emis_UK_Offroad_2,0.00898814472717005
pmco,UK,2021,3,I_Offroad,Offroad,Emis_UK_Offroad_3,0.00898814472717005
pmco,UK,2021,4,I_Offroad,Offroad,Emis_UK_Offroad_4,0.00898814472717005
pmco,UK,2021,5,I_Offroad,Offroad,Emis_UK_Offroad_5,0.00898814472717005
pmco,UK,2021,6,I_Offroad,Offroad,Emis_UK_Offroad_6,0.00898814472717005
pmco,UK,2021,7,I_Offroad,Offroad,Emis_UK_Offroad_7,0.00898814472717005
pmco,UK,2021,8,I_Offroad,Offroad,Emis_UK_Offroad_8,0.00898814472717005
pmco,UK,2021,9,I_Offroad,Offroad,Emis_UK_Offroad_9,0.00898814472717005
pmco,UK,2021,10,I_Offroad,Offroad,Emis_UK_Offroad_10,0.00898814472717005
pmco,UK,2021,11,I_Offroad,Offroad,Emis_UK_Offroad_11,0.00898814472717005
pmco,UK,2021,12,I_Offroad,Offroad,Emis_UK_Offroad_12,0.00898814472717005
pmco,UK,2021,1,J_Waste,Waste,Emis_UK_Waste_1,0.0314496394141054
pmco,UK,2021,2,J_Waste,Waste,Emis_UK_Waste_2,0.0314496394141054
pmco,UK,2021,3,J_Waste,Waste,Emis_UK_Waste_3,0.0314496394141054
pmco,UK,2021,4,J_Waste,Waste,Emis_UK_Waste_4,0.0314496394141054
pmco,UK,2021,5,J_Waste,Waste,Emis_UK_Waste_5,0.0314496394141054
pmco,UK,2021,6,J_Waste,Waste,Emis_UK_Waste_6,0.0314496394141054
pmco,UK,2021,7,J_Waste,Waste,Emis_UK_Waste_7,0.0314496394141054
pmco,UK,2021,8,J_Waste,Waste,Emis_UK_Waste_8,0.0314496394141054
pmco,UK,2021,9,J_Waste,Waste,Emis_UK_Waste_9,0.0314496394141054
pmco,UK,2021,10,J_Waste,Waste,Emis_UK_Waste_10,0.0314496394141054
pmco,UK,2021,11,J_Waste,Waste,Emis_UK_Waste_11,0.0314496394141054
pmco,UK,2021,12,J_Waste,Waste,Emis_UK_Waste_12,0.0314496394141054
pmco,UK,2021,1,K_AgriLivestock,AgriLivestock,Emis_UK_AgriLivestock_1,0.856264336899416
pmco,UK,2021,2,K_AgriLivestock,AgriLivestock,Emis_UK_AgriLivestock_2,0.922130824536632
pmco,UK,2021,3,K_AgriLivestock,AgriLivestock,Emis_UK_AgriLivestock_3,0.922130824536632
pmco,UK,2021,4,K_AgriLivestock,AgriLivestock,Emis_UK_AgriLivestock_4,1.0538637998896
pmco,UK,2021,5,K_AgriLivestock,AgriLivestock,Emis_UK_AgriLivestock_5,1.1855967743128
pmco,UK,2021,6,K_AgriLivestock,AgriLivestock,Emis_UK_AgriLivestock_6,1.31732974984214
pmco,UK,2021,7,K_AgriLivestock,AgriLivestock,Emis_UK_AgriLivestock_7,1.31732974984214
pmco,UK,2021,8,K_AgriLivestock,AgriLivestock,Emis_UK_AgriLivestock_8,1.31732974984214
pmco,UK,2021,9,K_AgriLivestock,AgriLivestock,Emis_UK_AgriLivestock_9,1.1855967743128
pmco,UK,2021,10,K_AgriLivestock,AgriLivestock,Emis_UK_AgriLivestock_10,1.1855967743128
pmco,UK,2021,11,K_AgriLivestock,AgriLivestock,Emis_UK_AgriLivestock_11,0.987997311913328
pmco,UK,2021,12,K_AgriLivestock,AgriLivestock,Emis_UK_AgriLivestock_12,0.922130824536632
pmco,UK,2021,1,L_AgriOther,AgriOther,Emis_UK_AgriOther_1,0
pmco,UK,2021,2,L_AgriOther,AgriOther,Emis_UK_AgriOther_2,0
pmco,UK,2021,3,L_AgriOther,AgriOther,Emis_UK_AgriOther_3,0
pmco,UK,2021,4,L_AgriOther,AgriOther,Emis_UK_AgriOther_4,0
pmco,UK,2021,5,L_AgriOther,AgriOther,Emis_UK_AgriOther_5,0
pmco,UK,2021,6,L_AgriOther,AgriOther,Emis_UK_AgriOther_6,0
pmco,UK,2021,7,L_AgriOther,AgriOther,Emis_UK_AgriOther_7,0
pmco,UK,2021,8,L_AgriOther,AgriOther,Emis_UK_AgriOther_8,0
pmco,UK,2021,9,L_AgriOther,AgriOther,Emis_UK_AgriOther_9,0
pmco,UK,2021,10,L_AgriOther,AgriOther,Emis_UK_AgriOther_10,0
pmco,UK,2021,11,L_AgriOther,AgriOther,Emis_UK_AgriOther_11,0
pmco,UK,2021,12,L_AgriOther,AgriOther,Emis_UK_AgriOther_12,0
pmco,UK,2021,1,M_Other,Other,Emis_UK_Other_1,0.020255103632295
pmco,UK,2021,2,M_Other,Other,Emis_UK_Other_2,0.020255103632295
pmco,UK,2021,3,M_Other,Other,Emis_UK_Other_3,0.020255103632295
pmco,UK,2021,4,M_Other,Other,Emis_UK_Other_4,0.020255103632295
pmco,UK,2021,5,M_Other,Other,Emis_UK_Other_5,0.020255103632295
pmco,UK,2021,6,M_Other,Other,Emis_UK_Other_6,0.020255103632295
pmco,UK,2021,7,M_Other,Other,Emis_UK_Other_7,0.020255103632295
pmco,UK,2021,8,M_Other,Other,Emis_UK_Other_8,0.020255103632295
pmco,UK,2021,9,M_Other,Other,Emis_UK_Other_9,0.020255103632295
pmco,UK,2021,10,M_Other,Other,Emis_UK_Other_10,0.020255103632295
pmco,UK,2021,11,M_Other,Other,Emis_UK_Other_11,0.020255103632295
pmco,UK,2021,12,M_Other,Other,Emis_UK_Other_12,0.020255103632295
pmco,IE,2021,1,A_PublicPower,PublicPower,Emis_IE_PublicPower_1,0.0167928943586012
pmco,IE,2021,2,A_PublicPower,PublicPower,Emis_IE_PublicPower_2,0.0169027544556302
pmco,IE,2021,3,A_PublicPower,PublicPower,Emis_IE_PublicPower_3,0.0148154135457444
pmco,IE,2021,4,A_PublicPower,PublicPower,Emis_IE_PublicPower_4,0.0164005366631973
pmco,IE,2021,5,A_PublicPower,PublicPower,Emis_IE_PublicPower_5,0.0161023457166521
pmco,IE,2021,6,A_PublicPower,PublicPower,Emis_IE_PublicPower_6,0.0146270816822507
pmco,IE,2021,7,A_PublicPower,PublicPower,Emis_IE_PublicPower_7,0.0161023457166521
pmco,IE,2021,8,A_PublicPower,PublicPower,Emis_IE_PublicPower_8,0.0150979106523882
pmco,IE,2021,9,A_PublicPower,PublicPower,Emis_IE_PublicPower_9,0.0137168131754661
pmco,IE,2021,10,A_PublicPower,PublicPower,Emis_IE_PublicPower_10,0.0160238742186411
pmco,IE,2021,11,A_PublicPower,PublicPower,Emis_IE_PublicPower_11,0.0165103972202996
pmco,IE,2021,12,A_PublicPower,PublicPower,Emis_IE_PublicPower_12,0.015270547993081
pmco,IE,2021,1,B_Industry,Industry,Emis_IE_Industry_1,0.583407729313612
pmco,IE,2021,2,B_Industry,Industry,Emis_IE_Industry_2,0.527299821561916
pmco,IE,2021,3,B_Industry,Industry,Emis_IE_Industry_3,0.583407729313612
pmco,IE,2021,4,B_Industry,Industry,Emis_IE_Industry_4,0.564514249974508
pmco,IE,2021,5,B_Industry,Industry,Emis_IE_Industry_5,0.583407729313612
pmco,IE,2021,6,B_Industry,Industry,Emis_IE_Industry_6,0.564514249974508
pmco,IE,2021,7,B_Industry,Industry,Emis_IE_Industry_7,0.583407729313612
pmco,IE,2021,8,B_Industry,Industry,Emis_IE_Industry_8,0.583407729313612
pmco,IE,2021,9,B_Industry,Industry,Emis_IE_Industry_9,0.564514249974508
pmco,IE,2021,10,B_Industry,Industry,Emis_IE_Industry_10,0.583407729313612
pmco,IE,2021,11,B_Industry,Industry,Emis_IE_Industry_11,0.564514249974508
pmco,IE,2021,12,B_Industry,Industry,Emis_IE_Industry_12,0.583407729313612
pmco,IE,2021,1,C_OtherStationaryComb,OtherStationaryComb,Emis_IE_OtherStationaryComb_1,0.0056560834522207
pmco,IE,2021,2,C_OtherStationaryComb,OtherStationaryComb,Emis_IE_OtherStationaryComb_2,0.00534616107457746
pmco,IE,2021,3,C_OtherStationaryComb,OtherStationaryComb,Emis_IE_OtherStationaryComb_3,0.00477428049216074
pmco,IE,2021,4,C_OtherStationaryComb,OtherStationaryComb,Emis_IE_OtherStationaryComb_4,0.0042319163253878
pmco,IE,2021,5,C_OtherStationaryComb,OtherStationaryComb,Emis_IE_OtherStationaryComb_5,0.00247937904957832
pmco,IE,2021,6,C_OtherStationaryComb,OtherStationaryComb,Emis_IE_OtherStationaryComb_6,0.00216207756428463
pmco,IE,2021,7,C_OtherStationaryComb,OtherStationaryComb,Emis_IE_OtherStationaryComb_7,0.00223586860497209
pmco,IE,2021,8,C_OtherStationaryComb,OtherStationaryComb,Emis_IE_OtherStationaryComb_8,0.00223586860497209
pmco,IE,2021,9,C_OtherStationaryComb,OtherStationaryComb,Emis_IE_OtherStationaryComb_9,0.00216207756428463
pmco,IE,2021,10,C_OtherStationaryComb,OtherStationaryComb,Emis_IE_OtherStationaryComb_10,0.00339807753423827
pmco,IE,2021,11,C_OtherStationaryComb,OtherStationaryComb,Emis_IE_OtherStationaryComb_11,0.00432415512856927
pmco,IE,2021,12,C_OtherStationaryComb,OtherStationaryComb,Emis_IE_OtherStationaryComb_12,0.00526499092367305
pmco,IE,2021,1,D_Fugitive,Fugitive,Emis_IE_Fugitive_1,0.00118706456758082
pmco,IE,2021,2,D_Fugitive,Fugitive,Emis_IE_Fugitive_2,0.00118706456758082
pmco,IE,2021,3,D_Fugitive,Fugitive,Emis_IE_Fugitive_3,0.00118706456758082
pmco,IE,2021,4,D_Fugitive,Fugitive,Emis_IE_Fugitive_4,0.00118706456758082
pmco,IE,2021,5,D_Fugitive,Fugitive,Emis_IE_Fugitive_5,0.00118706456758082
pmco,IE,2021,6,D_Fugitive,Fugitive,Emis_IE_Fugitive_6,0.00118706456758082
pmco,IE,2021,7,D_Fugitive,Fugitive,Emis_IE_Fugitive_7,0.00118706456758082
pmco,IE,2021,8,D_Fugitive,Fugitive,Emis_IE_Fugitive_8,0.00118706456758082
pmco,IE,2021,9,D_Fugitive,Fugitive,Emis_IE_Fugitive_9,0.00118706456758082
pmco,IE,2021,10,D_Fugitive,Fugitive,Emis_IE_Fugitive_10,0.00118706456758082
pmco,IE,2021,11,D_Fugitive,Fugitive,Emis_IE_Fugitive_11,0.00118706456758082
pmco,IE,2021,12,D_Fugitive,Fugitive,Emis_IE_Fugitive_12,0.00118706456758082
pmco,IE,2021,1,E_Solvents,Solvents,Emis_IE_Solvents_1,0.00137502277608326
pmco,IE,2021,2,E_Solvents,Solvents,Emis_IE_Solvents_2,0.00137502277608326
pmco,IE,2021,3,E_Solvents,Solvents,Emis_IE_Solvents_3,0.00137502277608326
pmco,IE,2021,4,E_Solvents,Solvents,Emis_IE_Solvents_4,0.00137502277608326
pmco,IE,2021,5,E_Solvents,Solvents,Emis_IE_Solvents_5,0.00137502277608326
pmco,IE,2021,6,E_Solvents,Solvents,Emis_IE_Solvents_6,0.00137502277608326
pmco,IE,2021,7,E_Solvents,Solvents,Emis_IE_Solvents_7,0.00137502277608326
pmco,IE,2021,8,E_Solvents,Solvents,Emis_IE_Solvents_8,0.00137502277608326
pmco,IE,2021,9,E_Solvents,Solvents,Emis_IE_Solvents_9,0.00137502277608326
pmco,IE,2021,10,E_Solvents,Solvents,Emis_IE_Solvents_10,0.00137502277608326
pmco,IE,2021,11,E_Solvents,Solvents,Emis_IE_Solvents_11,0.00137502277608326
pmco,IE,2021,12,E_Solvents,Solvents,Emis_IE_Solvents_12,0.00137502277608326
pmco,IE,2021,1,F_RoadTransport,RoadTransport,Emis_IE_RoadTransport_1,0.066919645283494
pmco,IE,2021,2,F_RoadTransport,RoadTransport,Emis_IE_RoadTransport_2,0.066919645283494
pmco,IE,2021,3,F_RoadTransport,RoadTransport,Emis_IE_RoadTransport_3,0.066919645283494
pmco,IE,2021,4,F_RoadTransport,RoadTransport,Emis_IE_RoadTransport_4,0.066919645283494
pmco,IE,2021,5,F_RoadTransport,RoadTransport,Emis_IE_RoadTransport_5,0.066919645283494
pmco,IE,2021,6,F_RoadTransport,RoadTransport,Emis_IE_RoadTransport_6,0.066919645283494
pmco,IE,2021,7,F_RoadTransport,RoadTransport,Emis_IE_RoadTransport_7,0.066919645283494
pmco,IE,2021,8,F_RoadTransport,RoadTransport,Emis_IE_RoadTransport_8,0.066919645283494
pmco,IE,2021,9,F_RoadTransport,RoadTransport,Emis_IE_RoadTransport_9,0.066919645283494
pmco,IE,2021,10,F_RoadTransport,RoadTransport,Emis_IE_RoadTransport_10,0.066919645283494
pmco,IE,2021,11,F_RoadTransport,RoadTransport,Emis_IE_RoadTransport_11,0.066919645283494
pmco,IE,2021,12,F_RoadTransport,RoadTransport,Emis_IE_RoadTransport_12,0.066919645283494
pmco,IE,2021,1,G_Shipping,Shipping,Emis_IE_Shipping_1,0.0003252232557691
pmco,IE,2021,2,G_Shipping,Shipping,Emis_IE_Shipping_2,0.0003252232557691
pmco,IE,2021,3,G_Shipping,Shipping,Emis_IE_Shipping_3,0.0003252232557691
pmco,IE,2021,4,G_Shipping,Shipping,Emis_IE_Shipping_4,0.0003252232557691
pmco,IE,2021,5,G_Shipping,Shipping,Emis_IE_Shipping_5,0.0003252232557691
pmco,IE,2021,6,G_Shipping,Shipping,Emis_IE_Shipping_6,0.0003252232557691
pmco,IE,2021,7,G_Shipping,Shipping,Emis_IE_Shipping_7,0.0003252232557691
pmco,IE,2021,8,G_Shipping,Shipping,Emis_IE_Shipping_8,0.0003252232557691
pmco,IE,2021,9,G_Shipping,Shipping,Emis_IE_Shipping_9,0.0003252232557691
pmco,IE,2021,10,G_Shipping,Shipping,Emis_IE_Shipping_10,0.0003252232557691
pmco,IE,2021,11,G_Shipping,Shipping,Emis_IE_Shipping_11,0.0003252232557691
pmco,IE,2021,12,G_Shipping,Shipping,Emis_IE_Shipping_12,0.0003252232557691
pmco,IE,2021,1,H_Aviation,Aviation,Emis_IE_Aviation_1,0
pmco,IE,2021,2,H_Aviation,Aviation,Emis_IE_Aviation_2,0
pmco,IE,2021,3,H_Aviation,Aviation,Emis_IE_Aviation_3,0
pmco,IE,2021,4,H_Aviation,Aviation,Emis_IE_Aviation_4,0
pmco,IE,2021,5,H_Aviation,Aviation,Emis_IE_Aviation_5,0
pmco,IE,2021,6,H_Aviation,Aviation,Emis_IE_Aviation_6,0
pmco,IE,2021,7,H_Aviation,Aviation,Emis_IE_Aviation_7,0
pmco,IE,2021,8,H_Aviation,Aviation,Emis_IE_Aviation_8,0
pmco,IE,2021,9,H_Aviation,Aviation,Emis_IE_Aviation_9,0
pmco,IE,2021,10,H_Aviation,Aviation,Emis_IE_Aviation_10,0
pmco,IE,2021,11,H_Aviation,Aviation,Emis_IE_Aviation_11,0
pmco,IE,2021,12,H_Aviation,Aviation,Emis_IE_Aviation_12,0
pmco,IE,2021,1,I_Offroad,Offroad,Emis_IE_Offroad_1,0.000146888821472272
pmco,IE,2021,2,I_Offroad,Offroad,Emis_IE_Offroad_2,0.000146888821472272
pmco,IE,2021,3,I_Offroad,Offroad,Emis_IE_Offroad_3,0.000146888821472272
pmco,IE,2021,4,I_Offroad,Offroad,Emis_IE_Offroad_4,0.000146888821472272
pmco,IE,2021,5,I_Offroad,Offroad,Emis_IE_Offroad_5,0.000146888821472272
pmco,IE,2021,6,I_Offroad,Offroad,Emis_IE_Offroad_6,0.000146888821472272
pmco,IE,2021,7,I_Offroad,Offroad,Emis_IE_Offroad_7,0.000146888821472272
pmco,IE,2021,8,I_Offroad,Offroad,Emis_IE_Offroad_8,0.000146888821472272
pmco,IE,2021,9,I_Offroad,Offroad,Emis_IE_Offroad_9,0.000146888821472272
pmco,IE,2021,10,I_Offroad,Offroad,Emis_IE_Offroad_10,0.000146888821472272
pmco,IE,2021,11,I_Offroad,Offroad,Emis_IE_Offroad_11,0.000146888821472272
pmco,IE,2021,12,I_Offroad,Offroad,Emis_IE_Offroad_12,0.000146888821472272
pmco,IE,2021,1,J_Waste,Waste,Emis_IE_Waste_1,8.63175945255435e-06
pmco,IE,2021,2,J_Waste,Waste,Emis_IE_Waste_2,8.63175945255435e-06
pmco,IE,2021,3,J_Waste,Waste,Emis_IE_Waste_3,8.63175945255435e-06
pmco,IE,2021,4,J_Waste,Waste,Emis_IE_Waste_4,8.63175945255435e-06
pmco,IE,2021,5,J_Waste,Waste,Emis_IE_Waste_5,8.63175945255435e-06
pmco,IE,2021,6,J_Waste,Waste,Emis_IE_Waste_6,8.63175945255435e-06
pmco,IE,2021,7,J_Waste,Waste,Emis_IE_Waste_7,8.63175945255435e-06
pmco,IE,2021,8,J_Waste,Waste,Emis_IE_Waste_8,8.63175945255435e-06
pmco,IE,2021,9,J_Waste,Waste,Emis_IE_Waste_9,8.63175945255435e-06
pmco,IE,2021,10,J_Waste,Waste,Emis_IE_Waste_10,8.63175945255435e-06
pmco,IE,2021,11,J_Waste,Waste,Emis_IE_Waste_11,8.63175945255435e-06
pmco,IE,2021,12,J_Waste,Waste,Emis_IE_Waste_12,8.63175945255435e-06
pmco,IE,2021,1,K_AgriLivestock,AgriLivestock,Emis_IE_AgriLivestock_1,0.0750948099036705
pmco,IE,2021,2,K_AgriLivestock,AgriLivestock,Emis_IE_AgriLivestock_2,0.0808713337859134
pmco,IE,2021,3,K_AgriLivestock,AgriLivestock,Emis_IE_AgriLivestock_3,0.0808713337859134
pmco,IE,2021,4,K_AgriLivestock,AgriLivestock,Emis_IE_AgriLivestock_4,0.0924243816089995
pmco,IE,2021,5,K_AgriLivestock,AgriLivestock,Emis_IE_AgriLivestock_5,0.103977429013108
pmco,IE,2021,6,K_AgriLivestock,AgriLivestock,Emis_IE_AgriLivestock_6,0.115530476991063
pmco,IE,2021,7,K_AgriLivestock,AgriLivestock,Emis_IE_AgriLivestock_7,0.115530476991063
pmco,IE,2021,8,K_AgriLivestock,AgriLivestock,Emis_IE_AgriLivestock_8,0.115530476991063
pmco,IE,2021,9,K_AgriLivestock,AgriLivestock,Emis_IE_AgriLivestock_9,0.103977429013108
pmco,IE,2021,10,K_AgriLivestock,AgriLivestock,Emis_IE_AgriLivestock_10,0.103977429013108
pmco,IE,2021,11,K_AgriLivestock,AgriLivestock,Emis_IE_AgriLivestock_11,0.0866478575114787
pmco,IE,2021,12,K_AgriLivestock,AgriLivestock,Emis_IE_AgriLivestock_12,0.0808713337859134
pmco,IE,2021,1,L_AgriOther,AgriOther,Emis_IE_AgriOther_1,0.0691054076255098
pmco,IE,2021,2,L_AgriOther,AgriOther,Emis_IE_AgriOther_2,0.0744212082152666
pmco,IE,2021,3,L_AgriOther,AgriOther,Emis_IE_AgriOther_3,0.0744212082152666
pmco,IE,2021,4,L_AgriOther,AgriOther,Emis_IE_AgriOther_4,0.0850528093897477
pmco,IE,2021,5,L_AgriOther,AgriOther,Emis_IE_AgriOther_5,0.0956844105485274
pmco,IE,2021,6,L_AgriOther,AgriOther,Emis_IE_AgriOther_6,0.10631601171563
pmco,IE,2021,7,L_AgriOther,AgriOther,Emis_IE_AgriOther_7,0.10631601171563
pmco,IE,2021,8,L_AgriOther,AgriOther,Emis_IE_AgriOther_8,0.10631601171563
pmco,IE,2021,9,L_AgriOther,AgriOther,Emis_IE_AgriOther_9,0.0956844105485274
pmco,IE,2021,10,L_AgriOther,AgriOther,Emis_IE_AgriOther_10,0.0956844105485274
pmco,IE,2021,11,L_AgriOther,AgriOther,Emis_IE_AgriOther_11,0.0797370087896607
pmco,IE,2021,12,L_AgriOther,AgriOther,Emis_IE_AgriOther_12,0.0744212082152666
pmco,IE,2021,1,M_Other,Other,Emis_IE_Other_1,0
pmco,IE,2021,2,M_Other,Other,Emis_IE_Other_2,0
pmco,IE,2021,3,M_Other,Other,Emis_IE_Other_3,0
pmco,IE,2021,4,M_Other,Other,Emis_IE_Other_4,0
pmco,IE,2021,5,M_Other,Other,Emis_IE_Other_5,0
pmco,IE,2021,6,M_Other,Other,Emis_IE_Other_6,0
pmco,IE,2021,7,M_Other,Other,Emis_IE_Other_7,0
pmco,IE,2021,8,M_Other,Other,Emis_IE_Other_8,0
pmco,IE,2021,9,M_Other,Other,Emis_IE_Other_9,0
pmco,IE,2021,10,M_Other,Other,Emis_IE_Other_10,0
pmco,IE,2021,11,M_Other,Other,Emis_IE_Other_11,0
pmco,IE,2021,12,M_Other,Other,Emis_IE_Other_12,0
pmco,SEA,2021,1,A_PublicPower,PublicPower,Emis_SEA_PublicPower_1,1.07333274718258e-06
pmco,SEA,2021,2,A_PublicPower,PublicPower,Emis_SEA_PublicPower_2,1.00451790513034e-06
pmco,SEA,2021,3,A_PublicPower,PublicPower,Emis_SEA_PublicPower_3,1.10818700522941e-06
pmco,SEA,2021,4,A_PublicPower,PublicPower,Emis_SEA_PublicPower_4,9.9468721964513e-07
pmco,SEA,2021,5,A_PublicPower,PublicPower,Emis_SEA_PublicPower_5,7.44451445370942e-07
pmco,SEA,2021,6,A_PublicPower,PublicPower,Emis_SEA_PublicPower_6,8.15053669612098e-07
pmco,SEA,2021,7,A_PublicPower,PublicPower,Emis_SEA_PublicPower_7,8.03435564193933e-07
pmco,SEA,2021,8,A_PublicPower,PublicPower,Emis_SEA_PublicPower_8,6.70274399908521e-07
pmco,SEA,2021,9,A_PublicPower,PublicPower,Emis_SEA_PublicPower_9,7.79305702963029e-07
pmco,SEA,2021,10,A_PublicPower,PublicPower,Emis_SEA_PublicPower_10,8.55270143802045e-07
pmco,SEA,2021,11,A_PublicPower,PublicPower,Emis_SEA_PublicPower_11,8.46333138724731e-07
pmco,SEA,2021,12,A_PublicPower,PublicPower,Emis_SEA_PublicPower_12,1.03132888762048e-06
pmco,SEA,2021,1,B_Industry,Industry,Emis_SEA_Industry_1,0.000841677800620119
pmco,SEA,2021,2,B_Industry,Industry,Emis_SEA_Industry_2,0.000760731367358092
pmco,SEA,2021,3,B_Industry,Industry,Emis_SEA_Industry_3,0.000841677800620119
pmco,SEA,2021,4,B_Industry,Industry,Emis_SEA_Industry_4,0.000814420356314155
pmco,SEA,2021,5,B_Industry,Industry,Emis_SEA_Industry_5,0.000841677800620119
pmco,SEA,2021,6,B_Industry,Industry,Emis_SEA_Industry_6,0.000814420356314155
pmco,SEA,2021,7,B_Industry,Industry,Emis_SEA_Industry_7,0.000841677800620119
pmco,SEA,2021,8,B_Industry,Industry,Emis_SEA_Industry_8,0.000841677800620119
pmco,SEA,2021,9,B_Industry,Industry,Emis_SEA_Industry_9,0.000814420356314155
pmco,SEA,2021,10,B_Industry,Industry,Emis_SEA_Industry_10,0.000841677800620119
pmco,SEA,2021,11,B_Industry,Industry,Emis_SEA_Industry_11,0.000814420356314155
pmco,SEA,2021,12,B_Industry,Industry,Emis_SEA_Industry_12,0.000841677800620119
pmco,SEA,2021,1,C_OtherStationaryComb,OtherStationaryComb,Emis_SEA_OtherStationaryComb_1,7.46113544573105e-07
pmco,SEA,2021,2,C_OtherStationaryComb,OtherStationaryComb,Emis_SEA_OtherStationaryComb_2,6.98460764960799e-07
pmco,SEA,2021,3,C_OtherStationaryComb,OtherStationaryComb,Emis_SEA_OtherStationaryComb_3,5.97049924757683e-07
pmco,SEA,2021,4,C_OtherStationaryComb,OtherStationaryComb,Emis_SEA_OtherStationaryComb_4,5.15442094215708e-07
pmco,SEA,2021,5,C_OtherStationaryComb,OtherStationaryComb,Emis_SEA_OtherStationaryComb_5,2.97555342546195e-07
pmco,SEA,2021,6,C_OtherStationaryComb,OtherStationaryComb,Emis_SEA_OtherStationaryComb_6,2.61925911890131e-07
pmco,SEA,2021,7,C_OtherStationaryComb,OtherStationaryComb,Emis_SEA_OtherStationaryComb_7,2.70678953506389e-07
pmco,SEA,2021,8,C_OtherStationaryComb,OtherStationaryComb,Emis_SEA_OtherStationaryComb_8,2.70678953506389e-07
pmco,SEA,2021,9,C_OtherStationaryComb,OtherStationaryComb,Emis_SEA_OtherStationaryComb_9,2.61925911890131e-07
pmco,SEA,2021,10,C_OtherStationaryComb,OtherStationaryComb,Emis_SEA_OtherStationaryComb_10,3.95300489377002e-07
pmco,SEA,2021,11,C_OtherStationaryComb,OtherStationaryComb,Emis_SEA_OtherStationaryComb_11,5.27171939865416e-07
pmco,SEA,2021,12,C_OtherStationaryComb,OtherStationaryComb,Emis_SEA_OtherStationaryComb_12,7.08039290723851e-07
pmco,SEA,2021,1,D_Fugitive,Fugitive,Emis_SEA_Fugitive_1,0
pmco,SEA,2021,2,D_Fugitive,Fugitive,Emis_SEA_Fugitive_2,0
pmco,SEA,2021,3,D_Fugitive,Fugitive,Emis_SEA_Fugitive_3,0
pmco,SEA,2021,4,D_Fugitive,Fugitive,Emis_SEA_Fugitive_4,0
pmco,SEA,2021,5,D_Fugitive,Fugitive,Emis_SEA_Fugitive_5,0
pmco,SEA,2021,6,D_Fugitive,Fugitive,Emis_SEA_Fugitive_6,0
pmco,SEA,2021,7,D_Fugitive,Fugitive,Emis_SEA_Fugitive_7,0
pmco,SEA,2021,8,D_Fugitive,Fugitive,Emis_SEA_Fugitive_8,0
pmco,SEA,2021,9,D_Fugitive,Fugitive,Emis_SEA_Fugitive_9,0
pmco,SEA,2021,10,D_Fugitive,Fugitive,Emis_SEA_Fugitive_10,0
pmco,SEA,2021,11,D_Fugitive,Fugitive,Emis_SEA_Fugitive_11,0
pmco,SEA,2021,12,D_Fugitive,Fugitive,Emis_SEA_Fugitive_12,0
pmco,SEA,2021,1,E_Solvents,Solvents,Emis_SEA_Solvents_1,3.56966084780197e-08
pmco,SEA,2021,2,E_Solvents,Solvents,Emis_SEA_Solvents_2,3.56966084780197e-08
pmco,SEA,2021,3,E_Solvents,Solvents,Emis_SEA_Solvents_3,3.56966084780197e-08
pmco,SEA,2021,4,E_Solvents,Solvents,Emis_SEA_Solvents_4,3.56966084780197e-08
pmco,SEA,2021,5,E_Solvents,Solvents,Emis_SEA_Solvents_5,3.56966084780197e-08
pmco,SEA,2021,6,E_Solvents,Solvents,Emis_SEA_Solvents_6,3.56966084780197e-08
pmco,SEA,2021,7,E_Solvents,Solvents,Emis_SEA_Solvents_7,3.56966084780197e-08
pmco,SEA,2021,8,E_Solvents,Solvents,Emis_SEA_Solvents_8,3.56966084780197e-08
pmco,SEA,2021,9,E_Solvents,Solvents,Emis_SEA_Solvents_9,3.56966084780197e-08
pmco,SEA,2021,10,E_Solvents,Solvents,Emis_SEA_Solvents_10,3.56966084780197e-08
pmco,SEA,2021,11,E_Solvents,Solvents,Emis_SEA_Solvents_11,3.56966084780197e-08
pmco,SEA,2021,12,E_Solvents,Solvents,Emis_SEA_Solvents_12,3.56966084780197e-08
pmco,SEA,2021,1,F_RoadTransport,RoadTransport,Emis_SEA_RoadTransport_1,3.20793845459168e-08
pmco,SEA,2021,2,F_RoadTransport,RoadTransport,Emis_SEA_RoadTransport_2,3.20793845459168e-08
pmco,SEA,2021,3,F_RoadTransport,RoadTransport,Emis_SEA_RoadTransport_3,3.20793845459168e-08
pmco,SEA,2021,4,F_RoadTransport,RoadTransport,Emis_SEA_RoadTransport_4,3.20793845459168e-08
pmco,SEA,2021,5,F_RoadTransport,RoadTransport,Emis_SEA_RoadTransport_5,3.20793845459168e-08
pmco,SEA,2021,6,F_RoadTransport,RoadTransport,Emis_SEA_RoadTransport_6,3.20793845459168e-08
pmco,SEA,2021,7,F_RoadTransport,RoadTransport,Emis_SEA_RoadTransport_7,3.20793845459168e-08
pmco,SEA,2021,8,F_RoadTransport,RoadTransport,Emis_SEA_RoadTransport_8,3.20793845459168e-08
pmco,SEA,2021,9,F_RoadTransport,RoadTransport,Emis_SEA_RoadTransport_9,3.20793845459168e-08
pmco,SEA,2021,10,F_RoadTransport,RoadTransport,Emis_SEA_RoadTransport_10,3.20793845459168e-08
pmco,SEA,2021,11,F_RoadTransport,RoadTransport,Emis_SEA_RoadTransport_11,3.20793845459168e-08
pmco,SEA,2021,12,F_RoadTransport,RoadTransport,Emis_SEA_RoadTransport_12,3.20793845459168e-08
pmco,SEA,2021,1,G_Shipping,Shipping,Emis_SEA_Shipping_1,0.000747258252876498
pmco,SEA,2021,2,G_Shipping,Shipping,Emis_SEA_Shipping_2,0.000747258252876498
pmco,SEA,2021,3,G_Shipping,Shipping,Emis_SEA_Shipping_3,0.000747258252876498
pmco,SEA,2021,4,G_Shipping,Shipping,Emis_SEA_Shipping_4,0.000747258252876498
pmco,SEA,2021,5,G_Shipping,Shipping,Emis_SEA_Shipping_5,0.000747258252876498
pmco,SEA,2021,6,G_Shipping,Shipping,Emis_SEA_Shipping_6,0.000747258252876498
pmco,SEA,2021,7,G_Shipping,Shipping,Emis_SEA_Shipping_7,0.000747258252876498
pmco,SEA,2021,8,G_Shipping,Shipping,Emis_SEA_Shipping_8,0.000747258252876498
pmco,SEA,2021,9,G_Shipping,Shipping,Emis_SEA_Shipping_9,0.000747258252876498
pmco,SEA,2021,10,G_Shipping,Shipping,Emis_SEA_Shipping_10,0.000747258252876498
pmco,SEA,2021,11,G_Shipping,Shipping,Emis_SEA_Shipping_11,0.000747258252876498
pmco,SEA,2021,12,G_Shipping,Shipping,Emis_SEA_Shipping_12,0.000747258252876498
pmco,SEA,2021,1,H_Aviation,Aviation,Emis_SEA_Aviation_1,0
pmco,SEA,2021,2,H_Aviation,Aviation,Emis_SEA_Aviation_2,0
pmco,SEA,2021,3,H_Aviation,Aviation,Emis_SEA_Aviation_3,0
pmco,SEA,2021,4,H_Aviation,Aviation,Emis_SEA_Aviation_4,0
pmco,SEA,2021,5,H_Aviation,Aviation,Emis_SEA_Aviation_5,0
pmco,SEA,2021,6,H_Aviation,Aviation,Emis_SEA_Aviation_6,0
pmco,SEA,2021,7,H_Aviation,Aviation,Emis_SEA_Aviation_7,0
pmco,SEA,2021,8,H_Aviation,Aviation,Emis_SEA_Aviation_8,0
pmco,SEA,2021,9,H_Aviation,Aviation,Emis_SEA_Aviation_9,0
pmco,SEA,2021,10,H_Aviation,Aviation,Emis_SEA_Aviation_10,0
pmco,SEA,2021,11,H_Aviation,Aviation,Emis_SEA_Aviation_11,0
pmco,SEA,2021,12,H_Aviation,Aviation,Emis_SEA_Aviation_12,0
pmco,SEA,2021,1,I_Offroad,Offroad,Emis_SEA_Offroad_1,0.00244802748181507
pmco,SEA,2021,2,I_Offroad,Offroad,Emis_SEA_Offroad_2,0.00244802748181507
pmco,SEA,2021,3,I_Offroad,Offroad,Emis_SEA_Offroad_3,0.00244802748181507
pmco,SEA,2021,4,I_Offroad,Offroad,Emis_SEA_Offroad_4,0.00244802748181507
pmco,SEA,2021,5,I_Offroad,Offroad,Emis_SEA_Offroad_5,0.00244802748181507
pmco,SEA,2021,6,I_Offroad,Offroad,Emis_SEA_Offroad_6,0.00244802748181507
pmco,SEA,2021,7,I_Offroad,Offroad,Emis_SEA_Offroad_7,0.00244802748181507
pmco,SEA,2021,8,I_Offroad,Offroad,Emis_SEA_Offroad_8,0.00244802748181507
pmco,SEA,2021,9,I_Offroad,Offroad,Emis_SEA_Offroad_9,0.00244802748181507
pmco,SEA,2021,10,I_Offroad,Offroad,Emis_SEA_Offroad_10,0.00244802748181507
pmco,SEA,2021,11,I_Offroad,Offroad,Emis_SEA_Offroad_11,0.00244802748181507
pmco,SEA,2021,12,I_Offroad,Offroad,Emis_SEA_Offroad_12,0.00244802748181507
pmco,SEA,2021,1,J_Waste,Waste,Emis_SEA_Waste_1,3.38000213428558e-07
pmco,SEA,2021,2,J_Waste,Waste,Emis_SEA_Waste_2,3.38000213428558e-07
pmco,SEA,2021,3,J_Waste,Waste,Emis_SEA_Waste_3,3.38000213428558e-07
pmco,SEA,2021,4,J_Waste,Waste,Emis_SEA_Waste_4,3.38000213428558e-07
pmco,SEA,2021,5,J_Waste,Waste,Emis_SEA_Waste_5,3.38000213428558e-07
pmco,SEA,2021,6,J_Waste,Waste,Emis_SEA_Waste_6,3.38000213428558e-07
pmco,SEA,2021,7,J_Waste,Waste,Emis_SEA_Waste_7,3.38000213428558e-07
pmco,SEA,2021,8,J_Waste,Waste,Emis_SEA_Waste_8,3.38000213428558e-07
pmco,SEA,2021,9,J_Waste,Waste,Emis_SEA_Waste_9,3.38000213428558e-07
pmco,SEA,2021,10,J_Waste,Waste,Emis_SEA_Waste_10,3.38000213428558e-07
pmco,SEA,2021,11,J_Waste,Waste,Emis_SEA_Waste_11,3.38000213428558e-07
pmco,SEA,2021,12,J_Waste,Waste,Emis_SEA_Waste_12,3.38000213428558e-07
pmco,SEA,2021,1,K_AgriLivestock,AgriLivestock,Emis_SEA_AgriLivestock_1,8.00629598737146e-06
pmco,SEA,2021,2,K_AgriLivestock,AgriLivestock,Emis_SEA_AgriLivestock_2,8.62216498052604e-06
pmco,SEA,2021,3,K_AgriLivestock,AgriLivestock,Emis_SEA_AgriLivestock_3,8.62216498052604e-06
pmco,SEA,2021,4,K_AgriLivestock,AgriLivestock,Emis_SEA_AgriLivestock_4,9.85390261687513e-06
pmco,SEA,2021,5,K_AgriLivestock,AgriLivestock,Emis_SEA_AgriLivestock_5,1.10856406571287e-05
pmco,SEA,2021,6,K_AgriLivestock,AgriLivestock,Emis_SEA_AgriLivestock_6,1.23173784424679e-05
pmco,SEA,2021,7,K_AgriLivestock,AgriLivestock,Emis_SEA_AgriLivestock_7,1.23173784424679e-05
pmco,SEA,2021,8,K_AgriLivestock,AgriLivestock,Emis_SEA_AgriLivestock_8,1.23173784424679e-05
pmco,SEA,2021,9,K_AgriLivestock,AgriLivestock,Emis_SEA_AgriLivestock_9,1.10856406571287e-05
pmco,SEA,2021,10,K_AgriLivestock,AgriLivestock,Emis_SEA_AgriLivestock_10,1.10856406571287e-05
pmco,SEA,2021,11,K_AgriLivestock,AgriLivestock,Emis_SEA_AgriLivestock_11,9.23803364423748e-06
pmco,SEA,2021,12,K_AgriLivestock,AgriLivestock,Emis_SEA_AgriLivestock_12,8.62216498052604e-06
pmco,SEA,2021,1,L_AgriOther,AgriOther,Emis_SEA_AgriOther_1,1.51207811391885e-08
pmco,SEA,2021,2,L_AgriOther,AgriOther,Emis_SEA_AgriOther_2,1.62839186259589e-08
pmco,SEA,2021,3,L_AgriOther,AgriOther,Emis_SEA_AgriOther_3,1.62839186259589e-08
pmco,SEA,2021,4,L_AgriOther,AgriOther,Emis_SEA_AgriOther_4,1.86101925745419e-08
pmco,SEA,2021,5,L_AgriOther,AgriOther,Emis_SEA_AgriOther_5,2.09364664716105e-08
pmco,SEA,2021,6,L_AgriOther,AgriOther,Emis_SEA_AgriOther_6,2.32627404219699e-08
pmco,SEA,2021,7,L_AgriOther,AgriOther,Emis_SEA_AgriOther_7,2.32627404219699e-08
pmco,SEA,2021,8,L_AgriOther,AgriOther,Emis_SEA_AgriOther_8,2.32627404219699e-08
pmco,SEA,2021,9,L_AgriOther,AgriOther,Emis_SEA_AgriOther_9,2.09364664716105e-08
pmco,SEA,2021,10,L_AgriOther,AgriOther,Emis_SEA_AgriOther_10,2.09364664716105e-08
pmco,SEA,2021,11,L_AgriOther,AgriOther,Emis_SEA_AgriOther_11,1.74470551463912e-08
pmco,SEA,2021,12,L_AgriOther,AgriOther,Emis_SEA_AgriOther_12,1.62839186259589e-08
pmco,SEA,2021,1,M_Other,Other,Emis_SEA_Other_1,6.41984833293918e-09
pmco,SEA,2021,2,M_Other,Other,Emis_SEA_Other_2,6.41984833293918e-09
pmco,SEA,2021,3,M_Other,Other,Emis_SEA_Other_3,6.41984833293918e-09
pmco,SEA,2021,4,M_Other,Other,Emis_SEA_Other_4,6.41984833293918e-09
pmco,SEA,2021,5,M_Other,Other,Emis_SEA_Other_5,6.41984833293918e-09
pmco,SEA,2021,6,M_Other,Other,Emis_SEA_Other_6,6.41984833293918e-09
pmco,SEA,2021,7,M_Other,Other,Emis_SEA_Other_7,6.41984833293918e-09
pmco,SEA,2021,8,M_Other,Other,Emis_SEA_Other_8,6.41984833293918e-09
pmco,SEA,2021,9,M_Other,Other,Emis_SEA_Other_9,6.41984833293918e-09
pmco,SEA,2021,10,M_Other,Other,Emis_SEA_Other_10,6.41984833293918e-09
pmco,SEA,2021,11,M_Other,Other,Emis_SEA_Other_11,6.41984833293918e-09
pmco,SEA,2021,12,M_Other,Other,Emis_SEA_Other_12,6.41984833293918e-09
pmco,UK,2022,1,A_PublicPower,PublicPower,Emis_UK_PublicPower_1,0.0378247574155807
pmco,UK,2022,2,A_PublicPower,PublicPower,Emis_UK_PublicPower_2,0.035399689708818
pmco,UK,2022,3,A_PublicPower,PublicPower,Emis_UK_PublicPower_3,0.0390530384797188
pmco,UK,2022,4,A_PublicPower,PublicPower,Emis_UK_PublicPower_4,0.0350532514595434
pmco,UK,2022,5,A_PublicPower,PublicPower,Emis_UK_PublicPower_5,0.026234823427906
pmco,UK,2022,6,A_PublicPower,PublicPower,Emis_UK_PublicPower_6,0.0287228799052634
pmco,UK,2022,7,A_PublicPower,PublicPower,Emis_UK_PublicPower_7,0.028313452900656
pmco,UK,2022,8,A_PublicPower,PublicPower,Emis_UK_PublicPower_8,0.0236207893969303
pmco,UK,2022,9,A_PublicPower,PublicPower,Emis_UK_PublicPower_9,0.027463104474048
pmco,UK,2022,10,A_PublicPower,PublicPower,Emis_UK_PublicPower_10,0.0301401272748569
pmco,UK,2022,11,A_PublicPower,PublicPower,Emis_UK_PublicPower_11,0.0298251834236809
pmco,UK,2022,12,A_PublicPower,PublicPower,Emis_UK_PublicPower_12,0.0363445212952334
pmco,UK,2022,1,B_Industry,Industry,Emis_UK_Industry_1,3.18645453917795
pmco,UK,2022,2,B_Industry,Industry,Emis_UK_Industry_2,2.88000454490938
pmco,UK,2022,3,B_Industry,Industry,Emis_UK_Industry_3,3.18645453917795
pmco,UK,2022,4,B_Industry,Industry,Emis_UK_Industry_4,3.08326219457795
pmco,UK,2022,5,B_Industry,Industry,Emis_UK_Industry_5,3.18645453917795
pmco,UK,2022,6,B_Industry,Industry,Emis_UK_Industry_6,3.08326219457795
pmco,UK,2022,7,B_Industry,Industry,Emis_UK_Industry_7,3.18645453917795
pmco,UK,2022,8,B_Industry,Industry,Emis_UK_Industry_8,3.18645453917795
pmco,UK,2022,9,B_Industry,Industry,Emis_UK_Industry_9,3.08326219457795
pmco,UK,2022,10,B_Industry,Industry,Emis_UK_Industry_10,3.18645453917795
pmco,UK,2022,11,B_Industry,Industry,Emis_UK_Industry_11,3.08326219457795
pmco,UK,2022,12,B_Industry,Industry,Emis_UK_Industry_12,3.18645453917795
pmco,UK,2022,1,C_OtherStationaryComb,OtherStationaryComb,Emis_UK_OtherStationaryComb_1,0.0856474368796472
pmco,UK,2022,2,C_OtherStationaryComb,OtherStationaryComb,Emis_UK_OtherStationaryComb_2,0.0789653760082125
pmco,UK,2022,3,C_OtherStationaryComb,OtherStationaryComb,Emis_UK_OtherStationaryComb_3,0.0626748042969001
pmco,UK,2022,4,C_OtherStationaryComb,OtherStationaryComb,Emis_UK_OtherStationaryComb_4,0.0515055201259171
pmco,UK,2022,5,C_OtherStationaryComb,OtherStationaryComb,Emis_UK_OtherStationaryComb_5,0.0288743067315929
pmco,UK,2022,6,C_OtherStationaryComb,OtherStationaryComb,Emis_UK_OtherStationaryComb_6,0.025899082564812
pmco,UK,2022,7,C_OtherStationaryComb,OtherStationaryComb,Emis_UK_OtherStationaryComb_7,0.0267282433956009
pmco,UK,2022,8,C_OtherStationaryComb,OtherStationaryComb,Emis_UK_OtherStationaryComb_8,0.0267282433956009
pmco,UK,2022,9,C_OtherStationaryComb,OtherStationaryComb,Emis_UK_OtherStationaryComb_9,0.025899082564812
pmco,UK,2022,10,C_OtherStationaryComb,OtherStationaryComb,Emis_UK_OtherStationaryComb_10,0.0358977867539683
pmco,UK,2022,11,C_OtherStationaryComb,OtherStationaryComb,Emis_UK_OtherStationaryComb_11,0.0527736484560229
pmco,UK,2022,12,C_OtherStationaryComb,OtherStationaryComb,Emis_UK_OtherStationaryComb_12,0.0836964701856255
pmco,UK,2022,1,D_Fugitive,Fugitive,Emis_UK_Fugitive_1,0.00221519104065374
pmco,UK,2022,2,D_Fugitive,Fugitive,Emis_UK_Fugitive_2,0.00221519104065374
pmco,UK,2022,3,D_Fugitive,Fugitive,Emis_UK_Fugitive_3,0.00221519104065374
pmco,UK,2022,4,D_Fugitive,Fugitive,Emis_UK_Fugitive_4,0.00221519104065374
pmco,UK,2022,5,D_Fugitive,Fugitive,Emis_UK_Fugitive_5,0.00221519104065374
pmco,UK,2022,6,D_Fugitive,Fugitive,Emis_UK_Fugitive_6,0.00221519104065374
pmco,UK,2022,7,D_Fugitive,Fugitive,Emis_UK_Fugitive_7,0.00221519104065374
pmco,UK,2022,8,D_Fugitive,Fugitive,Emis_UK_Fugitive_8,0.00221519104065374
pmco,UK,2022,9,D_Fugitive,Fugitive,Emis_UK_Fugitive_9,0.00221519104065374
pmco,UK,2022,10,D_Fugitive,Fugitive,Emis_UK_Fugitive_10,0.00221519104065374
pmco,UK,2022,11,D_Fugitive,Fugitive,Emis_UK_Fugitive_11,0.00221519104065374
pmco,UK,2022,12,D_Fugitive,Fugitive,Emis_UK_Fugitive_12,0.00221519104065374
pmco,UK,2022,1,E_Solvents,Solvents,Emis_UK_Solvents_1,0.0860219018922689
pmco,UK,2022,2,E_Solvents,Solvents,Emis_UK_Solvents_2,0.0860219018922689
pmco,UK,2022,3,E_Solvents,Solvents,Emis_UK_Solvents_3,0.0860219018922689
pmco,UK,2022,4,E_Solvents,Solvents,Emis_UK_Solvents_4,0.0860219018922689
pmco,UK,2022,5,E_Solvents,Solvents,Emis_UK_Solvents_5,0.0860219018922689
pmco,UK,2022,6,E_Solvents,Solvents,Emis_UK_Solvents_6,0.0860219018922689
pmco,UK,2022,7,E_Solvents,Solvents,Emis_UK_Solvents_7,0.0860219018922689
pmco,UK,2022,8,E_Solvents,Solvents,Emis_UK_Solvents_8,0.0860219018922689
pmco,UK,2022,9,E_Solvents,Solvents,Emis_UK_Solvents_9,0.0860219018922689
pmco,UK,2022,10,E_Solvents,Solvents,Emis_UK_Solvents_10,0.0860219018922689
pmco,UK,2022,11,E_Solvents,Solvents,Emis_UK_Solvents_11,0.0860219018922689
pmco,UK,2022,12,E_Solvents,Solvents,Emis_UK_Solvents_12,0.0860219018922689
pmco,UK,2022,1,F_RoadTransport,RoadTransport,Emis_UK_RoadTransport_1,2.00634025558377
pmco,UK,2022,2,F_RoadTransport,RoadTransport,Emis_UK_RoadTransport_2,2.00634025558377
pmco,UK,2022,3,F_RoadTransport,RoadTransport,Emis_UK_RoadTransport_3,2.00634025558377
pmco,UK,2022,4,F_RoadTransport,RoadTransport,Emis_UK_RoadTransport_4,2.00634025558377
pmco,UK,2022,5,F_RoadTransport,RoadTransport,Emis_UK_RoadTransport_5,2.00634025558377
pmco,UK,2022,6,F_RoadTransport,RoadTransport,Emis_UK_RoadTransport_6,2.00634025558377
pmco,UK,2022,7,F_RoadTransport,RoadTransport,Emis_UK_RoadTransport_7,2.00634025558377
pmco,UK,2022,8,F_RoadTransport,RoadTransport,Emis_UK_RoadTransport_8,2.00634025558377
pmco,UK,2022,9,F_RoadTransport,RoadTransport,Emis_UK_RoadTransport_9,2.00634025558377
pmco,UK,2022,10,F_RoadTransport,RoadTransport,Emis_UK_RoadTransport_10,2.00634025558377
pmco,UK,2022,11,F_RoadTransport,RoadTransport,Emis_UK_RoadTransport_11,2.00634025558377
pmco,UK,2022,12,F_RoadTransport,RoadTransport,Emis_UK_RoadTransport_12,2.00634025558377
pmco,UK,2022,1,G_Shipping,Shipping,Emis_UK_Shipping_1,0
pmco,UK,2022,2,G_Shipping,Shipping,Emis_UK_Shipping_2,0
pmco,UK,2022,3,G_Shipping,Shipping,Emis_UK_Shipping_3,0
pmco,UK,2022,4,G_Shipping,Shipping,Emis_UK_Shipping_4,0
pmco,UK,2022,5,G_Shipping,Shipping,Emis_UK_Shipping_5,0
pmco,UK,2022,6,G_Shipping,Shipping,Emis_UK_Shipping_6,0
pmco,UK,2022,7,G_Shipping,Shipping,Emis_UK_Shipping_7,0
pmco,UK,2022,8,G_Shipping,Shipping,Emis_UK_Shipping_8,0
pmco,UK,2022,9,G_Shipping,Shipping,Emis_UK_Shipping_9,0
pmco,UK,2022,10,G_Shipping,Shipping,Emis_UK_Shipping_10,0
pmco,UK,2022,11,G_Shipping,Shipping,Emis_UK_Shipping_11,0
pmco,UK,2022,12,G_Shipping,Shipping,Emis_UK_Shipping_12,0
pmco,UK,2022,1,H_Aviation,Aviation,Emis_UK_Aviation_1,0
pmco,UK,2022,2,H_Aviation,Aviation,Emis_UK_Aviation_2,0
pmco,UK,2022,3,H_Aviation,Aviation,Emis_UK_Aviation_3,0
pmco,UK,2022,4,H_Aviation,Aviation,Emis_UK_Aviation_4,0
pmco,UK,2022,5,H_Aviation,Aviation,Emis_UK_Aviation_5,0
pmco,UK,2022,6,H_Aviation,Aviation,Emis_UK_Aviation_6,0
pmco,UK,2022,7,H_Aviation,Aviation,Emis_UK_Aviation_7,0
pmco,UK,2022,8,H_Aviation,Aviation,Emis_UK_Aviation_8,0
pmco,UK,2022,9,H_Aviation,Aviation,Emis_UK_Aviation_9,0
pmco,UK,2022,10,H_Aviation,Aviation,Emis_UK_Aviation_10,0
pmco,UK,2022,11,H_Aviation,Aviation,Emis_UK_Aviation_11,0
pmco,UK,2022,12,H_Aviation,Aviation,Emis_UK_Aviation_12,0
pmco,UK,2022,1,I_Offroad,Offroad,Emis_UK_Offroad_1,0.00991073900304038
pmco,UK,2022,2,I_Offroad,Offroad,Emis_UK_Offroad_2,0.00991073900304038
pmco,UK,2022,3,I_Offroad,Offroad,Emis_UK_Offroad_3,0.00991073900304038
pmco,UK,2022,4,I_Offroad,Offroad,Emis_UK_Offroad_4,0.00991073900304038
pmco,UK,2022,5,I_Offroad,Offroad,Emis_UK_Offroad_5,0.00991073900304038
pmco,UK,2022,6,I_Offroad,Offroad,Emis_UK_Offroad_6,0.00991073900304038
pmco,UK,2022,7,I_Offroad,Offroad,Emis_UK_Offroad_7,0.00991073900304038
pmco,UK,2022,8,I_Offroad,Offroad,Emis_UK_Offroad_8,0.00991073900304038
pmco,UK,2022,9,I_Offroad,Offroad,Emis_UK_Offroad_9,0.00991073900304038
pmco,UK,2022,10,I_Offroad,Offroad,Emis_UK_Offroad_10,0.00991073900304038
pmco,UK,2022,11,I_Offroad,Offroad,Emis_UK_Offroad_11,0.00991073900304038
pmco,UK,2022,12,I_Offroad,Offroad,Emis_UK_Offroad_12,0.00991073900304038
pmco,UK,2022,1,J_Waste,Waste,Emis_UK_Waste_1,0.0316618936126381
pmco,UK,2022,2,J_Waste,Waste,Emis_UK_Waste_2,0.0316618936126381
pmco,UK,2022,3,J_Waste,Waste,Emis_UK_Waste_3,0.0316618936126381
pmco,UK,2022,4,J_Waste,Waste,Emis_UK_Waste_4,0.0316618936126381
pmco,UK,2022,5,J_Waste,Waste,Emis_UK_Waste_5,0.0316618936126381
pmco,UK,2022,6,J_Waste,Waste,Emis_UK_Waste_6,0.0316618936126381
pmco,UK,2022,7,J_Waste,Waste,Emis_UK_Waste_7,0.0316618936126381
pmco,UK,2022,8,J_Waste,Waste,Emis_UK_Waste_8,0.0316618936126381
pmco,UK,2022,9,J_Waste,Waste,Emis_UK_Waste_9,0.0316618936126381
pmco,UK,2022,10,J_Waste,Waste,Emis_UK_Waste_10,0.0316618936126381
pmco,UK,2022,11,J_Waste,Waste,Emis_UK_Waste_11,0.0316618936126381
pmco,UK,2022,12,J_Waste,Waste,Emis_UK_Waste_12,0.0316618936126381
pmco,UK,2022,1,K_AgriLivestock,AgriLivestock,Emis_UK_AgriLivestock_1,0.833310116155051
pmco,UK,2022,2,K_AgriLivestock,AgriLivestock,Emis_UK_AgriLivestock_2,0.89741089408349
pmco,UK,2022,3,K_AgriLivestock,AgriLivestock,Emis_UK_AgriLivestock_3,0.89741089408349
pmco,UK,2022,4,K_AgriLivestock,AgriLivestock,Emis_UK_AgriLivestock_4,1.02561245042887
pmco,UK,2022,5,K_AgriLivestock,AgriLivestock,Emis_UK_AgriLivestock_5,1.15381400673937
pmco,UK,2022,6,K_AgriLivestock,AgriLivestock,Emis_UK_AgriLivestock_6,1.28201556306005
pmco,UK,2022,7,K_AgriLivestock,AgriLivestock,Emis_UK_AgriLivestock_7,1.28201556306005
pmco,UK,2022,8,K_AgriLivestock,AgriLivestock,Emis_UK_AgriLivestock_8,1.28201556306005
pmco,UK,2022,9,K_AgriLivestock,AgriLivestock,Emis_UK_AgriLivestock_9,1.15381400673937
pmco,UK,2022,10,K_AgriLivestock,AgriLivestock,Emis_UK_AgriLivestock_10,1.15381400673937
pmco,UK,2022,11,K_AgriLivestock,AgriLivestock,Emis_UK_AgriLivestock_11,0.961511672210337
pmco,UK,2022,12,K_AgriLivestock,AgriLivestock,Emis_UK_AgriLivestock_12,0.89741089408349
pmco,UK,2022,1,L_AgriOther,AgriOther,Emis_UK_AgriOther_1,0
pmco,UK,2022,2,L_AgriOther,AgriOther,Emis_UK_AgriOther_2,0
pmco,UK,2022,3,L_AgriOther,AgriOther,Emis_UK_AgriOther_3,0
pmco,UK,2022,4,L_AgriOther,AgriOther,Emis_UK_AgriOther_4,0
pmco,UK,2022,5,L_AgriOther,AgriOther,Emis_UK_AgriOther_5,0
pmco,UK,2022,6,L_AgriOther,AgriOther,Emis_UK_AgriOther_6,0
pmco,UK,2022,7,L_AgriOther,AgriOther,Emis_UK_AgriOther_7,0
pmco,UK,2022,8,L_AgriOther,AgriOther,Emis_UK_AgriOther_8,0
pmco,UK,2022,9,L_AgriOther,AgriOther,Emis_UK_AgriOther_9,0
pmco,UK,2022,10,L_AgriOther,AgriOther,Emis_UK_AgriOther_10,0
pmco,UK,2022,11,L_AgriOther,AgriOther,Emis_UK_AgriOther_11,0
pmco,UK,2022,12,L_AgriOther,AgriOther,Emis_UK_AgriOther_12,0
pmco,UK,2022,1,M_Other,Other,Emis_UK_Other_1,0.0204412276067767
pmco,UK,2022,2,M_Other,Other,Emis_UK_Other_2,0.0204412276067767
pmco,UK,2022,3,M_Other,Other,Emis_UK_Other_3,0.0204412276067767
pmco,UK,2022,4,M_Other,Other,Emis_UK_Other_4,0.0204412276067767
pmco,UK,2022,5,M_Other,Other,Emis_UK_Other_5,0.0204412276067767
pmco,UK,2022,6,M_Other,Other,Emis_UK_Other_6,0.0204412276067767
pmco,UK,2022,7,M_Other,Other,Emis_UK_Other_7,0.0204412276067767
pmco,UK,2022,8,M_Other,Other,Emis_UK_Other_8,0.0204412276067767
pmco,UK,2022,9,M_Other,Other,Emis_UK_Other_9,0.0204412276067767
pmco,UK,2022,10,M_Other,Other,Emis_UK_Other_10,0.0204412276067767
pmco,UK,2022,11,M_Other,Other,Emis_UK_Other_11,0.0204412276067767
pmco,UK,2022,12,M_Other,Other,Emis_UK_Other_12,0.0204412276067767
pmco,IE,2022,1,A_PublicPower,PublicPower,Emis_IE_PublicPower_1,0.0132904749878144
pmco,IE,2022,2,A_PublicPower,PublicPower,Emis_IE_PublicPower_2,0.0133774220448322
pmco,IE,2022,3,A_PublicPower,PublicPower,Emis_IE_PublicPower_3,0.0117254284262599
pmco,IE,2022,4,A_PublicPower,PublicPower,Emis_IE_PublicPower_4,0.0129799498870634
pmco,IE,2022,5,A_PublicPower,PublicPower,Emis_IE_PublicPower_5,0.0127439507848321
pmco,IE,2022,6,A_PublicPower,PublicPower,Emis_IE_PublicPower_6,0.0115763763377327
pmco,IE,2022,7,A_PublicPower,PublicPower,Emis_IE_PublicPower_7,0.0127439507848321
pmco,IE,2022,8,A_PublicPower,PublicPower,Emis_IE_PublicPower_8,0.0119490064704587
pmco,IE,2022,9,A_PublicPower,PublicPower,Emis_IE_PublicPower_9,0.0108559580966175
pmco,IE,2022,10,A_PublicPower,PublicPower,Emis_IE_PublicPower_10,0.0126818456189721
pmco,IE,2022,11,A_PublicPower,PublicPower,Emis_IE_PublicPower_11,0.0130668971522318
pmco,IE,2022,12,A_PublicPower,PublicPower,Emis_IE_PublicPower_12,0.0120856376057272
pmco,IE,2022,1,B_Industry,Industry,Emis_IE_Industry_1,0.585277356709186
pmco,IE,2022,2,B_Industry,Industry,Emis_IE_Industry_2,0.528989642111383
pmco,IE,2022,3,B_Industry,Industry,Emis_IE_Industry_3,0.585277356709186
pmco,IE,2022,4,B_Industry,Industry,Emis_IE_Industry_4,0.566323330188139
pmco,IE,2022,5,B_Industry,Industry,Emis_IE_Industry_5,0.585277356709186
pmco,IE,2022,6,B_Industry,Industry,Emis_IE_Industry_6,0.566323330188139
pmco,IE,2022,7,B_Industry,Industry,Emis_IE_Industry_7,0.585277356709186
pmco,IE,2022,8,B_Industry,Industry,Emis_IE_Industry_8,0.585277356709186
pmco,IE,2022,9,B_Industry,Industry,Emis_IE_Industry_9,0.566323330188139
pmco,IE,2022,10,B_Industry,Industry,Emis_IE_Industry_10,0.585277356709186
pmco,IE,2022,11,B_Industry,Industry,Emis_IE_Industry_11,0.566323330188139
pmco,IE,2022,12,B_Industry,Industry,Emis_IE_Industry_12,0.585277356709186
pmco,IE,2022,1,C_OtherStationaryComb,OtherStationaryComb,Emis_IE_OtherStationaryComb_1,0.00548495245954218
pmco,IE,2022,2,C_OtherStationaryComb,OtherStationaryComb,Emis_IE_OtherStationaryComb_2,0.00518440711105976
pmco,IE,2022,3,C_OtherStationaryComb,OtherStationaryComb,Emis_IE_OtherStationaryComb_3,0.00462982940929252
pmco,IE,2022,4,C_OtherStationaryComb,OtherStationaryComb,Emis_IE_OtherStationaryComb_4,0.00410387506541348
pmco,IE,2022,5,C_OtherStationaryComb,OtherStationaryComb,Emis_IE_OtherStationaryComb_5,0.00240436272161651
pmco,IE,2022,6,C_OtherStationaryComb,OtherStationaryComb,Emis_IE_OtherStationaryComb_6,0.00209666154018074
pmco,IE,2022,7,C_OtherStationaryComb,OtherStationaryComb,Emis_IE_OtherStationaryComb_7,0.00216821995350881
pmco,IE,2022,8,C_OtherStationaryComb,OtherStationaryComb,Emis_IE_OtherStationaryComb_8,0.00216821995350881
pmco,IE,2022,9,C_OtherStationaryComb,OtherStationaryComb,Emis_IE_OtherStationaryComb_9,0.00209666154018074
pmco,IE,2022,10,C_OtherStationaryComb,OtherStationaryComb,Emis_IE_OtherStationaryComb_10,0.00329526498121154
pmco,IE,2022,11,C_OtherStationaryComb,OtherStationaryComb,Emis_IE_OtherStationaryComb_11,0.00419332308036147
pmco,IE,2022,12,C_OtherStationaryComb,OtherStationaryComb,Emis_IE_OtherStationaryComb_12,0.00510569286106304
pmco,IE,2022,1,D_Fugitive,Fugitive,Emis_IE_Fugitive_1,0.00115032111480832
pmco,IE,2022,2,D_Fugitive,Fugitive,Emis_IE_Fugitive_2,0.00115032111480832
pmco,IE,2022,3,D_Fugitive,Fugitive,Emis_IE_Fugitive_3,0.00115032111480832
pmco,IE,2022,4,D_Fugitive,Fugitive,Emis_IE_Fugitive_4,0.00115032111480832
pmco,IE,2022,5,D_Fugitive,Fugitive,Emis_IE_Fugitive_5,0.00115032111480832
pmco,IE,2022,6,D_Fugitive,Fugitive,Emis_IE_Fugitive_6,0.00115032111480832
pmco,IE,2022,7,D_Fugitive,Fugitive,Emis_IE_Fugitive_7,0.00115032111480832
pmco,IE,2022,8,D_Fugitive,Fugitive,Emis_IE_Fugitive_8,0.00115032111480832
pmco,IE,2022,9,D_Fugitive,Fugitive,Emis_IE_Fugitive_9,0.00115032111480832
pmco,IE,2022,10,D_Fugitive,Fugitive,Emis_IE_Fugitive_10,0.00115032111480832
pmco,IE,2022,11,D_Fugitive,Fugitive,Emis_IE_Fugitive_11,0.00115032111480832
pmco,IE,2022,12,D_Fugitive,Fugitive,Emis_IE_Fugitive_12,0.00115032111480832
pmco,IE,2022,1,E_Solvents,Solvents,Emis_IE_Solvents_1,0.00211820063192809
pmco,IE,2022,2,E_Solvents,Solvents,Emis_IE_Solvents_2,0.00211820063192809
pmco,IE,2022,3,E_Solvents,Solvents,Emis_IE_Solvents_3,0.00211820063192809
pmco,IE,2022,4,E_Solvents,Solvents,Emis_IE_Solvents_4,0.00211820063192809
pmco,IE,2022,5,E_Solvents,Solvents,Emis_IE_Solvents_5,0.00211820063192809
pmco,IE,2022,6,E_Solvents,Solvents,Emis_IE_Solvents_6,0.00211820063192809
pmco,IE,2022,7,E_Solvents,Solvents,Emis_IE_Solvents_7,0.00211820063192809
pmco,IE,2022,8,E_Solvents,Solvents,Emis_IE_Solvents_8,0.00211820063192809
pmco,IE,2022,9,E_Solvents,Solvents,Emis_IE_Solvents_9,0.00211820063192809
pmco,IE,2022,10,E_Solvents,Solvents,Emis_IE_Solvents_10,0.00211820063192809
pmco,IE,2022,11,E_Solvents,Solvents,Emis_IE_Solvents_11,0.00211820063192809
pmco,IE,2022,12,E_Solvents,Solvents,Emis_IE_Solvents_12,0.00211820063192809
pmco,IE,2022,1,F_RoadTransport,RoadTransport,Emis_IE_RoadTransport_1,0.0723149071372687
pmco,IE,2022,2,F_RoadTransport,RoadTransport,Emis_IE_RoadTransport_2,0.0723149071372687
pmco,IE,2022,3,F_RoadTransport,RoadTransport,Emis_IE_RoadTransport_3,0.0723149071372687
pmco,IE,2022,4,F_RoadTransport,RoadTransport,Emis_IE_RoadTransport_4,0.0723149071372687
pmco,IE,2022,5,F_RoadTransport,RoadTransport,Emis_IE_RoadTransport_5,0.0723149071372687
pmco,IE,2022,6,F_RoadTransport,RoadTransport,Emis_IE_RoadTransport_6,0.0723149071372687
pmco,IE,2022,7,F_RoadTransport,RoadTransport,Emis_IE_RoadTransport_7,0.0723149071372687
pmco,IE,2022,8,F_RoadTransport,RoadTransport,Emis_IE_RoadTransport_8,0.0723149071372687
pmco,IE,2022,9,F_RoadTransport,RoadTransport,Emis_IE_RoadTransport_9,0.0723149071372687
pmco,IE,2022,10,F_RoadTransport,RoadTransport,Emis_IE_RoadTransport_10,0.0723149071372687
pmco,IE,2022,11,F_RoadTransport,RoadTransport,Emis_IE_RoadTransport_11,0.0723149071372687
pmco,IE,2022,12,F_RoadTransport,RoadTransport,Emis_IE_RoadTransport_12,0.0723149071372687
pmco,IE,2022,1,G_Shipping,Shipping,Emis_IE_Shipping_1,0.000270148661034432
pmco,IE,2022,2,G_Shipping,Shipping,Emis_IE_Shipping_2,0.000270148661034432
pmco,IE,2022,3,G_Shipping,Shipping,Emis_IE_Shipping_3,0.000270148661034432
pmco,IE,2022,4,G_Shipping,Shipping,Emis_IE_Shipping_4,0.000270148661034432
pmco,IE,2022,5,G_Shipping,Shipping,Emis_IE_Shipping_5,0.000270148661034432
pmco,IE,2022,6,G_Shipping,Shipping,Emis_IE_Shipping_6,0.000270148661034432
pmco,IE,2022,7,G_Shipping,Shipping,Emis_IE_Shipping_7,0.000270148661034432
pmco,IE,2022,8,G_Shipping,Shipping,Emis_IE_Shipping_8,0.000270148661034432
pmco,IE,2022,9,G_Shipping,Shipping,Emis_IE_Shipping_9,0.000270148661034432
pmco,IE,2022,10,G_Shipping,Shipping,Emis_IE_Shipping_10,0.000270148661034432
pmco,IE,2022,11,G_Shipping,Shipping,Emis_IE_Shipping_11,0.000270148661034432
pmco,IE,2022,12,G_Shipping,Shipping,Emis_IE_Shipping_12,0.000270148661034432
pmco,IE,2022,1,H_Aviation,Aviation,Emis_IE_Aviation_1,0
pmco,IE,2022,2,H_Aviation,Aviation,Emis_IE_Aviation_2,0
pmco,IE,2022,3,H_Aviation,Aviation,Emis_IE_Aviation_3,0
pmco,IE,2022,4,H_Aviation,Aviation,Emis_IE_Aviation_4,0
pmco,IE,2022,5,H_Aviation,Aviation,Emis_IE_Aviation_5,0
pmco,IE,2022,6,H_Aviation,Aviation,Emis_IE_Aviation_6,0
pmco,IE,2022,7,H_Aviation,Aviation,Emis_IE_Aviation_7,0
pmco,IE,2022,8,H_Aviation,Aviation,Emis_IE_Aviation_8,0
pmco,IE,2022,9,H_Aviation,Aviation,Emis_IE_Aviation_9,0
pmco,IE,2022,10,H_Aviation,Aviation,Emis_IE_Aviation_10,0
pmco,IE,2022,11,H_Aviation,Aviation,Emis_IE_Aviation_11,0
pmco,IE,2022,12,H_Aviation,Aviation,Emis_IE_Aviation_12,0
pmco,IE,2022,1,I_Offroad,Offroad,Emis_IE_Offroad_1,0.000164228151349049
pmco,IE,2022,2,I_Offroad,Offroad,Emis_IE_Offroad_2,0.000164228151349049
pmco,IE,2022,3,I_Offroad,Offroad,Emis_IE_Offroad_3,0.000164228151349049
pmco,IE,2022,4,I_Offroad,Offroad,Emis_IE_Offroad_4,0.000164228151349049
pmco,IE,2022,5,I_Offroad,Offroad,Emis_IE_Offroad_5,0.000164228151349049
pmco,IE,2022,6,I_Offroad,Offroad,Emis_IE_Offroad_6,0.000164228151349049
pmco,IE,2022,7,I_Offroad,Offroad,Emis_IE_Offroad_7,0.000164228151349049
pmco,IE,2022,8,I_Offroad,Offroad,Emis_IE_Offroad_8,0.000164228151349049
pmco,IE,2022,9,I_Offroad,Offroad,Emis_IE_Offroad_9,0.000164228151349049
pmco,IE,2022,10,I_Offroad,Offroad,Emis_IE_Offroad_10,0.000164228151349049
pmco,IE,2022,11,I_Offroad,Offroad,Emis_IE_Offroad_11,0.000164228151349049
pmco,IE,2022,12,I_Offroad,Offroad,Emis_IE_Offroad_12,0.000164228151349049
pmco,IE,2022,1,J_Waste,Waste,Emis_IE_Waste_1,1.06083536755313e-05
pmco,IE,2022,2,J_Waste,Waste,Emis_IE_Waste_2,1.06083536755313e-05
pmco,IE,2022,3,J_Waste,Waste,Emis_IE_Waste_3,1.06083536755313e-05
pmco,IE,2022,4,J_Waste,Waste,Emis_IE_Waste_4,1.06083536755313e-05
pmco,IE,2022,5,J_Waste,Waste,Emis_IE_Waste_5,1.06083536755313e-05
pmco,IE,2022,6,J_Waste,Waste,Emis_IE_Waste_6,1.06083536755313e-05
pmco,IE,2022,7,J_Waste,Waste,Emis_IE_Waste_7,1.06083536755313e-05
pmco,IE,2022,8,J_Waste,Waste,Emis_IE_Waste_8,1.06083536755313e-05
pmco,IE,2022,9,J_Waste,Waste,Emis_IE_Waste_9,1.06083536755313e-05
pmco,IE,2022,10,J_Waste,Waste,Emis_IE_Waste_10,1.06083536755313e-05
pmco,IE,2022,11,J_Waste,Waste,Emis_IE_Waste_11,1.06083536755313e-05
pmco,IE,2022,12,J_Waste,Waste,Emis_IE_Waste_12,1.06083536755313e-05
pmco,IE,2022,1,K_AgriLivestock,AgriLivestock,Emis_IE_AgriLivestock_1,0.07395737343928
pmco,IE,2022,2,K_AgriLivestock,AgriLivestock,Emis_IE_AgriLivestock_2,0.0796464024124516
pmco,IE,2022,3,K_AgriLivestock,AgriLivestock,Emis_IE_AgriLivestock_3,0.0796464024124516
pmco,IE,2022,4,K_AgriLivestock,AgriLivestock,Emis_IE_AgriLivestock_4,0.0910244595791458
pmco,IE,2022,5,K_AgriLivestock,AgriLivestock,Emis_IE_AgriLivestock_5,0.10240251715675
pmco,IE,2022,6,K_AgriLivestock,AgriLivestock,Emis_IE_AgriLivestock_6,0.113780574565155
pmco,IE,2022,7,K_AgriLivestock,AgriLivestock,Emis_IE_AgriLivestock_7,0.113780574565155
pmco,IE,2022,8,K_AgriLivestock,AgriLivestock,Emis_IE_AgriLivestock_8,0.113780574565155
pmco,IE,2022,9,K_AgriLivestock,AgriLivestock,Emis_IE_AgriLivestock_9,0.10240251715675
pmco,IE,2022,10,K_AgriLivestock,AgriLivestock,Emis_IE_AgriLivestock_10,0.10240251715675
pmco,IE,2022,11,K_AgriLivestock,AgriLivestock,Emis_IE_AgriLivestock_11,0.0853354309445037
pmco,IE,2022,12,K_AgriLivestock,AgriLivestock,Emis_IE_AgriLivestock_12,0.0796464024124516
pmco,IE,2022,1,L_AgriOther,AgriOther,Emis_IE_AgriOther_1,0.0721282904668764
pmco,IE,2022,2,L_AgriOther,AgriOther,Emis_IE_AgriOther_2,0.0776766204952812
pmco,IE,2022,3,L_AgriOther,AgriOther,Emis_IE_AgriOther_3,0.0776766204952812
pmco,IE,2022,4,L_AgriOther,AgriOther,Emis_IE_AgriOther_4,0.0887732805855098
pmco,IE,2022,5,L_AgriOther,AgriOther,Emis_IE_AgriOther_5,0.0998699406440417
pmco,IE,2022,6,L_AgriOther,AgriOther,Emis_IE_AgriOther_6,0.110966600743377
pmco,IE,2022,7,L_AgriOther,AgriOther,Emis_IE_AgriOther_7,0.110966600743377
pmco,IE,2022,8,L_AgriOther,AgriOther,Emis_IE_AgriOther_8,0.110966600743377
pmco,IE,2022,9,L_AgriOther,AgriOther,Emis_IE_AgriOther_9,0.0998699406440417
pmco,IE,2022,10,L_AgriOther,AgriOther,Emis_IE_AgriOther_10,0.0998699406440417
pmco,IE,2022,11,L_AgriOther,AgriOther,Emis_IE_AgriOther_11,0.0832249505421778
pmco,IE,2022,12,L_AgriOther,AgriOther,Emis_IE_AgriOther_12,0.0776766204952812
pmco,IE,2022,1,M_Other,Other,Emis_IE_Other_1,0
pmco,IE,2022,2,M_Other,Other,Emis_IE_Other_2,0
pmco,IE,2022,3,M_Other,Other,Emis_IE_Other_3,0
pmco,IE,2022,4,M_Other,Other,Emis_IE_Other_4,0
pmco,IE,2022,5,M_Other,Other,Emis_IE_Other_5,0
pmco,IE,2022,6,M_Other,Other,Emis_IE_Other_6,0
pmco,IE,2022,7,M_Other,Other,Emis_IE_Other_7,0
pmco,IE,2022,8,M_Other,Other,Emis_IE_Other_8,0
pmco,IE,2022,9,M_Other,Other,Emis_IE_Other_9,0
pmco,IE,2022,10,M_Other,Other,Emis_IE_Other_10,0
pmco,IE,2022,11,M_Other,Other,Emis_IE_Other_11,0
pmco,IE,2022,12,M_Other,Other,Emis_IE_Other_12,0
pmco,SEA,2022,1,A_PublicPower,PublicPower,Emis_SEA_PublicPower_1,8.1972728639812e-07
pmco,SEA,2022,2,A_PublicPower,PublicPower,Emis_SEA_PublicPower_2,7.671719240534e-07
pmco,SEA,2022,3,A_PublicPower,PublicPower,Emis_SEA_PublicPower_3,8.46346254547825e-07
pmco,SEA,2022,4,A_PublicPower,PublicPower,Emis_SEA_PublicPower_4,7.59664006181993e-07
pmco,SEA,2022,5,A_PublicPower,PublicPower,Emis_SEA_PublicPower_5,5.68553566154151e-07
pmco,SEA,2022,6,A_PublicPower,PublicPower,Emis_SEA_PublicPower_6,6.2247400819615e-07
pmco,SEA,2022,7,A_PublicPower,PublicPower,Emis_SEA_PublicPower_7,6.13601029272104e-07
pmco,SEA,2022,8,A_PublicPower,PublicPower,Emis_SEA_PublicPower_8,5.11902972448297e-07
pmco,SEA,2022,9,A_PublicPower,PublicPower,Emis_SEA_PublicPower_9,5.95172522025678e-07
pmco,SEA,2022,10,A_PublicPower,PublicPower,Emis_SEA_PublicPower_10,6.53188201795274e-07
pmco,SEA,2022,11,A_PublicPower,PublicPower,Emis_SEA_PublicPower_11,6.4636282650099e-07
pmco,SEA,2022,12,A_PublicPower,PublicPower,Emis_SEA_PublicPower_12,7.87648043115041e-07
pmco,SEA,2022,1,B_Industry,Industry,Emis_SEA_Industry_1,0.000880662175864272
pmco,SEA,2022,2,B_Industry,Industry,Emis_SEA_Industry_2,0.000795966489428808
pmco,SEA,2022,3,B_Industry,Industry,Emis_SEA_Industry_3,0.000880662175864272
pmco,SEA,2022,4,B_Industry,Industry,Emis_SEA_Industry_4,0.000852142199948304
pmco,SEA,2022,5,B_Industry,Industry,Emis_SEA_Industry_5,0.000880662175864272
pmco,SEA,2022,6,B_Industry,Industry,Emis_SEA_Industry_6,0.000852142199948304
pmco,SEA,2022,7,B_Industry,Industry,Emis_SEA_Industry_7,0.000880662175864272
pmco,SEA,2022,8,B_Industry,Industry,Emis_SEA_Industry_8,0.000880662175864272
pmco,SEA,2022,9,B_Industry,Industry,Emis_SEA_Industry_9,0.000852142199948304
pmco,SEA,2022,10,B_Industry,Industry,Emis_SEA_Industry_10,0.000880662175864272
pmco,SEA,2022,11,B_Industry,Industry,Emis_SEA_Industry_11,0.000852142199948304
pmco,SEA,2022,12,B_Industry,Industry,Emis_SEA_Industry_12,0.000880662175864272
pmco,SEA,2022,1,C_OtherStationaryComb,OtherStationaryComb,Emis_SEA_OtherStationaryComb_1,7.25860619258235e-07
pmco,SEA,2022,2,C_OtherStationaryComb,OtherStationaryComb,Emis_SEA_OtherStationaryComb_2,6.79468495014061e-07
pmco,SEA,2022,3,C_OtherStationaryComb,OtherStationaryComb,Emis_SEA_OtherStationaryComb_3,5.80684387178129e-07
pmco,SEA,2022,4,C_OtherStationaryComb,OtherStationaryComb,Emis_SEA_OtherStationaryComb_4,5.01242943121202e-07
pmco,SEA,2022,5,C_OtherStationaryComb,OtherStationaryComb,Emis_SEA_OtherStationaryComb_5,2.89335143036053e-07
pmco,SEA,2022,6,C_OtherStationaryComb,OtherStationaryComb,Emis_SEA_OtherStationaryComb_6,2.54703069429558e-07
pmco,SEA,2022,7,C_OtherStationaryComb,OtherStationaryComb,Emis_SEA_OtherStationaryComb_7,2.63213759448724e-07
pmco,SEA,2022,8,C_OtherStationaryComb,OtherStationaryComb,Emis_SEA_OtherStationaryComb_8,2.63213759448724e-07
pmco,SEA,2022,9,C_OtherStationaryComb,OtherStationaryComb,Emis_SEA_OtherStationaryComb_9,2.54703069429558e-07
pmco,SEA,2022,10,C_OtherStationaryComb,OtherStationaryComb,Emis_SEA_OtherStationaryComb_10,3.84313286349251e-07
pmco,SEA,2022,11,C_OtherStationaryComb,OtherStationaryComb,Emis_SEA_OtherStationaryComb_11,5.12652252359934e-07
pmco,SEA,2022,12,C_OtherStationaryComb,OtherStationaryComb,Emis_SEA_OtherStationaryComb_12,6.88885460621727e-07
pmco,SEA,2022,1,D_Fugitive,Fugitive,Emis_SEA_Fugitive_1,0
pmco,SEA,2022,2,D_Fugitive,Fugitive,Emis_SEA_Fugitive_2,0
pmco,SEA,2022,3,D_Fugitive,Fugitive,Emis_SEA_Fugitive_3,0
pmco,SEA,2022,4,D_Fugitive,Fugitive,Emis_SEA_Fugitive_4,0
pmco,SEA,2022,5,D_Fugitive,Fugitive,Emis_SEA_Fugitive_5,0
pmco,SEA,2022,6,D_Fugitive,Fugitive,Emis_SEA_Fugitive_6,0
pmco,SEA,2022,7,D_Fugitive,Fugitive,Emis_SEA_Fugitive_7,0
pmco,SEA,2022,8,D_Fugitive,Fugitive,Emis_SEA_Fugitive_8,0
pmco,SEA,2022,9,D_Fugitive,Fugitive,Emis_SEA_Fugitive_9,0
pmco,SEA,2022,10,D_Fugitive,Fugitive,Emis_SEA_Fugitive_10,0
pmco,SEA,2022,11,D_Fugitive,Fugitive,Emis_SEA_Fugitive_11,0
pmco,SEA,2022,12,D_Fugitive,Fugitive,Emis_SEA_Fugitive_12,0
pmco,SEA,2022,1,E_Solvents,Solvents,Emis_SEA_Solvents_1,5.03724140799022e-08
pmco,SEA,2022,2,E_Solvents,Solvents,Emis_SEA_Solvents_2,5.03724140799022e-08
pmco,SEA,2022,3,E_Solvents,Solvents,Emis_SEA_Solvents_3,5.03724140799022e-08
pmco,SEA,2022,4,E_Solvents,Solvents,Emis_SEA_Solvents_4,5.03724140799022e-08
pmco,SEA,2022,5,E_Solvents,Solvents,Emis_SEA_Solvents_5,5.03724140799022e-08
pmco,SEA,2022,6,E_Solvents,Solvents,Emis_SEA_Solvents_6,5.03724140799022e-08
pmco,SEA,2022,7,E_Solvents,Solvents,Emis_SEA_Solvents_7,5.03724140799022e-08
pmco,SEA,2022,8,E_Solvents,Solvents,Emis_SEA_Solvents_8,5.03724140799022e-08
pmco,SEA,2022,9,E_Solvents,Solvents,Emis_SEA_Solvents_9,5.03724140799022e-08
pmco,SEA,2022,10,E_Solvents,Solvents,Emis_SEA_Solvents_10,5.03724140799022e-08
pmco,SEA,2022,11,E_Solvents,Solvents,Emis_SEA_Solvents_11,5.03724140799022e-08
pmco,SEA,2022,12,E_Solvents,Solvents,Emis_SEA_Solvents_12,5.03724140799022e-08
pmco,SEA,2022,1,F_RoadTransport,RoadTransport,Emis_SEA_RoadTransport_1,3.46269189193324e-08
pmco,SEA,2022,2,F_RoadTransport,RoadTransport,Emis_SEA_RoadTransport_2,3.46269189193324e-08
pmco,SEA,2022,3,F_RoadTransport,RoadTransport,Emis_SEA_RoadTransport_3,3.46269189193324e-08
pmco,SEA,2022,4,F_RoadTransport,RoadTransport,Emis_SEA_RoadTransport_4,3.46269189193324e-08
pmco,SEA,2022,5,F_RoadTransport,RoadTransport,Emis_SEA_RoadTransport_5,3.46269189193324e-08
pmco,SEA,2022,6,F_RoadTransport,RoadTransport,Emis_SEA_RoadTransport_6,3.46269189193324e-08
pmco,SEA,2022,7,F_RoadTransport,RoadTransport,Emis_SEA_RoadTransport_7,3.46269189193324e-08
pmco,SEA,2022,8,F_RoadTransport,RoadTransport,Emis_SEA_RoadTransport_8,3.46269189193324e-08
pmco,SEA,2022,9,F_RoadTransport,RoadTransport,Emis_SEA_RoadTransport_9,3.46269189193324e-08
pmco,SEA,2022,10,F_RoadTransport,RoadTransport,Emis_SEA_RoadTransport_10,3.46269189193324e-08
pmco,SEA,2022,11,F_RoadTransport,RoadTransport,Emis_SEA_RoadTransport_11,3.46269189193324e-08
pmco,SEA,2022,12,F_RoadTransport,RoadTransport,Emis_SEA_RoadTransport_12,3.46269189193324e-08
pmco,SEA,2022,1,G_Shipping,Shipping,Emis_SEA_Shipping_1,0.000620714578589041
pmco,SEA,2022,2,G_Shipping,Shipping,Emis_SEA_Shipping_2,0.000620714578589041
pmco,SEA,2022,3,G_Shipping,Shipping,Emis_SEA_Shipping_3,0.000620714578589041
pmco,SEA,2022,4,G_Shipping,Shipping,Emis_SEA_Shipping_4,0.000620714578589041
pmco,SEA,2022,5,G_Shipping,Shipping,Emis_SEA_Shipping_5,0.000620714578589041
pmco,SEA,2022,6,G_Shipping,Shipping,Emis_SEA_Shipping_6,0.000620714578589041
pmco,SEA,2022,7,G_Shipping,Shipping,Emis_SEA_Shipping_7,0.000620714578589041
pmco,SEA,2022,8,G_Shipping,Shipping,Emis_SEA_Shipping_8,0.000620714578589041
pmco,SEA,2022,9,G_Shipping,Shipping,Emis_SEA_Shipping_9,0.000620714578589041
pmco,SEA,2022,10,G_Shipping,Shipping,Emis_SEA_Shipping_10,0.000620714578589041
pmco,SEA,2022,11,G_Shipping,Shipping,Emis_SEA_Shipping_11,0.000620714578589041
pmco,SEA,2022,12,G_Shipping,Shipping,Emis_SEA_Shipping_12,0.000620714578589041
pmco,SEA,2022,1,H_Aviation,Aviation,Emis_SEA_Aviation_1,0
pmco,SEA,2022,2,H_Aviation,Aviation,Emis_SEA_Aviation_2,0
pmco,SEA,2022,3,H_Aviation,Aviation,Emis_SEA_Aviation_3,0
pmco,SEA,2022,4,H_Aviation,Aviation,Emis_SEA_Aviation_4,0
pmco,SEA,2022,5,H_Aviation,Aviation,Emis_SEA_Aviation_5,0
pmco,SEA,2022,6,H_Aviation,Aviation,Emis_SEA_Aviation_6,0
pmco,SEA,2022,7,H_Aviation,Aviation,Emis_SEA_Aviation_7,0
pmco,SEA,2022,8,H_Aviation,Aviation,Emis_SEA_Aviation_8,0
pmco,SEA,2022,9,H_Aviation,Aviation,Emis_SEA_Aviation_9,0
pmco,SEA,2022,10,H_Aviation,Aviation,Emis_SEA_Aviation_10,0
pmco,SEA,2022,11,H_Aviation,Aviation,Emis_SEA_Aviation_11,0
pmco,SEA,2022,12,H_Aviation,Aviation,Emis_SEA_Aviation_12,0
pmco,SEA,2022,1,I_Offroad,Offroad,Emis_SEA_Offroad_1,0.00269944420735105
pmco,SEA,2022,2,I_Offroad,Offroad,Emis_SEA_Offroad_2,0.00269944420735105
pmco,SEA,2022,3,I_Offroad,Offroad,Emis_SEA_Offroad_3,0.00269944420735105
pmco,SEA,2022,4,I_Offroad,Offroad,Emis_SEA_Offroad_4,0.00269944420735105
pmco,SEA,2022,5,I_Offroad,Offroad,Emis_SEA_Offroad_5,0.00269944420735105
pmco,SEA,2022,6,I_Offroad,Offroad,Emis_SEA_Offroad_6,0.00269944420735105
pmco,SEA,2022,7,I_Offroad,Offroad,Emis_SEA_Offroad_7,0.00269944420735105
pmco,SEA,2022,8,I_Offroad,Offroad,Emis_SEA_Offroad_8,0.00269944420735105
pmco,SEA,2022,9,I_Offroad,Offroad,Emis_SEA_Offroad_9,0.00269944420735105
pmco,SEA,2022,10,I_Offroad,Offroad,Emis_SEA_Offroad_10,0.00269944420735105
pmco,SEA,2022,11,I_Offroad,Offroad,Emis_SEA_Offroad_11,0.00269944420735105
pmco,SEA,2022,12,I_Offroad,Offroad,Emis_SEA_Offroad_12,0.00269944420735105
pmco,SEA,2022,1,J_Waste,Waste,Emis_SEA_Waste_1,3.40281387659402e-07
pmco,SEA,2022,2,J_Waste,Waste,Emis_SEA_Waste_2,3.40281387659402e-07
pmco,SEA,2022,3,J_Waste,Waste,Emis_SEA_Waste_3,3.40281387659402e-07
pmco,SEA,2022,4,J_Waste,Waste,Emis_SEA_Waste_4,3.40281387659402e-07
pmco,SEA,2022,5,J_Waste,Waste,Emis_SEA_Waste_5,3.40281387659402e-07
pmco,SEA,2022,6,J_Waste,Waste,Emis_SEA_Waste_6,3.40281387659402e-07
pmco,SEA,2022,7,J_Waste,Waste,Emis_SEA_Waste_7,3.40281387659402e-07
pmco,SEA,2022,8,J_Waste,Waste,Emis_SEA_Waste_8,3.40281387659402e-07
pmco,SEA,2022,9,J_Waste,Waste,Emis_SEA_Waste_9,3.40281387659402e-07
pmco,SEA,2022,10,J_Waste,Waste,Emis_SEA_Waste_10,3.40281387659402e-07
pmco,SEA,2022,11,J_Waste,Waste,Emis_SEA_Waste_11,3.40281387659402e-07
pmco,SEA,2022,12,J_Waste,Waste,Emis_SEA_Waste_12,3.40281387659402e-07
pmco,SEA,2022,1,K_AgriLivestock,AgriLivestock,Emis_SEA_AgriLivestock_1,7.79166799780739e-06
pmco,SEA,2022,2,K_AgriLivestock,AgriLivestock,Emis_SEA_AgriLivestock_2,8.39102710267525e-06
pmco,SEA,2022,3,K_AgriLivestock,AgriLivestock,Emis_SEA_AgriLivestock_3,8.39102710267525e-06
pmco,SEA,2022,4,K_AgriLivestock,AgriLivestock,Emis_SEA_AgriLivestock_4,9.58974532220935e-06
pmco,SEA,2022,5,K_AgriLivestock,AgriLivestock,Emis_SEA_AgriLivestock_5,1.07884633919255e-05
pmco,SEA,2022,6,K_AgriLivestock,AgriLivestock,Emis_SEA_AgriLivestock_6,1.19871814053596e-05
pmco,SEA,2022,7,K_AgriLivestock,AgriLivestock,Emis_SEA_AgriLivestock_7,1.19871814053596e-05
pmco,SEA,2022,8,K_AgriLivestock,AgriLivestock,Emis_SEA_AgriLivestock_8,1.19871814053596e-05
pmco,SEA,2022,9,K_AgriLivestock,AgriLivestock,Emis_SEA_AgriLivestock_9,1.07884633919255e-05
pmco,SEA,2022,10,K_AgriLivestock,AgriLivestock,Emis_SEA_AgriLivestock_10,1.07884633919255e-05
pmco,SEA,2022,11,K_AgriLivestock,AgriLivestock,Emis_SEA_AgriLivestock_11,8.99038609591685e-06
pmco,SEA,2022,12,K_AgriLivestock,AgriLivestock,Emis_SEA_AgriLivestock_12,8.39102710267525e-06
pmco,SEA,2022,1,L_AgriOther,AgriOther,Emis_SEA_AgriOther_1,1.57822108803885e-08
pmco,SEA,2022,2,L_AgriOther,AgriOther,Emis_SEA_AgriOther_2,1.69962271865387e-08
pmco,SEA,2022,3,L_AgriOther,AgriOther,Emis_SEA_AgriOther_3,1.69962271865387e-08
pmco,SEA,2022,4,L_AgriOther,AgriOther,Emis_SEA_AgriOther_4,1.94242599658168e-08
pmco,SEA,2022,5,L_AgriOther,AgriOther,Emis_SEA_AgriOther_5,2.18522917823094e-08
pmco,SEA,2022,6,L_AgriOther,AgriOther,Emis_SEA_AgriOther_6,2.42803245029677e-08
pmco,SEA,2022,7,L_AgriOther,AgriOther,Emis_SEA_AgriOther_7,2.42803245029677e-08
pmco,SEA,2022,8,L_AgriOther,AgriOther,Emis_SEA_AgriOther_8,2.42803245029677e-08
pmco,SEA,2022,9,L_AgriOther,AgriOther,Emis_SEA_AgriOther_9,2.18522917823094e-08
pmco,SEA,2022,10,L_AgriOther,AgriOther,Emis_SEA_AgriOther_10,2.18522917823094e-08
pmco,SEA,2022,11,L_AgriOther,AgriOther,Emis_SEA_AgriOther_11,1.82102435495324e-08
pmco,SEA,2022,12,L_AgriOther,AgriOther,Emis_SEA_AgriOther_12,1.69962271865387e-08
pmco,SEA,2022,1,M_Other,Other,Emis_SEA_Other_1,6.47884024829182e-09
pmco,SEA,2022,2,M_Other,Other,Emis_SEA_Other_2,6.47884024829182e-09
pmco,SEA,2022,3,M_Other,Other,Emis_SEA_Other_3,6.47884024829182e-09
pmco,SEA,2022,4,M_Other,Other,Emis_SEA_Other_4,6.47884024829182e-09
pmco,SEA,2022,5,M_Other,Other,Emis_SEA_Other_5,6.47884024829182e-09
pmco,SEA,2022,6,M_Other,Other,Emis_SEA_Other_6,6.47884024829182e-09
pmco,SEA,2022,7,M_Other,Other,Emis_SEA_Other_7,6.47884024829182e-09
pmco,SEA,2022,8,M_Other,Other,Emis_SEA_Other_8,6.47884024829182e-09
pmco,SEA,2022,9,M_Other,Other,Emis_SEA_Other_9,6.47884024829182e-09
pmco,SEA,2022,10,M_Other,Other,Emis_SEA_Other_10,6.47884024829182e-09
pmco,SEA,2022,11,M_Other,Other,Emis_SEA_Other_11,6.47884024829182e-09
pmco,SEA,2022,12,M_Other,Other,Emis_SEA_Other_12,6.47884024829182e-09
